{
  "colors": {
    "1": {
      "alias": "ABC",
      "color": "#70ecff51"
    },
    "2": {
      "alias": "",
      "color": "#70b0ff51"
    },
    "3": {
      "alias": "",
      "color": "#8a70ff51"
    },
    "4": {
      "alias": "DEF",
      "color": "#ff70ea51"
    },
    "5": {
      "alias": "",
      "color": "#ff707051"
    },
    "6": {
      "alias": "",
      "color": "#fffe7051"
    },
    "7": {
      "alias": "GHI",
      "color": "#76ff7051"
    },
    "8": {
      "alias": "",
      "color": "#76ff7051"
    },
    "9": {
      "alias": "",
      "color": "#76ff7051"
    },
    "10": {
      "alias": "",
      "color": "#76ff7051"
    },
    "999": {
      "alias": "",
      "color": "#0000003d"
    }
  },
  "dateRange": {
    "startDate": "2025-06-01",
    "endDate": "2026-06-27"
  },
  "columns": [
    {
      "columnId": "no",
      "columnName": "No",
      "width": 37,
      "resizable": false,
      "visible": true,
      "defaultColumnName": "No",
      "shouldTranslate": true
    },
    {
      "columnId": "displayName",
      "columnName": "DisplayName",
      "width": 246,
      "resizable": true,
      "reorderable": true,
      "visible": true,
      "defaultColumnName": "DisplayName",
      "shouldTranslate": true
    },
    {
      "columnId": "color",
      "columnName": "Color",
      "width": 50,
      "resizable": true,
      "reorderable": true,
      "visible": true,
      "defaultColumnName": "Color",
      "shouldTranslate": true
    },
    {
      "columnId": "plannedStartDate",
      "columnName": "PlanS",
      "width": 50,
      "resizable": true,
      "reorderable": true,
      "visible": true,
      "defaultColumnName": "PlanS",
      "shouldTranslate": true
    },
    {
      "columnId": "plannedEndDate",
      "columnName": "PlanE",
      "width": 50,
      "resizable": true,
      "reorderable": true,
      "visible": true,
      "defaultColumnName": "PlanE",
      "shouldTranslate": true
    },
    {
      "columnId": "plannedDays",
      "columnName": "Days",
      "width": 40,
      "resizable": true,
      "reorderable": true,
      "visible": true,
      "defaultColumnName": "Days",
      "shouldTranslate": true
    },
    {
      "columnId": "actualStartDate",
      "columnName": "ActS",
      "width": 50,
      "resizable": true,
      "reorderable": true,
      "visible": false,
      "defaultColumnName": "ActS",
      "shouldTranslate": true
    },
    {
      "columnId": "actualEndDate",
      "columnName": "ActE",
      "width": 50,
      "resizable": true,
      "reorderable": true,
      "visible": false,
      "defaultColumnName": "ActE",
      "shouldTranslate": true
    },
    {
      "columnId": "progress",
      "columnName": "Prog",
      "width": 50,
      "resizable": true,
      "reorderable": true,
      "visible": false,
      "defaultColumnName": "Prog",
      "shouldTranslate": true
    },
    {
      "columnId": "dependency",
      "columnName": "Dep",
      "width": 60,
      "resizable": true,
      "reorderable": true,
      "visible": true,
      "defaultColumnName": "Dep",
      "shouldTranslate": true
    },
    {
      "columnId": "textColumn1",
      "columnName": "Text1",
      "width": 50,
      "resizable": true,
      "reorderable": true,
      "visible": false,
      "defaultColumnName": "Text1",
      "shouldTranslate": true
    },
    {
      "columnId": "textColumn2",
      "columnName": "Text2",
      "width": 50,
      "resizable": true,
      "reorderable": true,
      "visible": false,
      "defaultColumnName": "Text2",
      "shouldTranslate": true
    },
    {
      "columnId": "textColumn3",
      "columnName": "Text3",
      "width": 50,
      "resizable": true,
      "reorderable": true,
      "visible": false,
      "defaultColumnName": "Text3",
      "shouldTranslate": true
    },
    {
      "columnId": "isIncludeHolidays",
      "columnName": "IncHol",
      "width": 50,
      "resizable": true,
      "reorderable": true,
      "visible": true,
      "defaultColumnName": "IncHol",
      "shouldTranslate": true
    }
  ],
  "data": {
    "b14c11eb-ae69-42c0-9203-9a179c5cb7f2": {
      "no": 1,
      "id": "b14c11eb-ae69-42c0-9203-9a179c5cb7f2",
      "rowType": "Separator",
      "displayName": "Pre-Launch Strategy",
      "isCollapsed": false,
      "minStartDate": "",
      "maxEndDate": "",
      "level": 0
    },
    "f499835e-b87e-47bd-b5a1-e15756f148b8": {
      "no": 2,
      "id": "f499835e-b87e-47bd-b5a1-e15756f148b8",
      "rowType": "Separator",
      "displayName": "Market Research",
      "isCollapsed": false,
      "minStartDate": "2025-06-09",
      "maxEndDate": "2025-07-04",
      "level": 1
    },
    "a83aca86-a6b4-4ae7-98b0-650e1cac5d1d": {
      "no": 3,
      "id": "a83aca86-a6b4-4ae7-98b0-650e1cac5d1d",
      "displayName": "Conduct competitor analysis",
      "rowType": "Chart",
      "textColumn1": "",
      "textColumn2": "",
      "textColumn3": "",
      "color": "ABC",
      "plannedStartDate": "2025/6/9",
      "plannedEndDate": "2025/6/13\r",
      "plannedDays": 5,
      "actualStartDate": "",
      "actualEndDate": "",
      "progress": "",
      "dependentId": "",
      "dependency": "",
      "isIncludeHolidays": false
    },
    "5e0d8c1d-e14d-4337-bb96-4f27e9007ac7": {
      "no": 4,
      "id": "5e0d8c1d-e14d-4337-bb96-4f27e9007ac7",
      "displayName": "Define target audience",
      "rowType": "Chart",
      "textColumn1": "",
      "textColumn2": "",
      "textColumn3": "",
      "color": "ABC",
      "plannedStartDate": "2025/6/16",
      "plannedEndDate": "2025/6/20\r",
      "plannedDays": 4,
      "actualStartDate": "",
      "actualEndDate": "",
      "progress": "",
      "dependentId": "",
      "dependency": "",
      "isIncludeHolidays": false
    },
    "031f5c6e-95a3-4d94-b701-d24c580364e4": {
      "no": 5,
      "id": "031f5c6e-95a3-4d94-b701-d24c580364e4",
      "displayName": "Create user personas",
      "rowType": "Chart",
      "textColumn1": "",
      "textColumn2": "",
      "textColumn3": "",
      "color": "ABC",
      "plannedStartDate": "2025/6/23",
      "plannedEndDate": "2025/6/27\r",
      "plannedDays": 5,
      "actualStartDate": "",
      "actualEndDate": "",
      "progress": "",
      "dependentId": "",
      "dependency": "",
      "isIncludeHolidays": false
    },
    "808b1ef1-5e5e-4c45-8862-5798962ffd35": {
      "no": 6,
      "id": "808b1ef1-5e5e-4c45-8862-5798962ffd35",
      "displayName": "Validate product-market fit",
      "rowType": "Chart",
      "textColumn1": "",
      "textColumn2": "",
      "textColumn3": "",
      "color": "ABC",
      "plannedStartDate": "2025/6/30",
      "plannedEndDate": "2025/7/4\r",
      "plannedDays": 4,
      "actualStartDate": "",
      "actualEndDate": "",
      "progress": "",
      "dependentId": "",
      "dependency": "",
      "isIncludeHolidays": false
    },
    "a173e0e0-6849-40ab-afe8-68584db3b07f": {
      "no": 7,
      "id": "a173e0e0-6849-40ab-afe8-68584db3b07f",
      "rowType": "Separator",
      "displayName": "Go-to-Market Planning",
      "isCollapsed": false,
      "minStartDate": "2025-07-07",
      "maxEndDate": "2025-08-01",
      "level": 1
    },
    "fde034d2-4a6d-4aa8-bde5-fb80bcc0171d": {
      "no": 8,
      "id": "fde034d2-4a6d-4aa8-bde5-fb80bcc0171d",
      "displayName": "Develop pricing strategy",
      "rowType": "Chart",
      "textColumn1": "",
      "textColumn2": "",
      "textColumn3": "",
      "color": "ABC",
      "plannedStartDate": "2025/7/7",
      "plannedEndDate": "2025/7/11\r",
      "plannedDays": 5,
      "actualStartDate": "",
      "actualEndDate": "",
      "progress": "",
      "dependentId": "",
      "dependency": "",
      "isIncludeHolidays": false
    },
    "66bdd9c5-56f6-4c7c-a06a-a9f46d953883": {
      "no": 9,
      "id": "66bdd9c5-56f6-4c7c-a06a-a9f46d953883",
      "displayName": "Create launch timeline",
      "rowType": "Chart",
      "textColumn1": "",
      "textColumn2": "",
      "textColumn3": "",
      "color": "ABC",
      "plannedStartDate": "2025/7/14",
      "plannedEndDate": "2025/7/18\r",
      "plannedDays": 5,
      "actualStartDate": "",
      "actualEndDate": "",
      "progress": "",
      "dependentId": "",
      "dependency": "",
      "isIncludeHolidays": false
    },
    "e2535bba-7d78-4815-9c12-6c212436ac6c": {
      "no": 10,
      "id": "e2535bba-7d78-4815-9c12-6c212436ac6c",
      "displayName": "Define success metrics",
      "rowType": "Chart",
      "textColumn1": "",
      "textColumn2": "",
      "textColumn3": "",
      "color": "ABC",
      "plannedStartDate": "2025/7/21",
      "plannedEndDate": "2025/7/25\r",
      "plannedDays": 5,
      "actualStartDate": "",
      "actualEndDate": "",
      "progress": "",
      "dependentId": "",
      "dependency": "",
      "isIncludeHolidays": false
    },
    "a548cc9f-4d6c-48ea-a376-2d33e2038e2e": {
      "no": 11,
      "id": "a548cc9f-4d6c-48ea-a376-2d33e2038e2e",
      "displayName": "Prepare launch budget",
      "rowType": "Chart",
      "textColumn1": "",
      "textColumn2": "",
      "textColumn3": "",
      "color": "ABC",
      "plannedStartDate": "2025/7/28",
      "plannedEndDate": "2025/8/1\r",
      "plannedDays": 5,
      "actualStartDate": "",
      "actualEndDate": "",
      "progress": "",
      "dependentId": "",
      "dependency": "",
      "isIncludeHolidays": false
    },
    "34916ff8-a245-4215-9da9-07e55af2f562": {
      "no": 12,
      "id": "34916ff8-a245-4215-9da9-07e55af2f562",
      "rowType": "Separator",
      "displayName": "Product Development",
      "isCollapsed": false,
      "minStartDate": "",
      "maxEndDate": "",
      "level": 0
    },
    "6d328c4e-755a-44f4-8c6a-988b22370d9d": {
      "no": 13,
      "id": "6d328c4e-755a-44f4-8c6a-988b22370d9d",
      "rowType": "Separator",
      "displayName": "Final Development",
      "isCollapsed": false,
      "minStartDate": "2025-08-04",
      "maxEndDate": "2025-09-05",
      "level": 1
    },
    "9bd3f3d7-70cd-4bb3-81ba-cd97b227a3a2": {
      "no": 14,
      "id": "9bd3f3d7-70cd-4bb3-81ba-cd97b227a3a2",
      "displayName": "Complete core features",
      "rowType": "Chart",
      "textColumn1": "",
      "textColumn2": "",
      "textColumn3": "",
      "color": "DEF",
      "plannedStartDate": "2025/8/4",
      "plannedEndDate": "2025/8/15\r",
      "plannedDays": 10,
      "actualStartDate": "",
      "actualEndDate": "",
      "progress": "",
      "dependentId": "",
      "dependency": "",
      "isIncludeHolidays": false
    },
    "e67ac73e-49ee-47fa-bfbf-21b10c07abd8": {
      "no": 15,
      "id": "e67ac73e-49ee-47fa-bfbf-21b10c07abd8",
      "displayName": "Implement user feedback",
      "rowType": "Chart",
      "textColumn1": "",
      "textColumn2": "",
      "textColumn3": "",
      "color": "DEF",
      "plannedStartDate": "2025/8/18",
      "plannedEndDate": "2025/8/22\r",
      "plannedDays": 5,
      "actualStartDate": "",
      "actualEndDate": "",
      "progress": "",
      "dependentId": "",
      "dependency": "",
      "isIncludeHolidays": false
    },
    "29677679-0439-4a30-8c8f-59cf407bee07": {
      "no": 16,
      "id": "29677679-0439-4a30-8c8f-59cf407bee07",
      "displayName": "Optimize performance",
      "rowType": "Chart",
      "textColumn1": "",
      "textColumn2": "",
      "textColumn3": "",
      "color": "DEF",
      "plannedStartDate": "2025/8/25",
      "plannedEndDate": "2025/8/29\r",
      "plannedDays": 5,
      "actualStartDate": "",
      "actualEndDate": "",
      "progress": "",
      "dependentId": "",
      "dependency": "",
      "isIncludeHolidays": false
    },
    "f622de9b-42ef-466b-99e7-d6c119b60a4c": {
      "no": 17,
      "id": "f622de9b-42ef-466b-99e7-d6c119b60a4c",
      "displayName": "Conduct security audit",
      "rowType": "Chart",
      "textColumn1": "",
      "textColumn2": "",
      "textColumn3": "",
      "color": "DEF",
      "plannedStartDate": "2025/9/1",
      "plannedEndDate": "2025/9/5\r",
      "plannedDays": 4,
      "actualStartDate": "",
      "actualEndDate": "",
      "progress": "",
      "dependentId": "",
      "dependency": "",
      "isIncludeHolidays": false
    },
    "39777384-6e3d-40ad-b067-c7d3906031c1": {
      "no": 18,
      "id": "39777384-6e3d-40ad-b067-c7d3906031c1",
      "rowType": "Separator",
      "displayName": "Quality Assurance",
      "isCollapsed": false,
      "minStartDate": "2025-09-08",
      "maxEndDate": "2025-10-03",
      "level": 1
    },
    "2a05b2a6-7cc5-4bd9-8905-4b9966db0fc6": {
      "no": 19,
      "id": "2a05b2a6-7cc5-4bd9-8905-4b9966db0fc6",
      "displayName": "Execute test plan",
      "rowType": "Chart",
      "textColumn1": "",
      "textColumn2": "",
      "textColumn3": "",
      "color": "DEF",
      "plannedStartDate": "2025/9/8",
      "plannedEndDate": "2025/9/12\r",
      "plannedDays": 5,
      "actualStartDate": "",
      "actualEndDate": "",
      "progress": "",
      "dependentId": "",
      "dependency": "",
      "isIncludeHolidays": false
    },
    "c8b368e5-3477-4aa0-8079-84ed2bb15035": {
      "no": 20,
      "id": "c8b368e5-3477-4aa0-8079-84ed2bb15035",
      "displayName": "Fix critical bugs",
      "rowType": "Chart",
      "textColumn1": "",
      "textColumn2": "",
      "textColumn3": "",
      "color": "DEF",
      "plannedStartDate": "2025/9/15",
      "plannedEndDate": "2025/9/19\r",
      "plannedDays": 5,
      "actualStartDate": "",
      "actualEndDate": "",
      "progress": "",
      "dependentId": "",
      "dependency": "",
      "isIncludeHolidays": false
    },
    "d17af04e-4e70-48a9-aec7-cf3e4aac9ad6": {
      "no": 21,
      "id": "d17af04e-4e70-48a9-aec7-cf3e4aac9ad6",
      "displayName": "User acceptance testing",
      "rowType": "Chart",
      "textColumn1": "",
      "textColumn2": "",
      "textColumn3": "",
      "color": "ABC",
      "plannedStartDate": "2025/9/22",
      "plannedEndDate": "2025/9/26\r",
      "plannedDays": 5,
      "actualStartDate": "",
      "actualEndDate": "",
      "progress": "",
      "dependentId": "",
      "dependency": "",
      "isIncludeHolidays": false
    },
    "2002e4cc-e89b-4aef-82a7-88c339b4541e": {
      "no": 22,
      "id": "2002e4cc-e89b-4aef-82a7-88c339b4541e",
      "displayName": "Final QA approval",
      "rowType": "Chart",
      "textColumn1": "",
      "textColumn2": "",
      "textColumn3": "",
      "color": "DEF",
      "plannedStartDate": "2025/9/29",
      "plannedEndDate": "2025/10/3\r",
      "plannedDays": 5,
      "actualStartDate": "",
      "actualEndDate": "",
      "progress": "",
      "dependentId": "",
      "dependency": "",
      "isIncludeHolidays": false
    },
    "fbd6b370-f194-4fa1-bbf2-7482edf61b8b": {
      "no": 23,
      "id": "fbd6b370-f194-4fa1-bbf2-7482edf61b8b",
      "rowType": "Separator",
      "displayName": "Marketing & Sales Preparation",
      "isCollapsed": false,
      "minStartDate": "",
      "maxEndDate": "",
      "level": 0
    },
    "da3b3a8b-3acd-41a5-b5ae-6ff1839d16dc": {
      "no": 24,
      "id": "da3b3a8b-3acd-41a5-b5ae-6ff1839d16dc",
      "rowType": "Separator",
      "displayName": "Content Creation",
      "isCollapsed": false,
      "minStartDate": "2025-10-06",
      "maxEndDate": "2025-10-31",
      "level": 1
    },
    "6ec5b58d-4145-42e8-b174-1a800654a12b": {
      "no": 25,
      "id": "6ec5b58d-4145-42e8-b174-1a800654a12b",
      "displayName": "Develop product messaging",
      "rowType": "Chart",
      "textColumn1": "",
      "textColumn2": "",
      "textColumn3": "",
      "color": "GHI",
      "plannedStartDate": "2025/10/6",
      "plannedEndDate": "2025/10/10\r",
      "plannedDays": 5,
      "actualStartDate": "",
      "actualEndDate": "",
      "progress": "",
      "dependentId": "",
      "dependency": "",
      "isIncludeHolidays": false
    },
    "07abff18-3826-4b80-84c6-8345c3e82f95": {
      "no": 26,
      "id": "07abff18-3826-4b80-84c6-8345c3e82f95",
      "displayName": "Create marketing materials",
      "rowType": "Chart",
      "textColumn1": "",
      "textColumn2": "",
      "textColumn3": "",
      "color": "GHI",
      "plannedStartDate": "2025/10/13",
      "plannedEndDate": "2025/10/17\r",
      "plannedDays": 4,
      "actualStartDate": "",
      "actualEndDate": "",
      "progress": "",
      "dependentId": "",
      "dependency": "",
      "isIncludeHolidays": false
    },
    "08b85de2-7b0b-4586-8b71-fb3aad7619c1": {
      "no": 27,
      "id": "08b85de2-7b0b-4586-8b71-fb3aad7619c1",
      "displayName": "Produce demo videos",
      "rowType": "Chart",
      "textColumn1": "",
      "textColumn2": "",
      "textColumn3": "",
      "color": "GHI",
      "plannedStartDate": "2025/10/20",
      "plannedEndDate": "2025/10/24\r",
      "plannedDays": 5,
      "actualStartDate": "",
      "actualEndDate": "",
      "progress": "",
      "dependentId": "",
      "dependency": "",
      "isIncludeHolidays": false
    },
    "d7e1850b-4314-4204-aa83-744b268615ca": {
      "no": 28,
      "id": "d7e1850b-4314-4204-aa83-744b268615ca",
      "displayName": "Write press releases",
      "rowType": "Chart",
      "textColumn1": "",
      "textColumn2": "",
      "textColumn3": "",
      "color": "GHI",
      "plannedStartDate": "2025/10/27",
      "plannedEndDate": "2025/10/31\r",
      "plannedDays": 5,
      "actualStartDate": "",
      "actualEndDate": "",
      "progress": "",
      "dependentId": "",
      "dependency": "",
      "isIncludeHolidays": false
    },
    "b7722ce6-27e4-4d73-8134-1b1c925e88b0": {
      "no": 29,
      "id": "b7722ce6-27e4-4d73-8134-1b1c925e88b0",
      "rowType": "Separator",
      "displayName": "Digital Marketing",
      "isCollapsed": false,
      "minStartDate": "2025-11-03",
      "maxEndDate": "2025-11-28",
      "level": 1
    },
    "f7f141af-514f-4545-bcc8-789122cbe7ad": {
      "no": 30,
      "id": "f7f141af-514f-4545-bcc8-789122cbe7ad",
      "displayName": "Build landing pages",
      "rowType": "Chart",
      "textColumn1": "",
      "textColumn2": "",
      "textColumn3": "",
      "color": "GHI",
      "plannedStartDate": "2025/11/3",
      "plannedEndDate": "2025/11/7\r",
      "plannedDays": 5,
      "actualStartDate": "",
      "actualEndDate": "",
      "progress": "",
      "dependentId": "",
      "dependency": "",
      "isIncludeHolidays": false
    },
    "610b8a53-4cec-4287-ae4a-8445c78bd170": {
      "no": 31,
      "id": "610b8a53-4cec-4287-ae4a-8445c78bd170",
      "displayName": "Set up email campaigns",
      "rowType": "Chart",
      "textColumn1": "",
      "textColumn2": "",
      "textColumn3": "",
      "color": "GHI",
      "plannedStartDate": "2025/11/10",
      "plannedEndDate": "2025/11/14\r",
      "plannedDays": 4,
      "actualStartDate": "",
      "actualEndDate": "",
      "progress": "",
      "dependentId": "",
      "dependency": "",
      "isIncludeHolidays": false
    },
    "dcc1dec6-5440-4b9b-ade9-8bd4f00165c0": {
      "no": 32,
      "id": "dcc1dec6-5440-4b9b-ade9-8bd4f00165c0",
      "displayName": "Create social media content",
      "rowType": "Chart",
      "textColumn1": "",
      "textColumn2": "",
      "textColumn3": "",
      "color": "GHI",
      "plannedStartDate": "2025/11/17",
      "plannedEndDate": "2025/11/21\r",
      "plannedDays": 5,
      "actualStartDate": "",
      "actualEndDate": "",
      "progress": "",
      "dependentId": "",
      "dependency": "",
      "isIncludeHolidays": false
    },
    "48f1ed1d-3f2b-4b73-8b42-800eb936e329": {
      "no": 33,
      "id": "48f1ed1d-3f2b-4b73-8b42-800eb936e329",
      "displayName": "Launch advertising campaigns",
      "rowType": "Chart",
      "textColumn1": "",
      "textColumn2": "",
      "textColumn3": "",
      "color": "GHI",
      "plannedStartDate": "2025/11/24",
      "plannedEndDate": "2025/11/28\r",
      "plannedDays": 4,
      "actualStartDate": "",
      "actualEndDate": "",
      "progress": "",
      "dependentId": "",
      "dependency": "",
      "isIncludeHolidays": false
    },
    "bb7c8878-4e43-46da-92fc-3d21a7bd7a19": {
      "no": 34,
      "id": "bb7c8878-4e43-46da-92fc-3d21a7bd7a19",
      "rowType": "Separator",
      "displayName": "Sales & Customer Success",
      "isCollapsed": false,
      "minStartDate": "",
      "maxEndDate": "",
      "level": 0
    },
    "ed738674-c7bb-42d7-8f5b-08912ba00d4e": {
      "no": 35,
      "id": "ed738674-c7bb-42d7-8f5b-08912ba00d4e",
      "rowType": "Separator",
      "displayName": "Sales Enablement",
      "isCollapsed": false,
      "minStartDate": "2025-12-01",
      "maxEndDate": "2025-12-13",
      "level": 1
    },
    "e0636508-315b-4ecf-879f-1af0aa286e1d": {
      "no": 36,
      "id": "e0636508-315b-4ecf-879f-1af0aa286e1d",
      "displayName": "Train sales team",
      "rowType": "Chart",
      "textColumn1": "",
      "textColumn2": "",
      "textColumn3": "",
      "color": "ABC",
      "plannedStartDate": "2025/12/1",
      "plannedEndDate": "2025/12/3\r",
      "plannedDays": 3,
      "actualStartDate": "",
      "actualEndDate": "",
      "progress": "",
      "dependentId": "",
      "dependency": "",
      "isIncludeHolidays": false
    },
    "888008dc-595d-4f28-94ea-96c126d56112": {
      "no": 37,
      "id": "888008dc-595d-4f28-94ea-96c126d56112",
      "displayName": "Create sales materials",
      "rowType": "Chart",
      "textColumn1": "",
      "textColumn2": "",
      "textColumn3": "",
      "color": "ABC",
      "plannedStartDate": "2025/12/4",
      "plannedEndDate": "2025/12/6\r",
      "plannedDays": 2,
      "actualStartDate": "",
      "actualEndDate": "",
      "progress": "",
      "dependentId": "",
      "dependency": "",
      "isIncludeHolidays": false
    },
    "5abf813b-cc8d-4af9-b647-827ff4712cf8": {
      "no": 38,
      "id": "5abf813b-cc8d-4af9-b647-827ff4712cf8",
      "displayName": "Set up CRM system",
      "rowType": "Chart",
      "textColumn1": "",
      "textColumn2": "",
      "textColumn3": "",
      "color": "ABC",
      "plannedStartDate": "2025/12/9",
      "plannedEndDate": "2025/12/11\r",
      "plannedDays": 3,
      "actualStartDate": "",
      "actualEndDate": "",
      "progress": "",
      "dependentId": "",
      "dependency": "",
      "isIncludeHolidays": false
    },
    "6be6afa5-4f19-401c-817a-d18da45f9a02": {
      "no": 39,
      "id": "6be6afa5-4f19-401c-817a-d18da45f9a02",
      "displayName": "Develop pricing packages",
      "rowType": "Chart",
      "textColumn1": "",
      "textColumn2": "",
      "textColumn3": "",
      "color": "ABC",
      "plannedStartDate": "2025/12/12",
      "plannedEndDate": "2025/12/13\r",
      "plannedDays": 1,
      "actualStartDate": "",
      "actualEndDate": "",
      "progress": "",
      "dependentId": "",
      "dependency": "",
      "isIncludeHolidays": false
    },
    "6ab13d55-3dd6-49d0-8fd6-78c270dec0bf": {
      "no": 40,
      "id": "6ab13d55-3dd6-49d0-8fd6-78c270dec0bf",
      "rowType": "Separator",
      "displayName": "Customer Support",
      "isCollapsed": false,
      "minStartDate": "2025-12-09",
      "maxEndDate": "2025-12-19",
      "level": 1
    },
    "23f7f275-488d-4f0f-bb62-d83b6d310028": {
      "no": 41,
      "id": "23f7f275-488d-4f0f-bb62-d83b6d310028",
      "displayName": "Create help documentation",
      "rowType": "Chart",
      "textColumn1": "",
      "textColumn2": "",
      "textColumn3": "",
      "color": "DEF",
      "plannedStartDate": "2025/12/9",
      "plannedEndDate": "2025/12/13\r",
      "plannedDays": 4,
      "actualStartDate": "",
      "actualEndDate": "",
      "progress": "",
      "dependentId": "",
      "dependency": "",
      "isIncludeHolidays": false
    },
    "1ffc9e8f-3ae2-48ad-854f-fd4eaecf6fad": {
      "no": 42,
      "id": "1ffc9e8f-3ae2-48ad-854f-fd4eaecf6fad",
      "displayName": "Set up support channels",
      "rowType": "Chart",
      "textColumn1": "",
      "textColumn2": "",
      "textColumn3": "",
      "color": "DEF",
      "plannedStartDate": "2025/12/14",
      "plannedEndDate": "2025/12/16\r",
      "plannedDays": 2,
      "actualStartDate": "",
      "actualEndDate": "",
      "progress": "",
      "dependentId": "",
      "dependency": "",
      "isIncludeHolidays": false
    },
    "8b06906e-b15e-4205-9c22-5a8841d261e8": {
      "no": 43,
      "id": "8b06906e-b15e-4205-9c22-5a8841d261e8",
      "displayName": "Train support team",
      "rowType": "Chart",
      "textColumn1": "",
      "textColumn2": "",
      "textColumn3": "",
      "color": "DEF",
      "plannedStartDate": "2025/12/17",
      "plannedEndDate": "2025/12/18\r",
      "plannedDays": 2,
      "actualStartDate": "",
      "actualEndDate": "",
      "progress": "",
      "dependentId": "",
      "dependency": "",
      "isIncludeHolidays": false
    },
    "69fd5b96-7bd5-4337-88a2-0c4c5a49aff1": {
      "no": 44,
      "id": "69fd5b96-7bd5-4337-88a2-0c4c5a49aff1",
      "displayName": "Prepare onboarding flow",
      "rowType": "Chart",
      "textColumn1": "",
      "textColumn2": "",
      "textColumn3": "",
      "color": "DEF",
      "plannedStartDate": "2025/12/19",
      "plannedEndDate": "2025/12/19\r",
      "plannedDays": 1,
      "actualStartDate": "",
      "actualEndDate": "",
      "progress": "",
      "dependentId": "",
      "dependency": "",
      "isIncludeHolidays": false
    },
    "52e887e6-4ad5-438d-a2f2-15eda188906c": {
      "no": 45,
      "id": "52e887e6-4ad5-438d-a2f2-15eda188906c",
      "rowType": "Separator",
      "displayName": "Launch Execution",
      "isCollapsed": false,
      "minStartDate": "",
      "maxEndDate": "",
      "level": 0
    },
    "06dd03c3-ea4f-4a7e-b37e-d81f841a3f08": {
      "no": 46,
      "id": "06dd03c3-ea4f-4a7e-b37e-d81f841a3f08",
      "rowType": "Separator",
      "displayName": "Pre-Launch Activities",
      "isCollapsed": false,
      "minStartDate": "2025-12-16",
      "maxEndDate": "2025-12-19",
      "level": 1
    },
    "11730f4f-97c6-4b94-b3e8-8bb5d724dc18": {
      "no": 47,
      "id": "11730f4f-97c6-4b94-b3e8-8bb5d724dc18",
      "displayName": "Beta user outreach",
      "rowType": "Chart",
      "textColumn1": "",
      "textColumn2": "",
      "textColumn3": "",
      "color": "ABC",
      "plannedStartDate": "2025/12/16",
      "plannedEndDate": "2025/12/17\r",
      "plannedDays": 2,
      "actualStartDate": "",
      "actualEndDate": "",
      "progress": "",
      "dependentId": "",
      "dependency": "",
      "isIncludeHolidays": false
    },
    "c70f86eb-aaa3-42f7-8f44-639b96db2e5b": {
      "no": 48,
      "id": "c70f86eb-aaa3-42f7-8f44-639b96db2e5b",
      "displayName": "Press and media outreach",
      "rowType": "Chart",
      "textColumn1": "",
      "textColumn2": "",
      "textColumn3": "",
      "color": "GHI",
      "plannedStartDate": "2025/12/18",
      "plannedEndDate": "2025/12/18\r",
      "plannedDays": 1,
      "actualStartDate": "",
      "actualEndDate": "",
      "progress": "",
      "dependentId": "",
      "dependency": "",
      "isIncludeHolidays": false
    },
    "c7eac46f-7357-4b86-847f-4ae86681e56c": {
      "no": 49,
      "id": "c7eac46f-7357-4b86-847f-4ae86681e56c",
      "displayName": "Influencer partnerships",
      "rowType": "Chart",
      "textColumn1": "",
      "textColumn2": "",
      "textColumn3": "",
      "color": "GHI",
      "plannedStartDate": "2025/12/19",
      "plannedEndDate": "2025/12/19\r",
      "plannedDays": 1,
      "actualStartDate": "",
      "actualEndDate": "",
      "progress": "",
      "dependentId": "",
      "dependency": "",
      "isIncludeHolidays": false
    },
    "d78fbbd8-8067-4e6e-9194-d5726fd3566a": {
      "no": 50,
      "id": "d78fbbd8-8067-4e6e-9194-d5726fd3566a",
      "displayName": "Final system checks",
      "rowType": "Chart",
      "textColumn1": "",
      "textColumn2": "",
      "textColumn3": "",
      "color": "DEF",
      "plannedStartDate": "2025/12/19",
      "plannedEndDate": "2025/12/19\r",
      "plannedDays": 1,
      "actualStartDate": "",
      "actualEndDate": "",
      "progress": "",
      "dependentId": "",
      "dependency": "",
      "isIncludeHolidays": false
    },
    "6135289b-3443-4120-b5a9-1c03b23aacd6": {
      "no": 51,
      "id": "6135289b-3443-4120-b5a9-1c03b23aacd6",
      "rowType": "Separator",
      "displayName": "Launch Day",
      "isCollapsed": false,
      "minStartDate": "2025-12-22",
      "maxEndDate": "2025-12-22",
      "level": 0
    },
    "73811240-7fcd-42e3-844a-624941ccea21": {
      "no": 52,
      "id": "73811240-7fcd-42e3-844a-624941ccea21",
      "displayName": "Product release",
      "rowType": "Chart",
      "textColumn1": "",
      "textColumn2": "",
      "textColumn3": "",
      "color": "DEF",
      "plannedStartDate": "2025/12/22",
      "plannedEndDate": "2025/12/22",
      "plannedDays": 1,
      "actualStartDate": "",
      "actualEndDate": "",
      "progress": "",
      "dependentId": "",
      "dependency": "",
      "isIncludeHolidays": false
    },
    "2d2d3b7f-6094-45ac-8764-bb7f5d3478d3": {
      "no": 53,
      "id": "2d2d3b7f-6094-45ac-8764-bb7f5d3478d3",
      "displayName": "Monitor system performance",
      "rowType": "Chart",
      "textColumn1": "",
      "textColumn2": "",
      "textColumn3": "",
      "color": "DEF",
      "plannedStartDate": "2025/12/22",
      "plannedEndDate": "2025/12/22",
      "plannedDays": 1,
      "actualStartDate": "",
      "actualEndDate": "",
      "progress": "",
      "dependentId": "",
      "dependency": "",
      "isIncludeHolidays": false
    },
    "8378dd1b-a738-464e-a037-0645a293aa8f": {
      "no": 54,
      "id": "8378dd1b-a738-464e-a037-0645a293aa8f",
      "displayName": "Execute PR campaign",
      "rowType": "Chart",
      "textColumn1": "",
      "textColumn2": "",
      "textColumn3": "",
      "color": "GHI",
      "plannedStartDate": "2025/12/22",
      "plannedEndDate": "2025/12/22",
      "plannedDays": 1,
      "actualStartDate": "",
      "actualEndDate": "",
      "progress": "",
      "dependentId": "",
      "dependency": "",
      "isIncludeHolidays": false
    },
    "838d19e6-08f5-41e0-92ef-7fbaa12ce03e": {
      "no": 55,
      "id": "838d19e6-08f5-41e0-92ef-7fbaa12ce03e",
      "displayName": "Customer support readiness",
      "rowType": "Chart",
      "textColumn1": "",
      "textColumn2": "",
      "textColumn3": "",
      "color": "ABC",
      "plannedStartDate": "2025/12/22",
      "plannedEndDate": "2025/12/22",
      "plannedDays": 1,
      "actualStartDate": "",
      "actualEndDate": "",
      "progress": "",
      "dependentId": "",
      "dependency": "",
      "isIncludeHolidays": false
    },
    "f418416d-6ac8-431f-bb0c-40f73f9fccc0": {
      "no": 56,
      "id": "f418416d-6ac8-431f-bb0c-40f73f9fccc0",
      "displayName": "",
      "rowType": "Chart",
      "textColumn1": "",
      "textColumn2": "",
      "textColumn3": "",
      "color": "",
      "plannedStartDate": "",
      "plannedEndDate": "",
      "plannedDays": null,
      "actualStartDate": "",
      "actualEndDate": "",
      "progress": "",
      "dependentId": "",
      "dependency": "",
      "isIncludeHolidays": false
    },
    "b1748d2b-3208-4d46-829e-f3767d9566d1": {
      "no": 57,
      "id": "b1748d2b-3208-4d46-829e-f3767d9566d1",
      "displayName": "",
      "rowType": "Chart",
      "textColumn1": "",
      "textColumn2": "",
      "textColumn3": "",
      "color": "",
      "plannedStartDate": "",
      "plannedEndDate": "",
      "plannedDays": null,
      "actualStartDate": "",
      "actualEndDate": "",
      "progress": "",
      "dependentId": "",
      "dependency": "",
      "isIncludeHolidays": false
    },
    "ff6b1320-9ee6-430a-90d1-ef9bff0045b9": {
      "no": 58,
      "id": "ff6b1320-9ee6-430a-90d1-ef9bff0045b9",
      "displayName": "",
      "rowType": "Chart",
      "textColumn1": "",
      "textColumn2": "",
      "textColumn3": "",
      "color": "",
      "plannedStartDate": "",
      "plannedEndDate": "",
      "plannedDays": null,
      "actualStartDate": "",
      "actualEndDate": "",
      "progress": "",
      "dependentId": "",
      "dependency": "",
      "isIncludeHolidays": false
    },
    "7201bf01-3ae3-4f6a-8b21-0b2ddd65bf5a": {
      "no": 59,
      "id": "7201bf01-3ae3-4f6a-8b21-0b2ddd65bf5a",
      "displayName": "",
      "rowType": "Chart",
      "textColumn1": "",
      "textColumn2": "",
      "textColumn3": "",
      "color": "",
      "plannedStartDate": "",
      "plannedEndDate": "",
      "plannedDays": null,
      "actualStartDate": "",
      "actualEndDate": "",
      "progress": "",
      "dependentId": "",
      "dependency": "",
      "isIncludeHolidays": false
    },
    "ff5f12f4-d952-4a62-b521-a09a9d7f9a04": {
      "no": 60,
      "id": "ff5f12f4-d952-4a62-b521-a09a9d7f9a04",
      "displayName": "",
      "rowType": "Chart",
      "textColumn1": "",
      "textColumn2": "",
      "textColumn3": "",
      "color": "",
      "plannedStartDate": "",
      "plannedEndDate": "",
      "plannedDays": null,
      "actualStartDate": "",
      "actualEndDate": "",
      "progress": "",
      "dependentId": "",
      "dependency": "",
      "isIncludeHolidays": false
    },
    "52c37916-5b8a-4fc9-85d3-9b5cfe47b028": {
      "no": 61,
      "id": "52c37916-5b8a-4fc9-85d3-9b5cfe47b028",
      "displayName": "",
      "rowType": "Chart",
      "textColumn1": "",
      "textColumn2": "",
      "textColumn3": "",
      "color": "",
      "plannedStartDate": "",
      "plannedEndDate": "",
      "plannedDays": null,
      "actualStartDate": "",
      "actualEndDate": "",
      "progress": "",
      "dependentId": "",
      "dependency": "",
      "isIncludeHolidays": false
    },
    "6da736af-2fd6-49d7-ad16-dfb9bfa720df": {
      "no": 62,
      "id": "6da736af-2fd6-49d7-ad16-dfb9bfa720df",
      "displayName": "",
      "rowType": "Chart",
      "textColumn1": "",
      "textColumn2": "",
      "textColumn3": "",
      "color": "",
      "plannedStartDate": "",
      "plannedEndDate": "",
      "plannedDays": null,
      "actualStartDate": "",
      "actualEndDate": "",
      "progress": "",
      "dependentId": "",
      "dependency": "",
      "isIncludeHolidays": false
    },
    "06211924-ec6a-4a99-a3f1-a8ef41cb8eb2": {
      "no": 63,
      "id": "06211924-ec6a-4a99-a3f1-a8ef41cb8eb2",
      "displayName": "",
      "rowType": "Chart",
      "textColumn1": "",
      "textColumn2": "",
      "textColumn3": "",
      "color": "",
      "plannedStartDate": "",
      "plannedEndDate": "",
      "plannedDays": null,
      "actualStartDate": "",
      "actualEndDate": "",
      "progress": "",
      "dependentId": "",
      "dependency": "",
      "isIncludeHolidays": false
    },
    "2ced0acb-6ebf-4869-b823-06d2d66c89bd": {
      "no": 64,
      "id": "2ced0acb-6ebf-4869-b823-06d2d66c89bd",
      "displayName": "",
      "rowType": "Chart",
      "textColumn1": "",
      "textColumn2": "",
      "textColumn3": "",
      "color": "",
      "plannedStartDate": "",
      "plannedEndDate": "",
      "plannedDays": null,
      "actualStartDate": "",
      "actualEndDate": "",
      "progress": "",
      "dependentId": "",
      "dependency": "",
      "isIncludeHolidays": false
    },
    "6287e3dd-d2a8-4960-b1a5-257b5cc283b4": {
      "no": 65,
      "id": "6287e3dd-d2a8-4960-b1a5-257b5cc283b4",
      "displayName": "",
      "rowType": "Chart",
      "textColumn1": "",
      "textColumn2": "",
      "textColumn3": "",
      "color": "",
      "plannedStartDate": "",
      "plannedEndDate": "",
      "plannedDays": null,
      "actualStartDate": "",
      "actualEndDate": "",
      "progress": "",
      "dependentId": "",
      "dependency": "",
      "isIncludeHolidays": false
    },
    "a94389c1-a64e-4cb9-9591-10cdbf7bab59": {
      "no": 66,
      "id": "a94389c1-a64e-4cb9-9591-10cdbf7bab59",
      "displayName": "",
      "rowType": "Chart",
      "textColumn1": "",
      "textColumn2": "",
      "textColumn3": "",
      "color": "",
      "plannedStartDate": "",
      "plannedEndDate": "",
      "plannedDays": null,
      "actualStartDate": "",
      "actualEndDate": "",
      "progress": "",
      "dependentId": "",
      "dependency": "",
      "isIncludeHolidays": false
    },
    "67871e44-1b8c-4865-a7bf-686887e8bf0c": {
      "no": 67,
      "id": "67871e44-1b8c-4865-a7bf-686887e8bf0c",
      "displayName": "",
      "rowType": "Chart",
      "textColumn1": "",
      "textColumn2": "",
      "textColumn3": "",
      "color": "",
      "plannedStartDate": "",
      "plannedEndDate": "",
      "plannedDays": null,
      "actualStartDate": "",
      "actualEndDate": "",
      "progress": "",
      "dependentId": "",
      "dependency": "",
      "isIncludeHolidays": false
    },
    "2295373b-bbe1-428f-be1e-5261e5fb5bae": {
      "no": 68,
      "id": "2295373b-bbe1-428f-be1e-5261e5fb5bae",
      "displayName": "",
      "rowType": "Chart",
      "textColumn1": "",
      "textColumn2": "",
      "textColumn3": "",
      "color": "",
      "plannedStartDate": "",
      "plannedEndDate": "",
      "plannedDays": null,
      "actualStartDate": "",
      "actualEndDate": "",
      "progress": "",
      "dependentId": "",
      "dependency": "",
      "isIncludeHolidays": false
    },
    "5a8bb4c3-9471-4611-bf5f-7023da57e68e": {
      "no": 69,
      "id": "5a8bb4c3-9471-4611-bf5f-7023da57e68e",
      "displayName": "",
      "rowType": "Chart",
      "textColumn1": "",
      "textColumn2": "",
      "textColumn3": "",
      "color": "",
      "plannedStartDate": "",
      "plannedEndDate": "",
      "plannedDays": null,
      "actualStartDate": "",
      "actualEndDate": "",
      "progress": "",
      "dependentId": "",
      "dependency": "",
      "isIncludeHolidays": false
    },
    "3a17cb28-a298-43b0-b8f4-eac323ae59fa": {
      "no": 70,
      "id": "3a17cb28-a298-43b0-b8f4-eac323ae59fa",
      "displayName": "",
      "rowType": "Chart",
      "textColumn1": "",
      "textColumn2": "",
      "textColumn3": "",
      "color": "",
      "plannedStartDate": "",
      "plannedEndDate": "",
      "plannedDays": null,
      "actualStartDate": "",
      "actualEndDate": "",
      "progress": "",
      "dependentId": "",
      "dependency": "",
      "isIncludeHolidays": false
    },
    "01a60757-1083-45d3-86e9-aba7bc6c3edb": {
      "no": 71,
      "id": "01a60757-1083-45d3-86e9-aba7bc6c3edb",
      "displayName": "",
      "rowType": "Chart",
      "textColumn1": "",
      "textColumn2": "",
      "textColumn3": "",
      "color": "",
      "plannedStartDate": "",
      "plannedEndDate": "",
      "plannedDays": null,
      "actualStartDate": "",
      "actualEndDate": "",
      "progress": "",
      "dependentId": "",
      "dependency": "",
      "isIncludeHolidays": false
    },
    "9e5fc847-5bb7-4fd6-a3c0-2a547602c0cd": {
      "no": 72,
      "id": "9e5fc847-5bb7-4fd6-a3c0-2a547602c0cd",
      "displayName": "",
      "rowType": "Chart",
      "textColumn1": "",
      "textColumn2": "",
      "textColumn3": "",
      "color": "",
      "plannedStartDate": "",
      "plannedEndDate": "",
      "plannedDays": null,
      "actualStartDate": "",
      "actualEndDate": "",
      "progress": "",
      "dependentId": "",
      "dependency": "",
      "isIncludeHolidays": false
    },
    "82c1c880-8ae1-4974-a1e8-eaad2a75bdd8": {
      "no": 73,
      "id": "82c1c880-8ae1-4974-a1e8-eaad2a75bdd8",
      "displayName": "",
      "rowType": "Chart",
      "textColumn1": "",
      "textColumn2": "",
      "textColumn3": "",
      "color": "",
      "plannedStartDate": "",
      "plannedEndDate": "",
      "plannedDays": null,
      "actualStartDate": "",
      "actualEndDate": "",
      "progress": "",
      "dependentId": "",
      "dependency": "",
      "isIncludeHolidays": false
    },
    "c160fdad-121a-49cc-ac86-d77e68ef30d9": {
      "no": 74,
      "id": "c160fdad-121a-49cc-ac86-d77e68ef30d9",
      "displayName": "",
      "rowType": "Chart",
      "textColumn1": "",
      "textColumn2": "",
      "textColumn3": "",
      "color": "",
      "plannedStartDate": "",
      "plannedEndDate": "",
      "plannedDays": null,
      "actualStartDate": "",
      "actualEndDate": "",
      "progress": "",
      "dependentId": "",
      "dependency": "",
      "isIncludeHolidays": false
    },
    "9342ac2f-6601-46df-b6c6-4ba0e88d1eff": {
      "no": 75,
      "id": "9342ac2f-6601-46df-b6c6-4ba0e88d1eff",
      "displayName": "",
      "rowType": "Chart",
      "textColumn1": "",
      "textColumn2": "",
      "textColumn3": "",
      "color": "",
      "plannedStartDate": "",
      "plannedEndDate": "",
      "plannedDays": null,
      "actualStartDate": "",
      "actualEndDate": "",
      "progress": "",
      "dependentId": "",
      "dependency": "",
      "isIncludeHolidays": false
    },
    "38555b6c-ba1b-4eb0-97d4-7a73addd66a0": {
      "no": 76,
      "id": "38555b6c-ba1b-4eb0-97d4-7a73addd66a0",
      "displayName": "",
      "rowType": "Chart",
      "textColumn1": "",
      "textColumn2": "",
      "textColumn3": "",
      "color": "",
      "plannedStartDate": "",
      "plannedEndDate": "",
      "plannedDays": null,
      "actualStartDate": "",
      "actualEndDate": "",
      "progress": "",
      "dependentId": "",
      "dependency": "",
      "isIncludeHolidays": false
    },
    "f72a2cfe-855a-4b36-9e5b-90a2d08c0562": {
      "no": 77,
      "id": "f72a2cfe-855a-4b36-9e5b-90a2d08c0562",
      "displayName": "",
      "rowType": "Chart",
      "textColumn1": "",
      "textColumn2": "",
      "textColumn3": "",
      "color": "",
      "plannedStartDate": "",
      "plannedEndDate": "",
      "plannedDays": null,
      "actualStartDate": "",
      "actualEndDate": "",
      "progress": "",
      "dependentId": "",
      "dependency": "",
      "isIncludeHolidays": false
    },
    "541348c8-ac00-4fb5-8ba6-4f260f244a1b": {
      "no": 78,
      "id": "541348c8-ac00-4fb5-8ba6-4f260f244a1b",
      "displayName": "",
      "rowType": "Chart",
      "textColumn1": "",
      "textColumn2": "",
      "textColumn3": "",
      "color": "",
      "plannedStartDate": "",
      "plannedEndDate": "",
      "plannedDays": null,
      "actualStartDate": "",
      "actualEndDate": "",
      "progress": "",
      "dependentId": "",
      "dependency": "",
      "isIncludeHolidays": false
    },
    "f504c95d-7605-4621-8138-d8f2150924ba": {
      "no": 79,
      "id": "f504c95d-7605-4621-8138-d8f2150924ba",
      "displayName": "",
      "rowType": "Chart",
      "textColumn1": "",
      "textColumn2": "",
      "textColumn3": "",
      "color": "",
      "plannedStartDate": "",
      "plannedEndDate": "",
      "plannedDays": null,
      "actualStartDate": "",
      "actualEndDate": "",
      "progress": "",
      "dependentId": "",
      "dependency": "",
      "isIncludeHolidays": false
    },
    "3de90ef3-1648-45df-a6e1-6fd50aa7adaf": {
      "no": 80,
      "id": "3de90ef3-1648-45df-a6e1-6fd50aa7adaf",
      "displayName": "",
      "rowType": "Chart",
      "textColumn1": "",
      "textColumn2": "",
      "textColumn3": "",
      "color": "",
      "plannedStartDate": "",
      "plannedEndDate": "",
      "plannedDays": null,
      "actualStartDate": "",
      "actualEndDate": "",
      "progress": "",
      "dependentId": "",
      "dependency": "",
      "isIncludeHolidays": false
    },
    "70819906-9543-4753-904c-44e9b880fc54": {
      "no": 81,
      "id": "70819906-9543-4753-904c-44e9b880fc54",
      "displayName": "",
      "rowType": "Chart",
      "textColumn1": "",
      "textColumn2": "",
      "textColumn3": "",
      "color": "",
      "plannedStartDate": "",
      "plannedEndDate": "",
      "plannedDays": null,
      "actualStartDate": "",
      "actualEndDate": "",
      "progress": "",
      "dependentId": "",
      "dependency": "",
      "isIncludeHolidays": false
    },
    "427ad435-9d13-4bd4-b6a1-a7bd9bda5d87": {
      "no": 82,
      "id": "427ad435-9d13-4bd4-b6a1-a7bd9bda5d87",
      "displayName": "",
      "rowType": "Chart",
      "textColumn1": "",
      "textColumn2": "",
      "textColumn3": "",
      "color": "",
      "plannedStartDate": "",
      "plannedEndDate": "",
      "plannedDays": null,
      "actualStartDate": "",
      "actualEndDate": "",
      "progress": "",
      "dependentId": "",
      "dependency": "",
      "isIncludeHolidays": false
    },
    "659234c0-e948-43d5-823b-5192c23a2c8f": {
      "no": 83,
      "id": "659234c0-e948-43d5-823b-5192c23a2c8f",
      "displayName": "",
      "rowType": "Chart",
      "textColumn1": "",
      "textColumn2": "",
      "textColumn3": "",
      "color": "",
      "plannedStartDate": "",
      "plannedEndDate": "",
      "plannedDays": null,
      "actualStartDate": "",
      "actualEndDate": "",
      "progress": "",
      "dependentId": "",
      "dependency": "",
      "isIncludeHolidays": false
    },
    "abc90b77-765a-4dfa-9eb9-7533ca81bd5a": {
      "no": 84,
      "id": "abc90b77-765a-4dfa-9eb9-7533ca81bd5a",
      "displayName": "",
      "rowType": "Chart",
      "textColumn1": "",
      "textColumn2": "",
      "textColumn3": "",
      "color": "",
      "plannedStartDate": "",
      "plannedEndDate": "",
      "plannedDays": null,
      "actualStartDate": "",
      "actualEndDate": "",
      "progress": "",
      "dependentId": "",
      "dependency": "",
      "isIncludeHolidays": false
    },
    "f5516c7a-514b-4910-b2f2-0101bab273a0": {
      "no": 85,
      "id": "f5516c7a-514b-4910-b2f2-0101bab273a0",
      "displayName": "",
      "rowType": "Chart",
      "textColumn1": "",
      "textColumn2": "",
      "textColumn3": "",
      "color": "",
      "plannedStartDate": "",
      "plannedEndDate": "",
      "plannedDays": null,
      "actualStartDate": "",
      "actualEndDate": "",
      "progress": "",
      "dependentId": "",
      "dependency": "",
      "isIncludeHolidays": false
    },
    "12713520-9318-4165-a5c6-af582219fcd4": {
      "no": 86,
      "id": "12713520-9318-4165-a5c6-af582219fcd4",
      "displayName": "",
      "rowType": "Chart",
      "textColumn1": "",
      "textColumn2": "",
      "textColumn3": "",
      "color": "",
      "plannedStartDate": "",
      "plannedEndDate": "",
      "plannedDays": null,
      "actualStartDate": "",
      "actualEndDate": "",
      "progress": "",
      "dependentId": "",
      "dependency": "",
      "isIncludeHolidays": false
    },
    "a49c6c1f-2756-4ce8-8dc4-2468a7a0a3ba": {
      "no": 87,
      "id": "a49c6c1f-2756-4ce8-8dc4-2468a7a0a3ba",
      "displayName": "",
      "rowType": "Chart",
      "textColumn1": "",
      "textColumn2": "",
      "textColumn3": "",
      "color": "",
      "plannedStartDate": "",
      "plannedEndDate": "",
      "plannedDays": null,
      "actualStartDate": "",
      "actualEndDate": "",
      "progress": "",
      "dependentId": "",
      "dependency": "",
      "isIncludeHolidays": false
    },
    "10dc0409-be6a-435c-a643-0e830d5c5ca0": {
      "no": 88,
      "id": "10dc0409-be6a-435c-a643-0e830d5c5ca0",
      "displayName": "",
      "rowType": "Chart",
      "textColumn1": "",
      "textColumn2": "",
      "textColumn3": "",
      "color": "",
      "plannedStartDate": "",
      "plannedEndDate": "",
      "plannedDays": null,
      "actualStartDate": "",
      "actualEndDate": "",
      "progress": "",
      "dependentId": "",
      "dependency": "",
      "isIncludeHolidays": false
    },
    "ec1146cc-effe-451c-8311-eeb2f75dc99a": {
      "no": 89,
      "id": "ec1146cc-effe-451c-8311-eeb2f75dc99a",
      "displayName": "",
      "rowType": "Chart",
      "textColumn1": "",
      "textColumn2": "",
      "textColumn3": "",
      "color": "",
      "plannedStartDate": "",
      "plannedEndDate": "",
      "plannedDays": null,
      "actualStartDate": "",
      "actualEndDate": "",
      "progress": "",
      "dependentId": "",
      "dependency": "",
      "isIncludeHolidays": false
    },
    "98c8dcf3-eb01-4975-959c-2a6e1655d4be": {
      "no": 90,
      "id": "98c8dcf3-eb01-4975-959c-2a6e1655d4be",
      "displayName": "",
      "rowType": "Chart",
      "textColumn1": "",
      "textColumn2": "",
      "textColumn3": "",
      "color": "",
      "plannedStartDate": "",
      "plannedEndDate": "",
      "plannedDays": null,
      "actualStartDate": "",
      "actualEndDate": "",
      "progress": "",
      "dependentId": "",
      "dependency": "",
      "isIncludeHolidays": false
    },
    "de96584f-6c31-4748-8a7e-a05e3e7bb975": {
      "no": 91,
      "id": "de96584f-6c31-4748-8a7e-a05e3e7bb975",
      "displayName": "",
      "rowType": "Chart",
      "textColumn1": "",
      "textColumn2": "",
      "textColumn3": "",
      "color": "",
      "plannedStartDate": "",
      "plannedEndDate": "",
      "plannedDays": null,
      "actualStartDate": "",
      "actualEndDate": "",
      "progress": "",
      "dependentId": "",
      "dependency": "",
      "isIncludeHolidays": false
    },
    "2580bdf3-5b5e-4a47-86d1-9feca5c01941": {
      "no": 92,
      "id": "2580bdf3-5b5e-4a47-86d1-9feca5c01941",
      "displayName": "",
      "rowType": "Chart",
      "textColumn1": "",
      "textColumn2": "",
      "textColumn3": "",
      "color": "",
      "plannedStartDate": "",
      "plannedEndDate": "",
      "plannedDays": null,
      "actualStartDate": "",
      "actualEndDate": "",
      "progress": "",
      "dependentId": "",
      "dependency": "",
      "isIncludeHolidays": false
    },
    "b31ac67f-c53a-4f3c-9191-237366d5f380": {
      "no": 93,
      "id": "b31ac67f-c53a-4f3c-9191-237366d5f380",
      "displayName": "",
      "rowType": "Chart",
      "textColumn1": "",
      "textColumn2": "",
      "textColumn3": "",
      "color": "",
      "plannedStartDate": "",
      "plannedEndDate": "",
      "plannedDays": null,
      "actualStartDate": "",
      "actualEndDate": "",
      "progress": "",
      "dependentId": "",
      "dependency": "",
      "isIncludeHolidays": false
    },
    "b9ff997f-0dea-4c90-ac34-64f9e02abcab": {
      "no": 94,
      "id": "b9ff997f-0dea-4c90-ac34-64f9e02abcab",
      "displayName": "",
      "rowType": "Chart",
      "textColumn1": "",
      "textColumn2": "",
      "textColumn3": "",
      "color": "",
      "plannedStartDate": "",
      "plannedEndDate": "",
      "plannedDays": null,
      "actualStartDate": "",
      "actualEndDate": "",
      "progress": "",
      "dependentId": "",
      "dependency": "",
      "isIncludeHolidays": false
    },
    "8bcf47b3-c375-4803-bc4e-d879a6f94fac": {
      "no": 95,
      "id": "8bcf47b3-c375-4803-bc4e-d879a6f94fac",
      "displayName": "",
      "rowType": "Chart",
      "textColumn1": "",
      "textColumn2": "",
      "textColumn3": "",
      "color": "",
      "plannedStartDate": "",
      "plannedEndDate": "",
      "plannedDays": null,
      "actualStartDate": "",
      "actualEndDate": "",
      "progress": "",
      "dependentId": "",
      "dependency": "",
      "isIncludeHolidays": false
    },
    "1fa2eceb-cb3d-4fc3-9151-ba426a5a88b0": {
      "no": 96,
      "id": "1fa2eceb-cb3d-4fc3-9151-ba426a5a88b0",
      "displayName": "",
      "rowType": "Chart",
      "textColumn1": "",
      "textColumn2": "",
      "textColumn3": "",
      "color": "",
      "plannedStartDate": "",
      "plannedEndDate": "",
      "plannedDays": null,
      "actualStartDate": "",
      "actualEndDate": "",
      "progress": "",
      "dependentId": "",
      "dependency": "",
      "isIncludeHolidays": false
    },
    "6c008cda-c86c-4f13-bc74-fda57e855cf4": {
      "no": 97,
      "id": "6c008cda-c86c-4f13-bc74-fda57e855cf4",
      "displayName": "",
      "rowType": "Chart",
      "textColumn1": "",
      "textColumn2": "",
      "textColumn3": "",
      "color": "",
      "plannedStartDate": "",
      "plannedEndDate": "",
      "plannedDays": null,
      "actualStartDate": "",
      "actualEndDate": "",
      "progress": "",
      "dependentId": "",
      "dependency": "",
      "isIncludeHolidays": false
    },
    "37cebb25-d536-4d27-b374-4399a5c9601f": {
      "no": 98,
      "id": "37cebb25-d536-4d27-b374-4399a5c9601f",
      "displayName": "",
      "rowType": "Chart",
      "textColumn1": "",
      "textColumn2": "",
      "textColumn3": "",
      "color": "",
      "plannedStartDate": "",
      "plannedEndDate": "",
      "plannedDays": null,
      "actualStartDate": "",
      "actualEndDate": "",
      "progress": "",
      "dependentId": "",
      "dependency": "",
      "isIncludeHolidays": false
    },
    "1755ac4f-cb76-458c-a42d-3d26c84d029b": {
      "no": 99,
      "id": "1755ac4f-cb76-458c-a42d-3d26c84d029b",
      "displayName": "",
      "rowType": "Chart",
      "textColumn1": "",
      "textColumn2": "",
      "textColumn3": "",
      "color": "",
      "plannedStartDate": "",
      "plannedEndDate": "",
      "plannedDays": null,
      "actualStartDate": "",
      "actualEndDate": "",
      "progress": "",
      "dependentId": "",
      "dependency": "",
      "isIncludeHolidays": false
    },
    "43273d21-cfeb-4491-8eec-5f7918041a57": {
      "no": 100,
      "id": "43273d21-cfeb-4491-8eec-5f7918041a57",
      "displayName": "",
      "rowType": "Chart",
      "textColumn1": "",
      "textColumn2": "",
      "textColumn3": "",
      "color": "",
      "plannedStartDate": "",
      "plannedEndDate": "",
      "plannedDays": null,
      "actualStartDate": "",
      "actualEndDate": "",
      "progress": "",
      "dependentId": "",
      "dependency": "",
      "isIncludeHolidays": false
    },
    "bc3d65a3-d30a-47d9-b53a-ff742e9f1eaa": {
      "no": 101,
      "id": "bc3d65a3-d30a-47d9-b53a-ff742e9f1eaa",
      "displayName": "",
      "rowType": "Chart",
      "textColumn1": "",
      "textColumn2": "",
      "textColumn3": "",
      "color": "",
      "plannedStartDate": "",
      "plannedEndDate": "",
      "plannedDays": null,
      "actualStartDate": "",
      "actualEndDate": "",
      "progress": "",
      "dependentId": "",
      "dependency": "",
      "isIncludeHolidays": false
    },
    "61d99a23-87a2-4c83-a0c6-0e85a3d4e1c5": {
      "no": 102,
      "id": "61d99a23-87a2-4c83-a0c6-0e85a3d4e1c5",
      "displayName": "",
      "rowType": "Chart",
      "textColumn1": "",
      "textColumn2": "",
      "textColumn3": "",
      "color": "",
      "plannedStartDate": "",
      "plannedEndDate": "",
      "plannedDays": null,
      "actualStartDate": "",
      "actualEndDate": "",
      "progress": "",
      "dependentId": "",
      "dependency": "",
      "isIncludeHolidays": false
    },
    "352610e1-201c-4802-bef3-78f655be7dfd": {
      "no": 103,
      "id": "352610e1-201c-4802-bef3-78f655be7dfd",
      "displayName": "",
      "rowType": "Chart",
      "textColumn1": "",
      "textColumn2": "",
      "textColumn3": "",
      "color": "",
      "plannedStartDate": "",
      "plannedEndDate": "",
      "plannedDays": null,
      "actualStartDate": "",
      "actualEndDate": "",
      "progress": "",
      "dependentId": "",
      "dependency": "",
      "isIncludeHolidays": false
    },
    "02bc360e-3a4d-442d-8772-ba9eb95d08fa": {
      "no": 104,
      "id": "02bc360e-3a4d-442d-8772-ba9eb95d08fa",
      "displayName": "",
      "rowType": "Chart",
      "textColumn1": "",
      "textColumn2": "",
      "textColumn3": "",
      "color": "",
      "plannedStartDate": "",
      "plannedEndDate": "",
      "plannedDays": null,
      "actualStartDate": "",
      "actualEndDate": "",
      "progress": "",
      "dependentId": "",
      "dependency": "",
      "isIncludeHolidays": false
    },
    "a6a5ba6e-faea-4e54-b342-768cd54a46d5": {
      "no": 105,
      "id": "a6a5ba6e-faea-4e54-b342-768cd54a46d5",
      "displayName": "",
      "rowType": "Chart",
      "textColumn1": "",
      "textColumn2": "",
      "textColumn3": "",
      "color": "",
      "plannedStartDate": "",
      "plannedEndDate": "",
      "plannedDays": null,
      "actualStartDate": "",
      "actualEndDate": "",
      "progress": "",
      "dependentId": "",
      "dependency": "",
      "isIncludeHolidays": false
    },
    "2584b373-10cf-4a24-b078-849516902b1f": {
      "no": 106,
      "id": "2584b373-10cf-4a24-b078-849516902b1f",
      "displayName": "",
      "rowType": "Chart",
      "textColumn1": "",
      "textColumn2": "",
      "textColumn3": "",
      "color": "",
      "plannedStartDate": "",
      "plannedEndDate": "",
      "plannedDays": null,
      "actualStartDate": "",
      "actualEndDate": "",
      "progress": "",
      "dependentId": "",
      "dependency": "",
      "isIncludeHolidays": false
    },
    "becc3a4d-ca52-4b70-93e4-bfa867e4586f": {
      "no": 107,
      "id": "becc3a4d-ca52-4b70-93e4-bfa867e4586f",
      "displayName": "",
      "rowType": "Chart",
      "textColumn1": "",
      "textColumn2": "",
      "textColumn3": "",
      "color": "",
      "plannedStartDate": "",
      "plannedEndDate": "",
      "plannedDays": null,
      "actualStartDate": "",
      "actualEndDate": "",
      "progress": "",
      "dependentId": "",
      "dependency": "",
      "isIncludeHolidays": false
    },
    "ef6c1050-b6cc-4237-aa32-f511182f5b15": {
      "no": 108,
      "id": "ef6c1050-b6cc-4237-aa32-f511182f5b15",
      "displayName": "",
      "rowType": "Chart",
      "textColumn1": "",
      "textColumn2": "",
      "textColumn3": "",
      "color": "",
      "plannedStartDate": "",
      "plannedEndDate": "",
      "plannedDays": null,
      "actualStartDate": "",
      "actualEndDate": "",
      "progress": "",
      "dependentId": "",
      "dependency": "",
      "isIncludeHolidays": false
    },
    "c87708cb-f2a7-4b5a-aacf-bbea78288296": {
      "no": 109,
      "id": "c87708cb-f2a7-4b5a-aacf-bbea78288296",
      "displayName": "",
      "rowType": "Chart",
      "textColumn1": "",
      "textColumn2": "",
      "textColumn3": "",
      "color": "",
      "plannedStartDate": "",
      "plannedEndDate": "",
      "plannedDays": null,
      "actualStartDate": "",
      "actualEndDate": "",
      "progress": "",
      "dependentId": "",
      "dependency": "",
      "isIncludeHolidays": false
    },
    "1f6d25dd-3aee-4aaf-8ef1-773c609df05c": {
      "no": 110,
      "id": "1f6d25dd-3aee-4aaf-8ef1-773c609df05c",
      "displayName": "",
      "rowType": "Chart",
      "textColumn1": "",
      "textColumn2": "",
      "textColumn3": "",
      "color": "",
      "plannedStartDate": "",
      "plannedEndDate": "",
      "plannedDays": null,
      "actualStartDate": "",
      "actualEndDate": "",
      "progress": "",
      "dependentId": "",
      "dependency": "",
      "isIncludeHolidays": false
    },
    "6e4cfcf7-2944-4bbb-9f1c-d0a054f13a33": {
      "no": 111,
      "id": "6e4cfcf7-2944-4bbb-9f1c-d0a054f13a33",
      "displayName": "",
      "rowType": "Chart",
      "textColumn1": "",
      "textColumn2": "",
      "textColumn3": "",
      "color": "",
      "plannedStartDate": "",
      "plannedEndDate": "",
      "plannedDays": null,
      "actualStartDate": "",
      "actualEndDate": "",
      "progress": "",
      "dependentId": "",
      "dependency": "",
      "isIncludeHolidays": false
    },
    "41b5838e-a54c-4577-b200-350f552849c1": {
      "no": 112,
      "id": "41b5838e-a54c-4577-b200-350f552849c1",
      "displayName": "",
      "rowType": "Chart",
      "textColumn1": "",
      "textColumn2": "",
      "textColumn3": "",
      "color": "",
      "plannedStartDate": "",
      "plannedEndDate": "",
      "plannedDays": null,
      "actualStartDate": "",
      "actualEndDate": "",
      "progress": "",
      "dependentId": "",
      "dependency": "",
      "isIncludeHolidays": false
    },
    "1b9033d2-d8c3-48e9-b930-2138827b045f": {
      "no": 113,
      "id": "1b9033d2-d8c3-48e9-b930-2138827b045f",
      "displayName": "",
      "rowType": "Chart",
      "textColumn1": "",
      "textColumn2": "",
      "textColumn3": "",
      "color": "",
      "plannedStartDate": "",
      "plannedEndDate": "",
      "plannedDays": null,
      "actualStartDate": "",
      "actualEndDate": "",
      "progress": "",
      "dependentId": "",
      "dependency": "",
      "isIncludeHolidays": false
    },
    "62010878-04ba-4bfa-845a-b65952bebc9b": {
      "no": 114,
      "id": "62010878-04ba-4bfa-845a-b65952bebc9b",
      "displayName": "",
      "rowType": "Chart",
      "textColumn1": "",
      "textColumn2": "",
      "textColumn3": "",
      "color": "",
      "plannedStartDate": "",
      "plannedEndDate": "",
      "plannedDays": null,
      "actualStartDate": "",
      "actualEndDate": "",
      "progress": "",
      "dependentId": "",
      "dependency": "",
      "isIncludeHolidays": false
    },
    "a30b94ca-260a-4c33-8a77-22632679721c": {
      "no": 115,
      "id": "a30b94ca-260a-4c33-8a77-22632679721c",
      "displayName": "",
      "rowType": "Chart",
      "textColumn1": "",
      "textColumn2": "",
      "textColumn3": "",
      "color": "",
      "plannedStartDate": "",
      "plannedEndDate": "",
      "plannedDays": null,
      "actualStartDate": "",
      "actualEndDate": "",
      "progress": "",
      "dependentId": "",
      "dependency": "",
      "isIncludeHolidays": false
    },
    "3bee6450-4a87-4df8-af8d-21d9fc80cce9": {
      "no": 116,
      "id": "3bee6450-4a87-4df8-af8d-21d9fc80cce9",
      "displayName": "",
      "rowType": "Chart",
      "textColumn1": "",
      "textColumn2": "",
      "textColumn3": "",
      "color": "",
      "plannedStartDate": "",
      "plannedEndDate": "",
      "plannedDays": null,
      "actualStartDate": "",
      "actualEndDate": "",
      "progress": "",
      "dependentId": "",
      "dependency": "",
      "isIncludeHolidays": false
    },
    "e5439197-90be-4301-8b6d-d183c562b0b2": {
      "no": 117,
      "id": "e5439197-90be-4301-8b6d-d183c562b0b2",
      "displayName": "",
      "rowType": "Chart",
      "textColumn1": "",
      "textColumn2": "",
      "textColumn3": "",
      "color": "",
      "plannedStartDate": "",
      "plannedEndDate": "",
      "plannedDays": null,
      "actualStartDate": "",
      "actualEndDate": "",
      "progress": "",
      "dependentId": "",
      "dependency": "",
      "isIncludeHolidays": false
    },
    "abeec0be-d1be-43d4-9b29-2b0b929ab4ef": {
      "no": 118,
      "id": "abeec0be-d1be-43d4-9b29-2b0b929ab4ef",
      "displayName": "",
      "rowType": "Chart",
      "textColumn1": "",
      "textColumn2": "",
      "textColumn3": "",
      "color": "",
      "plannedStartDate": "",
      "plannedEndDate": "",
      "plannedDays": null,
      "actualStartDate": "",
      "actualEndDate": "",
      "progress": "",
      "dependentId": "",
      "dependency": "",
      "isIncludeHolidays": false
    },
    "358cd2b6-17b4-4461-a708-8bcd1e584449": {
      "no": 119,
      "id": "358cd2b6-17b4-4461-a708-8bcd1e584449",
      "displayName": "",
      "rowType": "Chart",
      "textColumn1": "",
      "textColumn2": "",
      "textColumn3": "",
      "color": "",
      "plannedStartDate": "",
      "plannedEndDate": "",
      "plannedDays": null,
      "actualStartDate": "",
      "actualEndDate": "",
      "progress": "",
      "dependentId": "",
      "dependency": "",
      "isIncludeHolidays": false
    },
    "eab6a9c7-de03-4931-9d21-cb1589dae42c": {
      "no": 120,
      "id": "eab6a9c7-de03-4931-9d21-cb1589dae42c",
      "displayName": "",
      "rowType": "Chart",
      "textColumn1": "",
      "textColumn2": "",
      "textColumn3": "",
      "color": "",
      "plannedStartDate": "",
      "plannedEndDate": "",
      "plannedDays": null,
      "actualStartDate": "",
      "actualEndDate": "",
      "progress": "",
      "dependentId": "",
      "dependency": "",
      "isIncludeHolidays": false
    },
    "747f80b0-8aea-4c12-bc8b-03a90145c648": {
      "no": 121,
      "id": "747f80b0-8aea-4c12-bc8b-03a90145c648",
      "displayName": "",
      "rowType": "Chart",
      "textColumn1": "",
      "textColumn2": "",
      "textColumn3": "",
      "color": "",
      "plannedStartDate": "",
      "plannedEndDate": "",
      "plannedDays": null,
      "actualStartDate": "",
      "actualEndDate": "",
      "progress": "",
      "dependentId": "",
      "dependency": "",
      "isIncludeHolidays": false
    },
    "039b1889-a878-4c08-b3b0-6ca2757c88da": {
      "no": 122,
      "id": "039b1889-a878-4c08-b3b0-6ca2757c88da",
      "displayName": "",
      "rowType": "Chart",
      "textColumn1": "",
      "textColumn2": "",
      "textColumn3": "",
      "color": "",
      "plannedStartDate": "",
      "plannedEndDate": "",
      "plannedDays": null,
      "actualStartDate": "",
      "actualEndDate": "",
      "progress": "",
      "dependentId": "",
      "dependency": "",
      "isIncludeHolidays": false
    },
    "4f0ef668-92f1-4011-b968-b615d50e7f2d": {
      "no": 123,
      "id": "4f0ef668-92f1-4011-b968-b615d50e7f2d",
      "displayName": "",
      "rowType": "Chart",
      "textColumn1": "",
      "textColumn2": "",
      "textColumn3": "",
      "color": "",
      "plannedStartDate": "",
      "plannedEndDate": "",
      "plannedDays": null,
      "actualStartDate": "",
      "actualEndDate": "",
      "progress": "",
      "dependentId": "",
      "dependency": "",
      "isIncludeHolidays": false
    },
    "b7577b03-1e7e-4794-b6c6-aeeaac013e09": {
      "no": 124,
      "id": "b7577b03-1e7e-4794-b6c6-aeeaac013e09",
      "displayName": "",
      "rowType": "Chart",
      "textColumn1": "",
      "textColumn2": "",
      "textColumn3": "",
      "color": "",
      "plannedStartDate": "",
      "plannedEndDate": "",
      "plannedDays": null,
      "actualStartDate": "",
      "actualEndDate": "",
      "progress": "",
      "dependentId": "",
      "dependency": "",
      "isIncludeHolidays": false
    },
    "204dc836-bfad-407e-be9b-12e9d0c54f75": {
      "no": 125,
      "id": "204dc836-bfad-407e-be9b-12e9d0c54f75",
      "displayName": "",
      "rowType": "Chart",
      "textColumn1": "",
      "textColumn2": "",
      "textColumn3": "",
      "color": "",
      "plannedStartDate": "",
      "plannedEndDate": "",
      "plannedDays": null,
      "actualStartDate": "",
      "actualEndDate": "",
      "progress": "",
      "dependentId": "",
      "dependency": "",
      "isIncludeHolidays": false
    },
    "0cfc2bb3-6fa6-4bef-ad81-73ac363ac131": {
      "no": 126,
      "id": "0cfc2bb3-6fa6-4bef-ad81-73ac363ac131",
      "displayName": "",
      "rowType": "Chart",
      "textColumn1": "",
      "textColumn2": "",
      "textColumn3": "",
      "color": "",
      "plannedStartDate": "",
      "plannedEndDate": "",
      "plannedDays": null,
      "actualStartDate": "",
      "actualEndDate": "",
      "progress": "",
      "dependentId": "",
      "dependency": "",
      "isIncludeHolidays": false
    },
    "4f5ce9bc-dffc-4509-be26-d5329b222fd1": {
      "no": 127,
      "id": "4f5ce9bc-dffc-4509-be26-d5329b222fd1",
      "displayName": "",
      "rowType": "Chart",
      "textColumn1": "",
      "textColumn2": "",
      "textColumn3": "",
      "color": "",
      "plannedStartDate": "",
      "plannedEndDate": "",
      "plannedDays": null,
      "actualStartDate": "",
      "actualEndDate": "",
      "progress": "",
      "dependentId": "",
      "dependency": "",
      "isIncludeHolidays": false
    },
    "3ce85377-5c4c-40a6-8ad1-4e615aec50ef": {
      "no": 128,
      "id": "3ce85377-5c4c-40a6-8ad1-4e615aec50ef",
      "displayName": "",
      "rowType": "Chart",
      "textColumn1": "",
      "textColumn2": "",
      "textColumn3": "",
      "color": "",
      "plannedStartDate": "",
      "plannedEndDate": "",
      "plannedDays": null,
      "actualStartDate": "",
      "actualEndDate": "",
      "progress": "",
      "dependentId": "",
      "dependency": "",
      "isIncludeHolidays": false
    },
    "d52d1d37-ddea-4f7d-83e6-ce984634837b": {
      "no": 129,
      "id": "d52d1d37-ddea-4f7d-83e6-ce984634837b",
      "displayName": "",
      "rowType": "Chart",
      "textColumn1": "",
      "textColumn2": "",
      "textColumn3": "",
      "color": "",
      "plannedStartDate": "",
      "plannedEndDate": "",
      "plannedDays": null,
      "actualStartDate": "",
      "actualEndDate": "",
      "progress": "",
      "dependentId": "",
      "dependency": "",
      "isIncludeHolidays": false
    },
    "f5b887c4-8800-49d0-9164-8776dd564b1d": {
      "no": 130,
      "id": "f5b887c4-8800-49d0-9164-8776dd564b1d",
      "displayName": "",
      "rowType": "Chart",
      "textColumn1": "",
      "textColumn2": "",
      "textColumn3": "",
      "color": "",
      "plannedStartDate": "",
      "plannedEndDate": "",
      "plannedDays": null,
      "actualStartDate": "",
      "actualEndDate": "",
      "progress": "",
      "dependentId": "",
      "dependency": "",
      "isIncludeHolidays": false
    },
    "5f8f4091-60da-4059-8ec6-9c55ac5ee63a": {
      "no": 131,
      "id": "5f8f4091-60da-4059-8ec6-9c55ac5ee63a",
      "displayName": "",
      "rowType": "Chart",
      "textColumn1": "",
      "textColumn2": "",
      "textColumn3": "",
      "color": "",
      "plannedStartDate": "",
      "plannedEndDate": "",
      "plannedDays": null,
      "actualStartDate": "",
      "actualEndDate": "",
      "progress": "",
      "dependentId": "",
      "dependency": "",
      "isIncludeHolidays": false
    },
    "f60f10a9-fd29-4eee-ba9e-a5d1619d4d57": {
      "no": 132,
      "id": "f60f10a9-fd29-4eee-ba9e-a5d1619d4d57",
      "displayName": "",
      "rowType": "Chart",
      "textColumn1": "",
      "textColumn2": "",
      "textColumn3": "",
      "color": "",
      "plannedStartDate": "",
      "plannedEndDate": "",
      "plannedDays": null,
      "actualStartDate": "",
      "actualEndDate": "",
      "progress": "",
      "dependentId": "",
      "dependency": "",
      "isIncludeHolidays": false
    }
  },
  "holidayInput": "01/01/2022 Sat New Year's Day\r\n01/17/2022 Mon Martin Luther King Jr. Day\r\n02/21/2022 Mon Washington's Birthday\r\n05/30/2022 Mon Memorial Day\r\n06/19/2022 Sun Juneteenth\r\n06/20/2022 Mon Juneteenth (substitute day)\r\n07/04/2022 Mon Independence Day\r\n09/05/2022 Mon Labour Day\r\n10/10/2022 Mon Columbus Day\r\n11/11/2022 Fri Veterans Day\r\n11/24/2022 Thu Thanksgiving Day\r\n12/24/2022 Sat Christmas Eve\r\n12/25/2022 Sun Christmas Day\r\n12/26/2022 Mon Christmas Day (substitute day)\r\n01/01/2023 Sun New Year's Day\r\n01/02/2023 Mon New Year's Day (substitute day)\r\n01/16/2023 Mon Martin Luther King Jr. Day\r\n02/20/2023 Mon Washington's Birthday\r\n05/29/2023 Mon Memorial Day\r\n06/19/2023 Mon Juneteenth\r\n07/04/2023 Tue Independence Day\r\n09/04/2023 Mon Labour Day\r\n10/09/2023 Mon Columbus Day\r\n11/10/2023 Fri Veterans Day (substitute day)\r\n11/11/2023 Sat Veterans Day\r\n11/23/2023 Thu Thanksgiving Day\r\n12/24/2023 Sun Christmas Eve\r\n12/25/2023 Mon Christmas Day\r\n01/01/2024 Mon New Year's Day\r\n01/15/2024 Mon Martin Luther King Jr. Day\r\n02/19/2024 Mon Washington's Birthday\r\n05/27/2024 Mon Memorial Day\r\n06/19/2024 Wed Juneteenth\r\n07/04/2024 Thu Independence Day\r\n09/02/2024 Mon Labour Day\r\n10/14/2024 Mon Columbus Day\r\n11/11/2024 Mon Veterans Day\r\n11/28/2024 Thu Thanksgiving Day\r\n12/24/2024 Tue Christmas Eve\r\n12/25/2024 Wed Christmas Day\r\n01/01/2025 Wed New Year's Day\r\n01/20/2025 Mon Martin Luther King Jr. Day\r\n02/17/2025 Mon Washington's Birthday\r\n05/26/2025 Mon Memorial Day\r\n06/19/2025 Thu Juneteenth\r\n07/04/2025 Fri Independence Day\r\n09/01/2025 Mon Labour Day\r\n10/13/2025 Mon Columbus Day\r\n11/11/2025 Tue Veterans Day\r\n11/27/2025 Thu Thanksgiving Day\r\n12/24/2025 Wed Christmas Eve\r\n12/25/2025 Thu Christmas Day\r\n01/01/2026 Thu New Year's Day\r\n01/19/2026 Mon Martin Luther King Jr. Day\r\n02/16/2026 Mon Washington's Birthday\r\n05/25/2026 Mon Memorial Day\r\n06/19/2026 Fri Juneteenth\r\n07/03/2026 Fri Independence Day (substitute day)\r\n07/04/2026 Sat Independence Day\r\n09/07/2026 Mon Labour Day\r\n10/12/2026 Mon Columbus Day\r\n11/11/2026 Wed Veterans Day\r\n11/26/2026 Thu Thanksgiving Day\r\n12/24/2026 Thu Christmas Eve\r\n12/25/2026 Fri Christmas Day\r\n01/01/2027 Fri New Year's Day\r\n01/18/2027 Mon Martin Luther King Jr. Day\r\n02/15/2027 Mon Washington's Birthday\r\n05/31/2027 Mon Memorial Day\r\n06/18/2027 Fri Juneteenth (substitute day)\r\n06/19/2027 Sat Juneteenth\r\n07/04/2027 Sun Independence Day\r\n07/05/2027 Mon Independence Day (substitute day)\r\n09/06/2027 Mon Labour Day\r\n10/11/2027 Mon Columbus Day\r\n11/11/2027 Thu Veterans Day\r\n11/25/2027 Thu Thanksgiving Day\r\n12/24/2027 Fri Christmas Day (substitute day)\r\n12/24/2027 Fri Christmas Eve\r\n12/25/2027 Sat Christmas Day\r\n12/31/2027 Fri New Year's Day (substitute day)\r\n01/01/2028 Sat New Year's Day\r\n01/17/2028 Mon Martin Luther King Jr. Day\r\n02/21/2028 Mon Washington's Birthday\r\n05/29/2028 Mon Memorial Day\r\n06/19/2028 Mon Juneteenth\r\n07/04/2028 Tue Independence Day\r\n09/04/2028 Mon Labour Day\r\n10/09/2028 Mon Columbus Day\r\n11/10/2028 Fri Veterans Day (substitute day)\r\n11/11/2028 Sat Veterans Day\r\n11/23/2028 Thu Thanksgiving Day\r\n12/24/2028 Sun Christmas Eve\r\n12/25/2028 Mon Christmas Day\r\n01/01/2029 Mon New Year's Day\r\n01/15/2029 Mon Martin Luther King Jr. Day\r\n02/19/2029 Mon Washington's Birthday\r\n05/28/2029 Mon Memorial Day\r\n06/19/2029 Tue Juneteenth\r\n07/04/2029 Wed Independence Day\r\n09/03/2029 Mon Labour Day\r\n10/08/2029 Mon Columbus Day\r\n11/11/2029 Sun Veterans Day\r\n11/12/2029 Mon Veterans Day (substitute day)\r\n11/22/2029 Thu Thanksgiving Day\r\n12/24/2029 Mon Christmas Eve\r\n12/25/2029 Tue Christmas Day",
  "holidayColor": {
    "color": "rgba(239, 239, 239, 1)",
    "subColor": "rgba(239,239,239,0.5)"
  },
  "regularDaysOffSetting": {
    "1": {
      "color": "#d9e6ff",
      "subColor": "#d9e6ff80",
      "days": []
    },
    "2": {
      "color": "#ffdcdc",
      "subColor": "#ffdcdc80",
      "days": []
    },
    "3": {
      "color": "#EFEFEF",
      "subColor": "#EFEFEF80",
      "days": [
        0,
        6
      ]
    }
  },
  "wbsWidth": 583,
  "calendarWidth": 3920,
  "cellWidth": 10,
  "title": "【Sample】Software Product Launch",
  "showYear": false,
  "dateFormat": "M/d/yyyy",
  "treeData": [],
  "noteData": {},
  "language": "en"
}