{
  "colors": {
    "1": {
      "alias": "",
      "color": "#70ecff51"
    },
    "2": {
      "alias": "DEF",
      "color": "#70b0ff51"
    },
    "3": {
      "alias": "",
      "color": "#8a70ff51"
    },
    "4": {
      "alias": "ABC",
      "color": "#ff70ea51"
    },
    "5": {
      "alias": "",
      "color": "#ff707051"
    },
    "6": {
      "alias": "",
      "color": "#fffe7051"
    },
    "7": {
      "alias": "GHI",
      "color": "#76ff7051"
    },
    "8": {
      "alias": "",
      "color": "#76ff7051"
    },
    "9": {
      "alias": "",
      "color": "#76ff7051"
    },
    "10": {
      "alias": "",
      "color": "#76ff7051"
    },
    "999": {
      "alias": "",
      "color": "#0000003d"
    }
  },
  "dateRange": {
    "startDate": "2025-06-01",
    "endDate": "2026-04-30"
  },
  "columns": [
    {
      "columnId": "no",
      "columnName": "No",
      "width": 37,
      "resizable": false,
      "visible": true
    },
    {
      "columnId": "displayName",
      "columnName": "表示名",
      "width": 199,
      "resizable": true,
      "reorderable": true,
      "visible": true
    },
    {
      "columnId": "color",
      "columnName": "色",
      "width": 50,
      "resizable": true,
      "reorderable": true,
      "visible": true
    },
    {
      "columnId": "plannedStartDate",
      "columnName": "予始",
      "width": 50,
      "resizable": true,
      "reorderable": true,
      "visible": true
    },
    {
      "columnId": "plannedEndDate",
      "columnName": "予終",
      "width": 50,
      "resizable": true,
      "reorderable": true,
      "visible": true
    },
    {
      "columnId": "plannedDays",
      "columnName": "日",
      "width": 40,
      "resizable": true,
      "reorderable": true,
      "visible": true
    },
    {
      "columnId": "actualStartDate",
      "columnName": "実始",
      "width": 50,
      "resizable": true,
      "reorderable": true,
      "visible": false
    },
    {
      "columnId": "actualEndDate",
      "columnName": "実終",
      "width": 50,
      "resizable": true,
      "reorderable": true,
      "visible": false
    },
    {
      "columnId": "progress",
      "columnName": "進捗",
      "width": 50,
      "resizable": true,
      "reorderable": true,
      "visible": false
    },
    {
      "columnId": "dependency",
      "columnName": "依存関係",
      "width": 60,
      "resizable": true,
      "reorderable": true,
      "visible": true
    },
    {
      "columnId": "textColumn1",
      "columnName": "Text1",
      "width": 50,
      "resizable": true,
      "reorderable": true,
      "visible": false
    },
    {
      "columnId": "textColumn2",
      "columnName": "Text2",
      "width": 50,
      "resizable": true,
      "reorderable": true,
      "visible": false
    },
    {
      "columnId": "textColumn3",
      "columnName": "Text3",
      "width": 50,
      "resizable": true,
      "reorderable": true,
      "visible": false
    },
    {
      "columnId": "isIncludeHolidays",
      "columnName": "含休日",
      "width": 50,
      "resizable": true,
      "reorderable": true,
      "visible": true
    }
  ],
  "data": {
    "3a8bc502-a349-497e-8ded-cc3eda58550d": {
      "no": 1,
      "id": "3a8bc502-a349-497e-8ded-cc3eda58550d",
      "rowType": "Separator",
      "displayName": "企画・要件定義フェーズ",
      "isCollapsed": false,
      "minStartDate": "",
      "maxEndDate": "",
      "level": 0
    },
    "a2dd140e-4909-44b2-ab22-99df0df4a7fc": {
      "no": 2,
      "id": "a2dd140e-4909-44b2-ab22-99df0df4a7fc",
      "rowType": "Separator",
      "displayName": "要件ヒアリング",
      "isCollapsed": false,
      "minStartDate": "2025-06-09",
      "maxEndDate": "2025-06-20",
      "level": 1
    },
    "52b56528-5810-43ba-ae6f-92baba93b1df": {
      "no": 3,
      "id": "52b56528-5810-43ba-ae6f-92baba93b1df",
      "displayName": "クライアント要件整理",
      "rowType": "Chart",
      "textColumn1": "",
      "textColumn2": "",
      "textColumn3": "",
      "color": "ABC",
      "plannedStartDate": "2025/6/9",
      "plannedEndDate": "2025/06/13",
      "plannedDays": 5,
      "actualStartDate": "",
      "actualEndDate": "",
      "progress": "",
      "dependentId": "",
      "dependency": "",
      "isIncludeHolidays": false
    },
    "8f08ab99-8c00-4e2b-8959-3508269b3028": {
      "no": 4,
      "id": "8f08ab99-8c00-4e2b-8959-3508269b3028",
      "displayName": "競合サイト調査",
      "rowType": "Chart",
      "textColumn1": "",
      "textColumn2": "",
      "textColumn3": "",
      "color": "ABC",
      "plannedStartDate": "2025/6/10",
      "plannedEndDate": "2025/06/16",
      "plannedDays": 5,
      "actualStartDate": "",
      "actualEndDate": "",
      "progress": "",
      "dependentId": "",
      "dependency": "",
      "isIncludeHolidays": false
    },
    "0356a7a4-fa09-47ee-940f-ee391b922edd": {
      "no": 5,
      "id": "0356a7a4-fa09-47ee-940f-ee391b922edd",
      "displayName": "ペルソナ設定",
      "rowType": "Chart",
      "textColumn1": "",
      "textColumn2": "",
      "textColumn3": "",
      "color": "ABC",
      "plannedStartDate": "2025/6/16",
      "plannedEndDate": "2025/06/20",
      "plannedDays": 5,
      "actualStartDate": "",
      "actualEndDate": "",
      "progress": "",
      "dependentId": "",
      "dependency": "",
      "isIncludeHolidays": false
    },
    "25db057b-bd3b-496b-b63d-3aa68cc5804e": {
      "no": 6,
      "id": "25db057b-bd3b-496b-b63d-3aa68cc5804e",
      "rowType": "Separator",
      "displayName": "企画書作成",
      "isCollapsed": false,
      "minStartDate": "2025-06-23",
      "maxEndDate": "2025-07-16",
      "level": 1
    },
    "d4dee78d-6286-4527-ad88-9a7cc719fd0f": {
      "no": 7,
      "id": "d4dee78d-6286-4527-ad88-9a7cc719fd0f",
      "displayName": "サイトマップ作成",
      "rowType": "Chart",
      "textColumn1": "",
      "textColumn2": "",
      "textColumn3": "",
      "color": "ABC",
      "plannedStartDate": "2025/6/23",
      "plannedEndDate": "2025/06/27",
      "plannedDays": 5,
      "actualStartDate": "",
      "actualEndDate": "",
      "progress": "",
      "dependentId": "",
      "dependency": "",
      "isIncludeHolidays": false
    },
    "ee16bb25-570a-4b01-b977-cac4fa935a53": {
      "no": 8,
      "id": "ee16bb25-570a-4b01-b977-cac4fa935a53",
      "displayName": "ワイヤーフレーム作成",
      "rowType": "Chart",
      "textColumn1": "",
      "textColumn2": "",
      "textColumn3": "",
      "color": "ABC",
      "plannedStartDate": "2025/6/30",
      "plannedEndDate": "2025/07/04",
      "plannedDays": 5,
      "actualStartDate": "",
      "actualEndDate": "",
      "progress": "",
      "dependentId": "",
      "dependency": "",
      "isIncludeHolidays": false
    },
    "70b00655-625a-4970-99ce-750b17324872": {
      "no": 9,
      "id": "70b00655-625a-4970-99ce-750b17324872",
      "displayName": "機能要件書作成",
      "rowType": "Chart",
      "textColumn1": "",
      "textColumn2": "",
      "textColumn3": "",
      "color": "ABC",
      "plannedStartDate": "2025/7/7",
      "plannedEndDate": "2025/07/11",
      "plannedDays": 5,
      "actualStartDate": "",
      "actualEndDate": "",
      "progress": "",
      "dependentId": "",
      "dependency": "",
      "isIncludeHolidays": false
    },
    "31ec9ce9-296e-423e-98d9-341221cc4ca2": {
      "no": 10,
      "id": "31ec9ce9-296e-423e-98d9-341221cc4ca2",
      "displayName": "企画書レビュー",
      "rowType": "Chart",
      "textColumn1": "",
      "textColumn2": "",
      "textColumn3": "",
      "color": "ABC",
      "plannedStartDate": "2025/7/14",
      "plannedEndDate": "2025/07/16",
      "plannedDays": 3,
      "actualStartDate": "",
      "actualEndDate": "",
      "progress": "",
      "dependentId": "",
      "dependency": "",
      "isIncludeHolidays": false
    },
    "50da84d1-f80c-41c5-98b7-5d18cc647089": {
      "no": 11,
      "id": "50da84d1-f80c-41c5-98b7-5d18cc647089",
      "rowType": "Separator",
      "displayName": "デザインフェーズ",
      "isCollapsed": false,
      "minStartDate": "",
      "maxEndDate": "",
      "level": 0
    },
    "46629f70-ce21-4fa6-8e0f-cf184427a6be": {
      "no": 12,
      "id": "46629f70-ce21-4fa6-8e0f-cf184427a6be",
      "rowType": "Separator",
      "displayName": "デザイン制作",
      "isCollapsed": false,
      "minStartDate": "2025-07-17",
      "maxEndDate": "2025-08-22",
      "level": 1
    },
    "be3dc27b-c81f-4926-9300-167d4e3383ab": {
      "no": 13,
      "id": "be3dc27b-c81f-4926-9300-167d4e3383ab",
      "displayName": "トップページデザイン",
      "rowType": "Chart",
      "textColumn1": "",
      "textColumn2": "",
      "textColumn3": "",
      "color": "DEF",
      "plannedStartDate": "2025/7/17",
      "plannedEndDate": "2025/07/25",
      "plannedDays": 6,
      "actualStartDate": "",
      "actualEndDate": "",
      "progress": "",
      "dependentId": "",
      "dependency": "",
      "isIncludeHolidays": false
    },
    "d06d7915-4f8f-4ea8-a709-7a90c254eddb": {
      "no": 14,
      "id": "d06d7915-4f8f-4ea8-a709-7a90c254eddb",
      "displayName": "下層ページデザイン",
      "rowType": "Chart",
      "textColumn1": "",
      "textColumn2": "",
      "textColumn3": "",
      "color": "DEF",
      "plannedStartDate": "2025/7/28",
      "plannedEndDate": "2025/08/08",
      "plannedDays": 10,
      "actualStartDate": "",
      "actualEndDate": "",
      "progress": "",
      "dependentId": "",
      "dependency": "",
      "isIncludeHolidays": false
    },
    "7def2067-cb26-483a-b2d5-036649fcca68": {
      "no": 15,
      "id": "7def2067-cb26-483a-b2d5-036649fcca68",
      "displayName": "レスポンシブデザイン",
      "rowType": "Chart",
      "textColumn1": "",
      "textColumn2": "",
      "textColumn3": "",
      "color": "DEF",
      "plannedStartDate": "2025/8/11",
      "plannedEndDate": "2025/08/18",
      "plannedDays": 5,
      "actualStartDate": "",
      "actualEndDate": "",
      "progress": "",
      "dependentId": "",
      "dependency": "",
      "isIncludeHolidays": false
    },
    "539fd849-d3e8-43e0-a478-961318547681": {
      "no": 16,
      "id": "539fd849-d3e8-43e0-a478-961318547681",
      "displayName": "デザインガイドライン作成",
      "rowType": "Chart",
      "textColumn1": "",
      "textColumn2": "",
      "textColumn3": "",
      "color": "DEF",
      "plannedStartDate": "2025/8/19",
      "plannedEndDate": "2025/08/22",
      "plannedDays": 4,
      "actualStartDate": "",
      "actualEndDate": "",
      "progress": "",
      "dependentId": "",
      "dependency": "",
      "isIncludeHolidays": false
    },
    "ff7ded1c-86b1-48c4-a1f2-aa4b35348345": {
      "no": 17,
      "id": "ff7ded1c-86b1-48c4-a1f2-aa4b35348345",
      "rowType": "Separator",
      "displayName": "デザイン確認",
      "isCollapsed": false,
      "minStartDate": "2025-08-25",
      "maxEndDate": "2025-09-10",
      "level": 1
    },
    "0bca2358-2d3d-4ef3-a460-2d0f8f5a5907": {
      "no": 18,
      "id": "0bca2358-2d3d-4ef3-a460-2d0f8f5a5907",
      "displayName": "クライアント確認",
      "rowType": "Chart",
      "textColumn1": "",
      "textColumn2": "",
      "textColumn3": "",
      "color": "ABC",
      "plannedStartDate": "2025/8/25",
      "plannedEndDate": "2025/08/29",
      "plannedDays": 5,
      "actualStartDate": "",
      "actualEndDate": "",
      "progress": "",
      "dependentId": "",
      "dependency": "",
      "isIncludeHolidays": false
    },
    "8f5a2358-c666-4202-b851-6fbb6b908278": {
      "no": 19,
      "id": "8f5a2358-c666-4202-b851-6fbb6b908278",
      "displayName": "デザイン修正",
      "rowType": "Chart",
      "textColumn1": "",
      "textColumn2": "",
      "textColumn3": "",
      "color": "DEF",
      "plannedStartDate": "2025/9/1",
      "plannedEndDate": "2025/09/05",
      "plannedDays": 5,
      "actualStartDate": "",
      "actualEndDate": "",
      "progress": "",
      "dependentId": "",
      "dependency": "",
      "isIncludeHolidays": false
    },
    "a3a3fe4b-2d25-48f8-b616-a305acc01547": {
      "no": 20,
      "id": "a3a3fe4b-2d25-48f8-b616-a305acc01547",
      "displayName": "最終デザイン承認",
      "rowType": "Chart",
      "textColumn1": "",
      "textColumn2": "",
      "textColumn3": "",
      "color": "ABC",
      "plannedStartDate": "2025/9/8",
      "plannedEndDate": "2025/09/10",
      "plannedDays": 3,
      "actualStartDate": "",
      "actualEndDate": "",
      "progress": "",
      "dependentId": "",
      "dependency": "",
      "isIncludeHolidays": false
    },
    "5672cd4b-db50-487f-9c7c-bd8175af8663": {
      "no": 21,
      "id": "5672cd4b-db50-487f-9c7c-bd8175af8663",
      "rowType": "Separator",
      "displayName": "開発フェーズ",
      "isCollapsed": false,
      "minStartDate": "",
      "maxEndDate": "",
      "level": 0
    },
    "92c3bcbb-09df-432a-ad57-9d6d0ae5ecfb": {
      "no": 22,
      "id": "92c3bcbb-09df-432a-ad57-9d6d0ae5ecfb",
      "rowType": "Separator",
      "displayName": "フロントエンド開発",
      "isCollapsed": false,
      "minStartDate": "2025-09-11",
      "maxEndDate": "2025-10-10",
      "level": 1
    },
    "a4f6746d-17d3-4b89-828d-79fbc8021926": {
      "no": 23,
      "id": "a4f6746d-17d3-4b89-828d-79fbc8021926",
      "displayName": "HTML/CSS構築",
      "rowType": "Chart",
      "textColumn1": "",
      "textColumn2": "",
      "textColumn3": "",
      "color": "GHI",
      "plannedStartDate": "2025/9/11",
      "plannedEndDate": "2025/09/25",
      "plannedDays": 9,
      "actualStartDate": "",
      "actualEndDate": "",
      "progress": "",
      "dependentId": "",
      "dependency": "",
      "isIncludeHolidays": false
    },
    "48b5c4ee-06cf-4f1f-9f72-02f601b6742b": {
      "no": 24,
      "id": "48b5c4ee-06cf-4f1f-9f72-02f601b6742b",
      "displayName": "JavaScript実装",
      "rowType": "Chart",
      "textColumn1": "",
      "textColumn2": "",
      "textColumn3": "",
      "color": "GHI",
      "plannedStartDate": "2025/9/26",
      "plannedEndDate": "2025/10/03",
      "plannedDays": 6,
      "actualStartDate": "",
      "actualEndDate": "",
      "progress": "",
      "dependentId": "",
      "dependency": "",
      "isIncludeHolidays": false
    },
    "6f6b53b2-c345-4d75-97a3-8a38589e1646": {
      "no": 25,
      "id": "6f6b53b2-c345-4d75-97a3-8a38589e1646",
      "displayName": "レスポンシブ対応",
      "rowType": "Chart",
      "textColumn1": "",
      "textColumn2": "",
      "textColumn3": "",
      "color": "GHI",
      "plannedStartDate": "2025/10/6",
      "plannedEndDate": "2025/10/10",
      "plannedDays": 5,
      "actualStartDate": "",
      "actualEndDate": "",
      "progress": "",
      "dependentId": "",
      "dependency": "",
      "isIncludeHolidays": false
    },
    "35b365d5-1a81-4e4f-9f4c-51cb241e1c76": {
      "no": 26,
      "id": "35b365d5-1a81-4e4f-9f4c-51cb241e1c76",
      "rowType": "Separator",
      "displayName": "バックエンド開発",
      "isCollapsed": false,
      "minStartDate": "2025-10-06",
      "maxEndDate": "2025-10-31",
      "level": 1
    },
    "ff613f8a-ab1a-4242-936a-61e82db5cd68": {
      "no": 27,
      "id": "ff613f8a-ab1a-4242-936a-61e82db5cd68",
      "displayName": "CMS構築",
      "rowType": "Chart",
      "textColumn1": "",
      "textColumn2": "",
      "textColumn3": "",
      "color": "GHI",
      "plannedStartDate": "2025/10/6",
      "plannedEndDate": "2025/10/17",
      "plannedDays": 9,
      "actualStartDate": "",
      "actualEndDate": "",
      "progress": "",
      "dependentId": "",
      "dependency": "",
      "isIncludeHolidays": false
    },
    "6bb2ebe9-b53b-4fa7-aae7-5306eb543e29": {
      "no": 28,
      "id": "6bb2ebe9-b53b-4fa7-aae7-5306eb543e29",
      "displayName": "管理画面開発",
      "rowType": "Chart",
      "textColumn1": "",
      "textColumn2": "",
      "textColumn3": "",
      "color": "GHI",
      "plannedStartDate": "2025/10/20",
      "plannedEndDate": "2025/10/24",
      "plannedDays": 5,
      "actualStartDate": "",
      "actualEndDate": "",
      "progress": "",
      "dependentId": "",
      "dependency": "",
      "isIncludeHolidays": false
    },
    "54d7073f-04a5-47ea-8da4-9718937c56cd": {
      "no": 29,
      "id": "54d7073f-04a5-47ea-8da4-9718937c56cd",
      "displayName": "問い合わせフォーム開発",
      "rowType": "Chart",
      "textColumn1": "",
      "textColumn2": "",
      "textColumn3": "",
      "color": "GHI",
      "plannedStartDate": "2025/10/27",
      "plannedEndDate": "2025/10/31",
      "plannedDays": 5,
      "actualStartDate": "",
      "actualEndDate": "",
      "progress": "",
      "dependentId": "",
      "dependency": "",
      "isIncludeHolidays": false
    },
    "536f53c3-66fa-4620-ad22-4052c5bdd93b": {
      "no": 30,
      "id": "536f53c3-66fa-4620-ad22-4052c5bdd93b",
      "displayName": "データベース設計",
      "rowType": "Chart",
      "textColumn1": "",
      "textColumn2": "",
      "textColumn3": "",
      "color": "GHI",
      "plannedStartDate": "2025/10/27",
      "plannedEndDate": "2025/10/31",
      "plannedDays": 5,
      "actualStartDate": "",
      "actualEndDate": "",
      "progress": "",
      "dependentId": "",
      "dependency": "",
      "isIncludeHolidays": false
    },
    "2378d8d8-b795-4739-8adf-744e7d5caaa3": {
      "no": 31,
      "id": "2378d8d8-b795-4739-8adf-744e7d5caaa3",
      "rowType": "Separator",
      "displayName": "システム連携",
      "isCollapsed": false,
      "minStartDate": "2025-11-04",
      "maxEndDate": "2025-11-21",
      "level": 1
    },
    "c69ad9b8-f135-4340-87c6-bda54803f71c": {
      "no": 32,
      "id": "c69ad9b8-f135-4340-87c6-bda54803f71c",
      "displayName": "外部API連携",
      "rowType": "Chart",
      "textColumn1": "",
      "textColumn2": "",
      "textColumn3": "",
      "color": "GHI",
      "plannedStartDate": "2025/11/4",
      "plannedEndDate": "2025/11/07",
      "plannedDays": 4,
      "actualStartDate": "",
      "actualEndDate": "",
      "progress": "",
      "dependentId": "",
      "dependency": "",
      "isIncludeHolidays": false
    },
    "9c46ffca-38bf-4f3a-a394-db7faf26b5f7": {
      "no": 33,
      "id": "9c46ffca-38bf-4f3a-a394-db7faf26b5f7",
      "displayName": "SNS連携機能",
      "rowType": "Chart",
      "textColumn1": "",
      "textColumn2": "",
      "textColumn3": "",
      "color": "GHI",
      "plannedStartDate": "2025/11/10",
      "plannedEndDate": "2025/11/14",
      "plannedDays": 5,
      "actualStartDate": "",
      "actualEndDate": "",
      "progress": "",
      "dependentId": "",
      "dependency": "",
      "isIncludeHolidays": false
    },
    "ea35532c-a75d-4da7-bc46-dd534a98541d": {
      "no": 34,
      "id": "ea35532c-a75d-4da7-bc46-dd534a98541d",
      "displayName": "SEO対策実装",
      "rowType": "Chart",
      "textColumn1": "",
      "textColumn2": "",
      "textColumn3": "",
      "color": "GHI",
      "plannedStartDate": "2025/11/17",
      "plannedEndDate": "2025/11/21",
      "plannedDays": 5,
      "actualStartDate": "",
      "actualEndDate": "",
      "progress": "",
      "dependentId": "",
      "dependency": "",
      "isIncludeHolidays": false
    },
    "2735fdf0-9574-45a1-8055-4ce1e8b03f5b": {
      "no": 35,
      "id": "2735fdf0-9574-45a1-8055-4ce1e8b03f5b",
      "rowType": "Separator",
      "displayName": "テスト・検証フェーズ",
      "isCollapsed": false,
      "minStartDate": "",
      "maxEndDate": "",
      "level": 0
    },
    "557cf5ca-a560-4681-8666-aed40959e738": {
      "no": 36,
      "id": "557cf5ca-a560-4681-8666-aed40959e738",
      "rowType": "Separator",
      "displayName": "内部テスト",
      "isCollapsed": false,
      "minStartDate": "2025-11-24",
      "maxEndDate": "2025-12-11",
      "level": 1
    },
    "78a6200c-b751-49f8-9bd0-5eff5fca8ada": {
      "no": 37,
      "id": "78a6200c-b751-49f8-9bd0-5eff5fca8ada",
      "displayName": "機能テスト",
      "rowType": "Chart",
      "textColumn1": "",
      "textColumn2": "",
      "textColumn3": "",
      "color": "GHI",
      "plannedStartDate": "2025/11/24",
      "plannedEndDate": "2025/11/28",
      "plannedDays": 4,
      "actualStartDate": "",
      "actualEndDate": "",
      "progress": "",
      "dependentId": "",
      "dependency": "",
      "isIncludeHolidays": false
    },
    "b1167a9f-edae-4c7c-b25d-865ac760b0ab": {
      "no": 38,
      "id": "b1167a9f-edae-4c7c-b25d-865ac760b0ab",
      "displayName": "クロスブラウザテスト",
      "rowType": "Chart",
      "textColumn1": "",
      "textColumn2": "",
      "textColumn3": "",
      "color": "GHI",
      "plannedStartDate": "2025/12/1",
      "plannedEndDate": "2025/12/03",
      "plannedDays": 3,
      "actualStartDate": "",
      "actualEndDate": "",
      "progress": "",
      "dependentId": "",
      "dependency": "",
      "isIncludeHolidays": false
    },
    "94653da8-aff6-4f1f-a551-856851523c7c": {
      "no": 39,
      "id": "94653da8-aff6-4f1f-a551-856851523c7c",
      "displayName": "レスポンシブテスト",
      "rowType": "Chart",
      "textColumn1": "",
      "textColumn2": "",
      "textColumn3": "",
      "color": "GHI",
      "plannedStartDate": "2025/12/4",
      "plannedEndDate": "2025/12/05",
      "plannedDays": 2,
      "actualStartDate": "",
      "actualEndDate": "",
      "progress": "",
      "dependentId": "",
      "dependency": "",
      "isIncludeHolidays": false
    },
    "7ef3b9e3-a067-4db8-a89b-783adce49079": {
      "no": 40,
      "id": "7ef3b9e3-a067-4db8-a89b-783adce49079",
      "displayName": "パフォーマンステスト",
      "rowType": "Chart",
      "textColumn1": "",
      "textColumn2": "",
      "textColumn3": "",
      "color": "GHI",
      "plannedStartDate": "2025/12/9",
      "plannedEndDate": "2025/12/11",
      "plannedDays": 3,
      "actualStartDate": "",
      "actualEndDate": "",
      "progress": "",
      "dependentId": "",
      "dependency": "",
      "isIncludeHolidays": false
    },
    "9f665f48-6227-4455-b784-d7b7f12bb458": {
      "no": 41,
      "id": "9f665f48-6227-4455-b784-d7b7f12bb458",
      "rowType": "Separator",
      "displayName": "ユーザーテスト",
      "isCollapsed": false,
      "minStartDate": "2025-12-12",
      "maxEndDate": "2025-12-18",
      "level": 1
    },
    "f32b14a0-c53f-4857-9240-66bb6ab8b146": {
      "no": 42,
      "id": "f32b14a0-c53f-4857-9240-66bb6ab8b146",
      "displayName": "クライアントテスト",
      "rowType": "Chart",
      "textColumn1": "",
      "textColumn2": "",
      "textColumn3": "",
      "color": "ABC",
      "plannedStartDate": "2025/12/12",
      "plannedEndDate": "2025/12/12",
      "plannedDays": 1,
      "actualStartDate": "",
      "actualEndDate": "",
      "progress": "",
      "dependentId": "",
      "dependency": "",
      "isIncludeHolidays": false
    },
    "586ea967-d0f4-46b9-a3be-c5ae50f7bf6f": {
      "no": 43,
      "id": "586ea967-d0f4-46b9-a3be-c5ae50f7bf6f",
      "displayName": "修正対応",
      "rowType": "Chart",
      "textColumn1": "",
      "textColumn2": "",
      "textColumn3": "",
      "color": "GHI",
      "plannedStartDate": "2025/12/16",
      "plannedEndDate": "2025/12/17",
      "plannedDays": 2,
      "actualStartDate": "",
      "actualEndDate": "",
      "progress": "",
      "dependentId": "",
      "dependency": "",
      "isIncludeHolidays": false
    },
    "df01e675-f033-43e5-8ff3-a7bccd3545c9": {
      "no": 44,
      "id": "df01e675-f033-43e5-8ff3-a7bccd3545c9",
      "displayName": "最終確認",
      "rowType": "Chart",
      "textColumn1": "",
      "textColumn2": "",
      "textColumn3": "",
      "color": "ABC",
      "plannedStartDate": "2025/12/18",
      "plannedEndDate": "2025/12/18",
      "plannedDays": 1,
      "actualStartDate": "",
      "actualEndDate": "",
      "progress": "",
      "dependentId": "",
      "dependency": "",
      "isIncludeHolidays": false
    },
    "151c3a8d-c4e3-4b8f-905c-791235f67663": {
      "no": 45,
      "id": "151c3a8d-c4e3-4b8f-905c-791235f67663",
      "rowType": "Separator",
      "displayName": "公開準備",
      "isCollapsed": false,
      "minStartDate": "",
      "maxEndDate": "",
      "level": 0
    },
    "10d411f7-17d4-4246-a10a-dee1f1384a96": {
      "no": 46,
      "id": "10d411f7-17d4-4246-a10a-dee1f1384a96",
      "rowType": "Separator",
      "displayName": "公開作業",
      "isCollapsed": false,
      "minStartDate": "2025-12-16",
      "maxEndDate": "2025-12-20",
      "level": 1
    },
    "d36d9625-4713-477b-ac3e-47c55036de6d": {
      "no": 47,
      "id": "d36d9625-4713-477b-ac3e-47c55036de6d",
      "displayName": "本番環境構築",
      "rowType": "Chart",
      "textColumn1": "",
      "textColumn2": "",
      "textColumn3": "",
      "color": "GHI",
      "plannedStartDate": "2025/12/16",
      "plannedEndDate": "2025/12/17",
      "plannedDays": 2,
      "actualStartDate": "",
      "actualEndDate": "",
      "progress": "",
      "dependentId": "",
      "dependency": "",
      "isIncludeHolidays": false
    },
    "998551c1-a8b1-4eb6-8929-3242988c8dc4": {
      "rowType": "Chart",
      "no": 48,
      "id": "998551c1-a8b1-4eb6-8929-3242988c8dc4",
      "displayName": "データ移行",
      "textColumn1": "",
      "textColumn2": "",
      "textColumn3": "",
      "color": "GHI",
      "plannedStartDate": "2025/12/18",
      "plannedEndDate": "2025/12/19",
      "plannedDays": 2,
      "actualStartDate": "",
      "actualEndDate": "",
      "progress": "",
      "dependentId": "",
      "dependency": "",
      "isIncludeHolidays": false
    },
    "539955ee-24b3-4e5d-aa30-a636484c590f": {
      "rowType": "Chart",
      "no": 49,
      "id": "539955ee-24b3-4e5d-aa30-a636484c590f",
      "displayName": "DNS設定",
      "textColumn1": "",
      "textColumn2": "",
      "textColumn3": "",
      "color": "GHI",
      "plannedStartDate": "2025/12/19",
      "plannedEndDate": "2025/12/19",
      "plannedDays": 1,
      "actualStartDate": "",
      "actualEndDate": "",
      "progress": "",
      "dependentId": "",
      "dependency": "",
      "isIncludeHolidays": false
    },
    "6618d025-710a-401d-9cee-ac7c7cfe8e14": {
      "rowType": "Chart",
      "no": 50,
      "id": "6618d025-710a-401d-9cee-ac7c7cfe8e14",
      "displayName": "SSL証明書設定",
      "textColumn1": "",
      "textColumn2": "",
      "textColumn3": "",
      "color": "GHI",
      "plannedStartDate": "2025/12/19",
      "plannedEndDate": "2025/12/19",
      "plannedDays": 1,
      "actualStartDate": "",
      "actualEndDate": "",
      "progress": "",
      "dependentId": "",
      "dependency": "",
      "isIncludeHolidays": false
    },
    "4ca98dbc-ac23-4dec-b5aa-e435543c3fb5": {
      "rowType": "Chart",
      "no": 51,
      "id": "4ca98dbc-ac23-4dec-b5aa-e435543c3fb5",
      "displayName": "サイト公開",
      "textColumn1": "",
      "textColumn2": "",
      "textColumn3": "",
      "color": "ABC",
      "plannedStartDate": "2025/12/20",
      "plannedEndDate": "2025/12/20",
      "plannedDays": 0,
      "actualStartDate": "",
      "actualEndDate": "",
      "progress": "",
      "dependentId": "",
      "dependency": "",
      "isIncludeHolidays": false
    },
    "d960517e-87a8-48ae-847e-b718f18d1f00": {
      "no": 52,
      "id": "d960517e-87a8-48ae-847e-b718f18d1f00",
      "rowType": "Separator",
      "displayName": "公開後対応",
      "isCollapsed": false,
      "minStartDate": "2025-12-20",
      "maxEndDate": "2025-12-20",
      "level": 0
    },
    "30eed01f-187f-4b3d-8ddd-cf66f463fdec": {
      "rowType": "Chart",
      "no": 53,
      "id": "30eed01f-187f-4b3d-8ddd-cf66f463fdec",
      "displayName": "動作確認",
      "textColumn1": "",
      "textColumn2": "",
      "textColumn3": "",
      "color": "ABC",
      "plannedStartDate": "2025/12/20",
      "plannedEndDate": "2025/12/20",
      "plannedDays": 0,
      "actualStartDate": "",
      "actualEndDate": "",
      "progress": "",
      "dependentId": "",
      "dependency": "",
      "isIncludeHolidays": false
    },
    "dd1ea303-926e-4f38-bd93-e594ee6f0893": {
      "rowType": "Chart",
      "no": 54,
      "id": "dd1ea303-926e-4f38-bd93-e594ee6f0893",
      "displayName": "運用マニュアル作成",
      "textColumn1": "",
      "textColumn2": "",
      "textColumn3": "",
      "color": "ABC",
      "plannedStartDate": "2025/12/20",
      "plannedEndDate": "2025/12/20",
      "plannedDays": 0,
      "actualStartDate": "",
      "actualEndDate": "",
      "progress": "",
      "dependentId": "",
      "dependency": "",
      "isIncludeHolidays": false
    },
    "44a68e00-58b3-4458-8ca1-3c0438eb992f": {
      "rowType": "Chart",
      "no": 55,
      "id": "44a68e00-58b3-4458-8ca1-3c0438eb992f",
      "displayName": "",
      "textColumn1": "",
      "textColumn2": "",
      "textColumn3": "",
      "color": "",
      "plannedStartDate": "",
      "plannedEndDate": "",
      "plannedDays": null,
      "actualStartDate": "",
      "actualEndDate": "",
      "progress": "",
      "dependentId": "",
      "dependency": "",
      "isIncludeHolidays": false
    },
    "554b2c39-60fe-4403-9503-bef2158150bf": {
      "rowType": "Chart",
      "no": 56,
      "id": "554b2c39-60fe-4403-9503-bef2158150bf",
      "displayName": "",
      "textColumn1": "",
      "textColumn2": "",
      "textColumn3": "",
      "color": "",
      "plannedStartDate": "",
      "plannedEndDate": "",
      "plannedDays": null,
      "actualStartDate": "",
      "actualEndDate": "",
      "progress": "",
      "dependentId": "",
      "dependency": "",
      "isIncludeHolidays": false
    },
    "8a51429c-c149-4c1d-b8b9-426bbc1c0c23": {
      "rowType": "Chart",
      "no": 57,
      "id": "8a51429c-c149-4c1d-b8b9-426bbc1c0c23",
      "displayName": "",
      "textColumn1": "",
      "textColumn2": "",
      "textColumn3": "",
      "color": "",
      "plannedStartDate": "",
      "plannedEndDate": "",
      "plannedDays": null,
      "actualStartDate": "",
      "actualEndDate": "",
      "progress": "",
      "dependentId": "",
      "dependency": "",
      "isIncludeHolidays": false
    },
    "18f70c85-fe9b-4e4b-ba77-24126ade9fc3": {
      "rowType": "Chart",
      "no": 58,
      "id": "18f70c85-fe9b-4e4b-ba77-24126ade9fc3",
      "displayName": "",
      "textColumn1": "",
      "textColumn2": "",
      "textColumn3": "",
      "color": "",
      "plannedStartDate": "",
      "plannedEndDate": "",
      "plannedDays": null,
      "actualStartDate": "",
      "actualEndDate": "",
      "progress": "",
      "dependentId": "",
      "dependency": "",
      "isIncludeHolidays": false
    },
    "fad16ceb-0a17-41bc-8e38-b417368145cb": {
      "rowType": "Chart",
      "no": 59,
      "id": "fad16ceb-0a17-41bc-8e38-b417368145cb",
      "displayName": "",
      "textColumn1": "",
      "textColumn2": "",
      "textColumn3": "",
      "color": "",
      "plannedStartDate": "",
      "plannedEndDate": "",
      "plannedDays": null,
      "actualStartDate": "",
      "actualEndDate": "",
      "progress": "",
      "dependentId": "",
      "dependency": "",
      "isIncludeHolidays": false
    },
    "b655cb16-d478-4589-b518-5cb5b0d163b7": {
      "rowType": "Chart",
      "no": 60,
      "id": "b655cb16-d478-4589-b518-5cb5b0d163b7",
      "displayName": "",
      "textColumn1": "",
      "textColumn2": "",
      "textColumn3": "",
      "color": "",
      "plannedStartDate": "",
      "plannedEndDate": "",
      "plannedDays": null,
      "actualStartDate": "",
      "actualEndDate": "",
      "progress": "",
      "dependentId": "",
      "dependency": "",
      "isIncludeHolidays": false
    }
  },
  "holidayInput": "2022/01/01 土 元日\r\n2022/01/02 日 銀行休業日\r\n2022/01/03 月 銀行休業日\r\n2022/01/10 月 成人の日\r\n2022/02/11 金 建国記念の日\r\n2022/02/23 水 天皇誕生日\r\n2022/03/21 月 春分の日\r\n2022/04/29 金 昭和の日\r\n2022/05/03 火 憲法記念日\r\n2022/05/04 水 みどりの日\r\n2022/05/05 木 こどもの日\r\n2022/07/18 月 海の日\r\n2022/08/11 木 山の日\r\n2022/09/19 月 敬老の日\r\n2022/09/23 金 秋分の日\r\n2022/10/10 月 スポーツの日\r\n2022/11/03 木 文化の日\r\n2022/11/23 水 勤労感謝の日\r\n2022/12/31 土 大晦日\r\n2023/01/01 日 元日\r\n2023/01/02 月 元日 (振替休日)\r\n2023/01/02 月 銀行休業日\r\n2023/01/03 火 銀行休業日\r\n2023/01/09 月 成人の日\r\n2023/02/11 土 建国記念の日\r\n2023/02/23 木 天皇誕生日\r\n2023/03/21 火 春分の日\r\n2023/04/29 土 昭和の日\r\n2023/05/03 水 憲法記念日\r\n2023/05/04 木 みどりの日\r\n2023/05/05 金 こどもの日\r\n2023/07/17 月 海の日\r\n2023/08/11 金 山の日\r\n2023/09/18 月 敬老の日\r\n2023/09/23 土 秋分の日\r\n2023/10/09 月 スポーツの日\r\n2023/11/03 金 文化の日\r\n2023/11/23 木 勤労感謝の日\r\n2023/12/31 日 大晦日\r\n2024/01/01 月 元日\r\n2024/01/02 火 銀行休業日\r\n2024/01/03 水 銀行休業日\r\n2024/01/08 月 成人の日\r\n2024/02/11 日 建国記念の日\r\n2024/02/12 月 建国記念の日 (振替休日)\r\n2024/02/23 金 天皇誕生日\r\n2024/03/20 水 春分の日\r\n2024/04/29 月 昭和の日\r\n2024/05/03 金 憲法記念日\r\n2024/05/04 土 みどりの日\r\n2024/05/05 日 こどもの日\r\n2024/05/06 月 こどもの日 (振替休日)\r\n2024/07/15 月 海の日\r\n2024/08/11 日 山の日\r\n2024/08/12 月 山の日 (振替休日)\r\n2024/09/16 月 敬老の日\r\n2024/09/22 日 秋分の日\r\n2024/09/23 月 秋分の日 (振替休日)\r\n2024/10/14 月 スポーツの日\r\n2024/11/03 日 文化の日\r\n2024/11/04 月 文化の日 (振替休日)\r\n2024/11/23 土 勤労感謝の日\r\n2024/12/31 火 大晦日\r\n2025/01/01 水 元日\r\n2025/01/02 木 銀行休業日\r\n2025/01/03 金 銀行休業日\r\n2025/01/13 月 成人の日\r\n2025/02/11 火 建国記念の日\r\n2025/02/23 日 天皇誕生日\r\n2025/02/24 月 天皇誕生日 (振替休日)\r\n2025/03/20 木 春分の日\r\n2025/04/29 火 昭和の日\r\n2025/05/03 土 憲法記念日\r\n2025/05/04 日 みどりの日\r\n2025/05/05 月 こどもの日\r\n2025/05/06 火 みどりの日 (振替休日)\r\n2025/07/21 月 海の日\r\n2025/08/11 月 山の日\r\n2025/09/15 月 敬老の日\r\n2025/09/23 火 秋分の日\r\n2025/10/13 月 スポーツの日\r\n2025/11/03 月 文化の日\r\n2025/11/23 日 勤労感謝の日\r\n2025/11/24 月 勤労感謝の日 (振替休日)\r\n2025/12/31 水 大晦日\r\n2026/01/01 木 元日\r\n2026/01/02 金 銀行休業日\r\n2026/01/03 土 銀行休業日\r\n2026/01/12 月 成人の日\r\n2026/02/11 水 建国記念の日\r\n2026/02/23 月 天皇誕生日\r\n2026/03/20 金 春分の日\r\n2026/04/29 水 昭和の日\r\n2026/05/03 日 憲法記念日\r\n2026/05/04 月 みどりの日\r\n2026/05/05 火 こどもの日\r\n2026/05/06 水 憲法記念日 (振替休日)\r\n2026/07/20 月 海の日\r\n2026/08/11 火 山の日\r\n2026/09/21 月 敬老の日\r\n2026/09/22 火 国民の休日\r\n2026/09/23 水 秋分の日\r\n2026/10/12 月 スポーツの日\r\n2026/11/03 火 文化の日\r\n2026/11/23 月 勤労感謝の日\r\n2026/12/31 木 大晦日\r\n2027/01/01 金 元日\r\n2027/01/02 土 銀行休業日\r\n2027/01/03 日 銀行休業日\r\n2027/01/11 月 成人の日\r\n2027/02/11 木 建国記念の日\r\n2027/02/23 火 天皇誕生日\r\n2027/03/21 日 春分の日\r\n2027/03/22 月 春分の日 (振替休日)\r\n2027/04/29 木 昭和の日\r\n2027/05/03 月 憲法記念日\r\n2027/05/04 火 みどりの日\r\n2027/05/05 水 こどもの日\r\n2027/07/19 月 海の日\r\n2027/08/11 水 山の日\r\n2027/09/20 月 敬老の日\r\n2027/09/23 木 秋分の日\r\n2027/10/11 月 スポーツの日\r\n2027/11/03 水 文化の日\r\n2027/11/23 火 勤労感謝の日\r\n2027/12/31 金 大晦日\r\n2028/01/01 土 元日\r\n2028/01/02 日 銀行休業日\r\n2028/01/03 月 銀行休業日\r\n2028/01/10 月 成人の日\r\n2028/02/11 金 建国記念の日\r\n2028/02/23 水 天皇誕生日\r\n2028/03/20 月 春分の日\r\n2028/04/29 土 昭和の日\r\n2028/05/03 水 憲法記念日\r\n2028/05/04 木 みどりの日\r\n2028/05/05 金 こどもの日\r\n2028/07/17 月 海の日\r\n2028/08/11 金 山の日\r\n2028/09/18 月 敬老の日\r\n2028/09/22 金 秋分の日\r\n2028/10/09 月 スポーツの日\r\n2028/11/03 金 文化の日\r\n2028/11/23 木 勤労感謝の日\r\n2028/12/31 日 大晦日\r\n2029/01/01 月 元日\r\n2029/01/02 火 銀行休業日\r\n2029/01/03 水 銀行休業日\r\n2029/01/08 月 成人の日\r\n2029/02/11 日 建国記念の日\r\n2029/02/12 月 建国記念の日 (振替休日)\r\n2029/02/23 金 天皇誕生日\r\n2029/03/20 火 春分の日\r\n2029/04/29 日 昭和の日\r\n2029/04/30 月 昭和の日 (振替休日)\r\n2029/05/03 木 憲法記念日\r\n2029/05/04 金 みどりの日\r\n2029/05/05 土 こどもの日\r\n2029/07/16 月 海の日\r\n2029/08/11 土 山の日\r\n2029/09/17 月 敬老の日\r\n2029/09/23 日 秋分の日\r\n2029/09/24 月 秋分の日 (振替休日)\r\n2029/10/08 月 スポーツの日\r\n2029/11/03 土 文化の日\r\n2029/11/23 金 勤労感謝の日\r\n2029/12/31 月 大晦日",
  "holidayColor": {
    "color": "rgba(238, 238, 238, 1)",
    "subColor": "rgba(238,238,238,0.5)"
  },
  "regularDaysOffSetting": {
    "1": {
      "color": "#d9e6ff",
      "subColor": "#d9e6ff80",
      "days": []
    },
    "2": {
      "color": "#ffdcdc",
      "subColor": "#ffdcdc80",
      "days": []
    },
    "3": {
      "color": "rgba(238, 238, 238, 1)",
      "subColor": "rgba(238,238,238,0.5)",
      "days": [
        0,
        6
      ]
    }
  },
  "wbsWidth": 536,
  "calendarWidth": 2338,
  "cellWidth": 7,
  "title": "【サンプル】コーポレートサイトリニューアルプロジェクト",
  "showYear": false,
  "dateFormat": "yyyy/M/d",
  "treeData": [],
  "noteData": {},
  "language": "ja"
}