{
  "colors": {
    "1": {
      "alias": "",
      "color": "#70ecff51"
    },
    "2": {
      "alias": "",
      "color": "#70b0ff51"
    },
    "3": {
      "alias": "GHI社",
      "color": "rgba(138, 112, 255, 0.54)"
    },
    "4": {
      "alias": "",
      "color": "#ff70ea51"
    },
    "5": {
      "alias": "ABC社",
      "color": "rgba(255, 112, 112, 0.55)"
    },
    "6": {
      "alias": "",
      "color": "#fffe7051"
    },
    "7": {
      "alias": "DEF社",
      "color": "rgba(118, 255, 112, 0.58)"
    },
    "8": {
      "alias": "",
      "color": "#76ff7051"
    },
    "9": {
      "alias": "",
      "color": "#76ff7051"
    },
    "10": {
      "alias": "",
      "color": "#76ff7051"
    },
    "999": {
      "alias": "",
      "color": "#0000003d"
    }
  },
  "dateRange": {
    "startDate": "2025-07-01",
    "endDate": "2027-07-13"
  },
  "columns": [
    {
      "columnId": "no",
      "columnName": "No",
      "width": 37,
      "resizable": false,
      "visible": true
    },
    {
      "columnId": "displayName",
      "columnName": "表示名",
      "width": 207,
      "resizable": true,
      "reorderable": true,
      "visible": true
    },
    {
      "columnId": "color",
      "columnName": "色",
      "width": 89,
      "resizable": true,
      "reorderable": true,
      "visible": true
    },
    {
      "columnId": "plannedStartDate",
      "columnName": "予始",
      "width": 50,
      "resizable": true,
      "reorderable": true,
      "visible": true
    },
    {
      "columnId": "plannedEndDate",
      "columnName": "予終",
      "width": 50,
      "resizable": true,
      "reorderable": true,
      "visible": true
    },
    {
      "columnId": "plannedDays",
      "columnName": "日",
      "width": 40,
      "resizable": true,
      "reorderable": true,
      "visible": true
    },
    {
      "columnId": "actualStartDate",
      "columnName": "実始",
      "width": 50,
      "resizable": true,
      "reorderable": true,
      "visible": true
    },
    {
      "columnId": "actualEndDate",
      "columnName": "実終",
      "width": 50,
      "resizable": true,
      "reorderable": true,
      "visible": true
    },
    {
      "columnId": "progress",
      "columnName": "進捗",
      "width": 50,
      "resizable": true,
      "reorderable": true,
      "visible": true
    },
    {
      "columnId": "dependency",
      "columnName": "依存関係",
      "width": 92,
      "resizable": true,
      "reorderable": true,
      "visible": true
    },
    {
      "columnId": "textColumn1",
      "columnName": "Text1",
      "width": 50,
      "resizable": true,
      "reorderable": true,
      "visible": true
    },
    {
      "columnId": "textColumn2",
      "columnName": "Text2",
      "width": 50,
      "resizable": true,
      "reorderable": true,
      "visible": true
    },
    {
      "columnId": "textColumn3",
      "columnName": "Text3",
      "width": 50,
      "resizable": true,
      "reorderable": true,
      "visible": true
    },
    {
      "columnId": "isIncludeHolidays",
      "columnName": "含休日",
      "width": 50,
      "resizable": true,
      "reorderable": true,
      "visible": true
    }
  ],
  "data": {
    "a4127919-679e-499e-a0ad-bbbafc43b9d0": {
      "no": 1,
      "id": "a4127919-679e-499e-a0ad-bbbafc43b9d0",
      "rowType": "Separator",
      "displayName": "プロジェクト立ち上げフェーズ",
      "isCollapsed": false,
      "minStartDate": "2025-07-09",
      "maxEndDate": "2025-08-18",
      "level": 0
    },
    "13587bcc-72c2-4f29-9bbc-7aaf5b93bbb1": {
      "no": 2,
      "id": "13587bcc-72c2-4f29-9bbc-7aaf5b93bbb1",
      "displayName": "プロジェクトキックオフ",
      "rowType": "Chart",
      "textColumn1": "",
      "textColumn2": "",
      "textColumn3": "",
      "color": "ABC社",
      "plannedStartDate": "2025/7/9",
      "plannedEndDate": "2025/7/11",
      "plannedDays": 3,
      "actualStartDate": "2025/7/9",
      "actualEndDate": "2025/7/11",
      "progress": "",
      "dependentId": "",
      "dependency": "",
      "isIncludeHolidays": false
    },
    "3da0163d-5b6e-4b9d-aea1-1e07bf072349": {
      "no": 3,
      "id": "3da0163d-5b6e-4b9d-aea1-1e07bf072349",
      "displayName": "要件定義・スコープ確認",
      "rowType": "Chart",
      "textColumn1": "",
      "textColumn2": "",
      "textColumn3": "",
      "color": "ABC社",
      "plannedStartDate": "2025/07/14",
      "plannedEndDate": "2025/07/25",
      "plannedDays": 9,
      "actualStartDate": "2025/7/14",
      "actualEndDate": "2025/7/25",
      "progress": "",
      "dependentId": "13587bcc-72c2-4f29-9bbc-7aaf5b93bbb1",
      "dependency": "after,-1,1",
      "isIncludeHolidays": false
    },
    "30fd7bb4-f49e-47a4-aa4d-23d5ad17591f": {
      "no": 4,
      "id": "30fd7bb4-f49e-47a4-aa4d-23d5ad17591f",
      "displayName": "プロジェクト計画書作成",
      "rowType": "Chart",
      "textColumn1": "",
      "textColumn2": "",
      "textColumn3": "",
      "color": "ABC社",
      "plannedStartDate": "2025/07/28",
      "plannedEndDate": "2025/08/08",
      "plannedDays": 10,
      "actualStartDate": "",
      "actualEndDate": "",
      "progress": "",
      "dependentId": "3da0163d-5b6e-4b9d-aea1-1e07bf072349",
      "dependency": "after,-1,1",
      "isIncludeHolidays": false
    },
    "1d53e401-bf48-4c5f-9ff8-b9cd956161b9": {
      "no": 5,
      "id": "1d53e401-bf48-4c5f-9ff8-b9cd956161b9",
      "displayName": "ステークホルダー承認",
      "rowType": "Chart",
      "textColumn1": "",
      "textColumn2": "",
      "textColumn3": "",
      "color": "ABC社",
      "plannedStartDate": "2025/08/12",
      "plannedEndDate": "2025/08/18",
      "plannedDays": 5,
      "actualStartDate": "",
      "actualEndDate": "",
      "progress": "",
      "dependentId": "30fd7bb4-f49e-47a4-aa4d-23d5ad17591f",
      "dependency": "after,-1,1",
      "isIncludeHolidays": false
    },
    "22b324ad-cc66-476e-8f2c-9a85a015af4e": {
      "no": 6,
      "id": "22b324ad-cc66-476e-8f2c-9a85a015af4e",
      "rowType": "Separator",
      "displayName": "要件定義フェーズ",
      "isCollapsed": false,
      "minStartDate": "",
      "maxEndDate": "",
      "level": 0
    },
    "d7cad44e-234e-44b5-9c7f-55c0288780db": {
      "no": 7,
      "id": "d7cad44e-234e-44b5-9c7f-55c0288780db",
      "rowType": "Separator",
      "displayName": "業務要件ヒアリング",
      "isCollapsed": false,
      "minStartDate": "2025-08-18",
      "maxEndDate": "2025-10-10",
      "level": 1
    },
    "4e0f9f92-a0d7-46d2-85b8-bb38b622f776": {
      "no": 8,
      "id": "4e0f9f92-a0d7-46d2-85b8-bb38b622f776",
      "displayName": "現行システム調査",
      "rowType": "Chart",
      "textColumn1": "",
      "textColumn2": "",
      "textColumn3": "",
      "color": "DEF社",
      "plannedStartDate": "2025/8/18",
      "plannedEndDate": "2025/8/29",
      "plannedDays": 10,
      "actualStartDate": "",
      "actualEndDate": "",
      "progress": "",
      "dependentId": "",
      "dependency": "",
      "isIncludeHolidays": false
    },
    "d4616bdb-33d0-4636-8c81-c1e885a3afec": {
      "no": 9,
      "id": "d4616bdb-33d0-4636-8c81-c1e885a3afec",
      "displayName": "業務フロー分析",
      "rowType": "Chart",
      "textColumn1": "",
      "textColumn2": "",
      "textColumn3": "",
      "color": "DEF社",
      "plannedStartDate": "2025/09/01",
      "plannedEndDate": "2025/09/12",
      "plannedDays": 10,
      "actualStartDate": "",
      "actualEndDate": "",
      "progress": "",
      "dependentId": "4e0f9f92-a0d7-46d2-85b8-bb38b622f776",
      "dependency": "after,-1,1",
      "isIncludeHolidays": false
    },
    "0aa6d0e2-d651-49e4-83c4-7331374e980a": {
      "no": 10,
      "id": "0aa6d0e2-d651-49e4-83c4-7331374e980a",
      "displayName": "ユーザーインタビュー",
      "rowType": "Chart",
      "textColumn1": "",
      "textColumn2": "",
      "textColumn3": "",
      "color": "ABC社",
      "plannedStartDate": "2025/09/16",
      "plannedEndDate": "2025/09/26",
      "plannedDays": 8,
      "actualStartDate": "",
      "actualEndDate": "",
      "progress": "",
      "dependentId": "d4616bdb-33d0-4636-8c81-c1e885a3afec",
      "dependency": "after,-1,1",
      "isIncludeHolidays": false
    },
    "680f7c5d-132e-4c08-b060-be015e2f8bc7": {
      "no": 11,
      "id": "680f7c5d-132e-4c08-b060-be015e2f8bc7",
      "displayName": "要件仕様書作成",
      "rowType": "Chart",
      "textColumn1": "",
      "textColumn2": "",
      "textColumn3": "",
      "color": "ABC社",
      "plannedStartDate": "2025/09/29",
      "plannedEndDate": "2025/10/10",
      "plannedDays": 10,
      "actualStartDate": "",
      "actualEndDate": "",
      "progress": "",
      "dependentId": "0aa6d0e2-d651-49e4-83c4-7331374e980a",
      "dependency": "after,-1,1",
      "isIncludeHolidays": false
    },
    "87f0e7fa-e39e-4b78-8509-344e6753f855": {
      "no": 12,
      "id": "87f0e7fa-e39e-4b78-8509-344e6753f855",
      "rowType": "Separator",
      "displayName": "機能要件定義",
      "isCollapsed": false,
      "minStartDate": "2025-10-14",
      "maxEndDate": "2025-12-05",
      "level": 1
    },
    "a778d012-4ef0-46c9-8b65-b20d873ec678": {
      "no": 13,
      "id": "a778d012-4ef0-46c9-8b65-b20d873ec678",
      "displayName": "基本機能要件整理",
      "rowType": "Chart",
      "textColumn1": "",
      "textColumn2": "",
      "textColumn3": "",
      "color": "DEF社",
      "plannedStartDate": "2025/10/14",
      "plannedEndDate": "2025/10/24",
      "plannedDays": 9,
      "actualStartDate": "",
      "actualEndDate": "",
      "progress": "",
      "dependentId": "",
      "dependency": "",
      "isIncludeHolidays": false
    },
    "7b6c9356-0b98-4f11-bb3b-bda9837c121d": {
      "no": 14,
      "id": "7b6c9356-0b98-4f11-bb3b-bda9837c121d",
      "displayName": "非機能要件定義",
      "rowType": "Chart",
      "textColumn1": "",
      "textColumn2": "",
      "textColumn3": "",
      "color": "DEF社",
      "plannedStartDate": "2025/10/27",
      "plannedEndDate": "2025/11/07",
      "plannedDays": 9,
      "actualStartDate": "",
      "actualEndDate": "",
      "progress": "",
      "dependentId": "a778d012-4ef0-46c9-8b65-b20d873ec678",
      "dependency": "after,-1,1",
      "isIncludeHolidays": false
    },
    "f6c4499e-6e46-4cf0-8e35-92d59825de23": {
      "no": 15,
      "id": "f6c4499e-6e46-4cf0-8e35-92d59825de23",
      "displayName": "システム連携要件",
      "rowType": "Chart",
      "textColumn1": "",
      "textColumn2": "",
      "textColumn3": "",
      "color": "GHI社",
      "plannedStartDate": "2025/11/10",
      "plannedEndDate": "2025/11/21",
      "plannedDays": 10,
      "actualStartDate": "",
      "actualEndDate": "",
      "progress": "",
      "dependentId": "7b6c9356-0b98-4f11-bb3b-bda9837c121d",
      "dependency": "after,-1,1",
      "isIncludeHolidays": false
    },
    "e8c348e2-a70a-4188-81a8-a23b1191e953": {
      "no": 16,
      "id": "e8c348e2-a70a-4188-81a8-a23b1191e953",
      "displayName": "要件レビュー・承認",
      "rowType": "Chart",
      "textColumn1": "",
      "textColumn2": "",
      "textColumn3": "",
      "color": "ABC社",
      "plannedStartDate": "2025/11/25",
      "plannedEndDate": "2025/12/05",
      "plannedDays": 9,
      "actualStartDate": "",
      "actualEndDate": "",
      "progress": "",
      "dependentId": "f6c4499e-6e46-4cf0-8e35-92d59825de23",
      "dependency": "after,-1,1",
      "isIncludeHolidays": false
    },
    "1abf8460-b3ed-4f04-b210-3694734d7fc3": {
      "no": 17,
      "id": "1abf8460-b3ed-4f04-b210-3694734d7fc3",
      "rowType": "Separator",
      "displayName": "基本設計フェーズ",
      "isCollapsed": false,
      "minStartDate": "",
      "maxEndDate": "",
      "level": 0
    },
    "57e8bfed-65b8-4919-a1de-00c94d59fc02": {
      "no": 18,
      "id": "57e8bfed-65b8-4919-a1de-00c94d59fc02",
      "rowType": "Separator",
      "displayName": "システム全体設計",
      "isCollapsed": false,
      "minStartDate": "2025-12-09",
      "maxEndDate": "2026-02-03",
      "level": 1
    },
    "f790ce07-8e4b-4848-9107-ecce2053a312": {
      "no": 19,
      "id": "f790ce07-8e4b-4848-9107-ecce2053a312",
      "displayName": "システム構成設計",
      "rowType": "Chart",
      "textColumn1": "",
      "textColumn2": "",
      "textColumn3": "",
      "color": "GHI社",
      "plannedStartDate": "2025/12/9",
      "plannedEndDate": "2025/12/20",
      "plannedDays": 9,
      "actualStartDate": "",
      "actualEndDate": "",
      "progress": "",
      "dependentId": "",
      "dependency": "",
      "isIncludeHolidays": false
    },
    "38eaf7d4-5105-435e-91c5-b682152cfaca": {
      "no": 20,
      "id": "38eaf7d4-5105-435e-91c5-b682152cfaca",
      "displayName": "データベース基本設計",
      "rowType": "Chart",
      "textColumn1": "",
      "textColumn2": "",
      "textColumn3": "",
      "color": "GHI社",
      "plannedStartDate": "2025/12/22",
      "plannedEndDate": "2026/01/08",
      "plannedDays": 11,
      "actualStartDate": "",
      "actualEndDate": "",
      "progress": "",
      "dependentId": "f790ce07-8e4b-4848-9107-ecce2053a312",
      "dependency": "after,-1,1",
      "isIncludeHolidays": false
    },
    "3f84c6fc-6585-4b23-b37d-e997f59b0501": {
      "no": 21,
      "id": "3f84c6fc-6585-4b23-b37d-e997f59b0501",
      "displayName": "API基本設計",
      "rowType": "Chart",
      "textColumn1": "",
      "textColumn2": "",
      "textColumn3": "",
      "color": "DEF社",
      "plannedStartDate": "2026/01/09",
      "plannedEndDate": "2026/01/21",
      "plannedDays": 8,
      "actualStartDate": "",
      "actualEndDate": "",
      "progress": "",
      "dependentId": "38eaf7d4-5105-435e-91c5-b682152cfaca",
      "dependency": "after,-1,1",
      "isIncludeHolidays": false
    },
    "fd53a1d2-9bfb-4832-9014-5d1c43a37247": {
      "no": 22,
      "id": "fd53a1d2-9bfb-4832-9014-5d1c43a37247",
      "displayName": "セキュリティ基本設計",
      "rowType": "Chart",
      "textColumn1": "",
      "textColumn2": "",
      "textColumn3": "",
      "color": "GHI社",
      "plannedStartDate": "2026/01/22",
      "plannedEndDate": "2026/02/03",
      "plannedDays": 9,
      "actualStartDate": "",
      "actualEndDate": "",
      "progress": "",
      "dependentId": "3f84c6fc-6585-4b23-b37d-e997f59b0501",
      "dependency": "after,-1,1",
      "isIncludeHolidays": false
    },
    "4b6df1c3-c1f2-4374-b243-9e51ecbdf491": {
      "no": 23,
      "id": "4b6df1c3-c1f2-4374-b243-9e51ecbdf491",
      "rowType": "Separator",
      "displayName": "画面設計",
      "isCollapsed": false,
      "minStartDate": "2026-02-10",
      "maxEndDate": "2026-03-18",
      "level": 1
    },
    "c8daf9d9-4ffe-4565-895e-c6c27052ef57": {
      "no": 24,
      "id": "c8daf9d9-4ffe-4565-895e-c6c27052ef57",
      "displayName": "画面遷移設計",
      "rowType": "Chart",
      "textColumn1": "",
      "textColumn2": "",
      "textColumn3": "",
      "color": "ABC社",
      "plannedStartDate": "2026/2/10",
      "plannedEndDate": "2026/2/21",
      "plannedDays": 8,
      "actualStartDate": "",
      "actualEndDate": "",
      "progress": "",
      "dependentId": "",
      "dependency": "",
      "isIncludeHolidays": false
    },
    "e40a4f9b-833b-4be7-b950-bf7042f59163": {
      "no": 25,
      "id": "e40a4f9b-833b-4be7-b950-bf7042f59163",
      "displayName": "UI/UX基本設計",
      "rowType": "Chart",
      "textColumn1": "",
      "textColumn2": "",
      "textColumn3": "",
      "color": "ABC社",
      "plannedStartDate": "2026/02/24",
      "plannedEndDate": "2026/03/06",
      "plannedDays": 9,
      "actualStartDate": "",
      "actualEndDate": "",
      "progress": "",
      "dependentId": "c8daf9d9-4ffe-4565-895e-c6c27052ef57",
      "dependency": "after,-1,1",
      "isIncludeHolidays": false
    },
    "1272b2c6-59f5-45c8-a2f7-efae36dc5d94": {
      "no": 26,
      "id": "1272b2c6-59f5-45c8-a2f7-efae36dc5d94",
      "displayName": "レスポンシブ対応設計",
      "rowType": "Chart",
      "textColumn1": "",
      "textColumn2": "",
      "textColumn3": "",
      "color": "DEF社",
      "plannedStartDate": "2026/03/09",
      "plannedEndDate": "2026/03/18",
      "plannedDays": 8,
      "actualStartDate": "",
      "actualEndDate": "",
      "progress": "",
      "dependentId": "e40a4f9b-833b-4be7-b950-bf7042f59163",
      "dependency": "after,-1,1",
      "isIncludeHolidays": false
    },
    "ceeee1a6-7972-4815-bac5-b2586813d7d3": {
      "no": 27,
      "id": "ceeee1a6-7972-4815-bac5-b2586813d7d3",
      "rowType": "Separator",
      "displayName": "詳細設計フェーズ",
      "isCollapsed": false,
      "minStartDate": "",
      "maxEndDate": "",
      "level": 0
    },
    "8f753ec5-0270-451e-b48a-45404ec5e3b3": {
      "no": 28,
      "id": "8f753ec5-0270-451e-b48a-45404ec5e3b3",
      "rowType": "Separator",
      "displayName": "バックエンド詳細設計",
      "isCollapsed": false,
      "minStartDate": "2025-08-18",
      "maxEndDate": "2025-11-21",
      "level": 1
    },
    "d6e43a6f-15d7-4f02-a645-ac22e560759a": {
      "no": 29,
      "id": "d6e43a6f-15d7-4f02-a645-ac22e560759a",
      "displayName": "認証・認可機能詳細設計",
      "rowType": "Chart",
      "textColumn1": "",
      "textColumn2": "",
      "textColumn3": "",
      "color": "GHI社",
      "plannedStartDate": "2025/8/18",
      "plannedEndDate": "2025/8/29",
      "plannedDays": 10,
      "actualStartDate": "",
      "actualEndDate": "",
      "progress": "",
      "dependentId": "",
      "dependency": "",
      "isIncludeHolidays": false
    },
    "c7e2a615-f888-4109-b110-3c28d4eff904": {
      "no": 30,
      "id": "c7e2a615-f888-4109-b110-3c28d4eff904",
      "displayName": "ユーザー管理機能詳細設計",
      "rowType": "Chart",
      "textColumn1": "",
      "textColumn2": "",
      "textColumn3": "",
      "color": "GHI社",
      "plannedStartDate": "2025/09/01",
      "plannedEndDate": "2025/09/12",
      "plannedDays": 10,
      "actualStartDate": "",
      "actualEndDate": "",
      "progress": "",
      "dependentId": "d6e43a6f-15d7-4f02-a645-ac22e560759a",
      "dependency": "after,-1,1",
      "isIncludeHolidays": false
    },
    "e88a70b2-6e2d-46ff-88b8-dba3806f2e95": {
      "no": 31,
      "id": "e88a70b2-6e2d-46ff-88b8-dba3806f2e95",
      "displayName": "商品管理機能詳細設計",
      "rowType": "Chart",
      "textColumn1": "",
      "textColumn2": "",
      "textColumn3": "",
      "color": "DEF社",
      "plannedStartDate": "2025/09/16",
      "plannedEndDate": "2025/09/26",
      "plannedDays": 8,
      "actualStartDate": "",
      "actualEndDate": "",
      "progress": "",
      "dependentId": "c7e2a615-f888-4109-b110-3c28d4eff904",
      "dependency": "after,-1,1",
      "isIncludeHolidays": false
    },
    "2919a2f7-f98d-4305-a876-54ab34020587": {
      "no": 32,
      "id": "2919a2f7-f98d-4305-a876-54ab34020587",
      "displayName": "在庫管理機能詳細設計",
      "rowType": "Chart",
      "textColumn1": "",
      "textColumn2": "",
      "textColumn3": "",
      "color": "DEF社",
      "plannedStartDate": "2025/09/29",
      "plannedEndDate": "2025/10/10",
      "plannedDays": 10,
      "actualStartDate": "",
      "actualEndDate": "",
      "progress": "",
      "dependentId": "e88a70b2-6e2d-46ff-88b8-dba3806f2e95",
      "dependency": "after,-1,1",
      "isIncludeHolidays": false
    },
    "e2748e5e-12f2-4571-874b-5def816b05a6": {
      "no": 33,
      "id": "e2748e5e-12f2-4571-874b-5def816b05a6",
      "displayName": "注文管理機能詳細設計",
      "rowType": "Chart",
      "textColumn1": "",
      "textColumn2": "",
      "textColumn3": "",
      "color": "ABC社",
      "plannedStartDate": "2025/10/14",
      "plannedEndDate": "2025/10/24",
      "plannedDays": 9,
      "actualStartDate": "",
      "actualEndDate": "",
      "progress": "",
      "dependentId": "2919a2f7-f98d-4305-a876-54ab34020587",
      "dependency": "after,-1,1",
      "isIncludeHolidays": false
    },
    "cba9827e-54ec-403d-984c-17c64adb6afe": {
      "no": 34,
      "id": "cba9827e-54ec-403d-984c-17c64adb6afe",
      "displayName": "決済機能詳細設計",
      "rowType": "Chart",
      "textColumn1": "",
      "textColumn2": "",
      "textColumn3": "",
      "color": "GHI社",
      "plannedStartDate": "2025/10/27",
      "plannedEndDate": "2025/11/07",
      "plannedDays": 9,
      "actualStartDate": "",
      "actualEndDate": "",
      "progress": "",
      "dependentId": "e2748e5e-12f2-4571-874b-5def816b05a6",
      "dependency": "after,-1,1",
      "isIncludeHolidays": false
    },
    "f4c71567-cbd6-4f80-a79a-0992b49d029a": {
      "no": 35,
      "id": "f4c71567-cbd6-4f80-a79a-0992b49d029a",
      "displayName": "レポート機能詳細設計",
      "rowType": "Chart",
      "textColumn1": "",
      "textColumn2": "",
      "textColumn3": "",
      "color": "DEF社",
      "plannedStartDate": "2025/11/10",
      "plannedEndDate": "2025/11/21",
      "plannedDays": 10,
      "actualStartDate": "",
      "actualEndDate": "",
      "progress": "",
      "dependentId": "cba9827e-54ec-403d-984c-17c64adb6afe",
      "dependency": "after,-1,1",
      "isIncludeHolidays": false
    },
    "2b325b5b-f829-436e-8fe3-e85c4709846d": {
      "no": 36,
      "id": "2b325b5b-f829-436e-8fe3-e85c4709846d",
      "rowType": "Separator",
      "displayName": "フロントエンド詳細設計",
      "isCollapsed": false,
      "minStartDate": "2025-11-25",
      "maxEndDate": "2026-02-27",
      "level": 1
    },
    "32f13188-0cfd-4b1c-97b7-157bd75649f3": {
      "no": 37,
      "id": "32f13188-0cfd-4b1c-97b7-157bd75649f3",
      "displayName": "ログイン画面詳細設計",
      "rowType": "Chart",
      "textColumn1": "",
      "textColumn2": "",
      "textColumn3": "",
      "color": "ABC社",
      "plannedStartDate": "2025/11/25",
      "plannedEndDate": "2025/12/6",
      "plannedDays": 9,
      "actualStartDate": "",
      "actualEndDate": "",
      "progress": "",
      "dependentId": "",
      "dependency": "",
      "isIncludeHolidays": false
    },
    "7db0555a-fb3c-49bd-9d1a-9cdbc7bb647c": {
      "no": 38,
      "id": "7db0555a-fb3c-49bd-9d1a-9cdbc7bb647c",
      "displayName": "ダッシュボード画面詳細設計",
      "rowType": "Chart",
      "textColumn1": "",
      "textColumn2": "",
      "textColumn3": "",
      "color": "ABC社",
      "plannedStartDate": "2025/12/08",
      "plannedEndDate": "2025/12/18",
      "plannedDays": 9,
      "actualStartDate": "",
      "actualEndDate": "",
      "progress": "",
      "dependentId": "32f13188-0cfd-4b1c-97b7-157bd75649f3",
      "dependency": "after,-1,1",
      "isIncludeHolidays": false
    },
    "80a649fa-b8c6-4f6c-9f92-02886d59de93": {
      "no": 39,
      "id": "80a649fa-b8c6-4f6c-9f92-02886d59de93",
      "displayName": "商品一覧画面詳細設計",
      "rowType": "Chart",
      "textColumn1": "",
      "textColumn2": "",
      "textColumn3": "",
      "color": "DEF社",
      "plannedStartDate": "2025/12/19",
      "plannedEndDate": "2026/01/07",
      "plannedDays": 11,
      "actualStartDate": "",
      "actualEndDate": "",
      "progress": "",
      "dependentId": "7db0555a-fb3c-49bd-9d1a-9cdbc7bb647c",
      "dependency": "after,-1,1",
      "isIncludeHolidays": false
    },
    "bffc60e2-8f77-4ca6-8753-f2aa3cf91d2c": {
      "no": 40,
      "id": "bffc60e2-8f77-4ca6-8753-f2aa3cf91d2c",
      "displayName": "商品詳細画面詳細設計",
      "rowType": "Chart",
      "textColumn1": "",
      "textColumn2": "",
      "textColumn3": "",
      "color": "DEF社",
      "plannedStartDate": "2026/01/08",
      "plannedEndDate": "2026/01/20",
      "plannedDays": 8,
      "actualStartDate": "",
      "actualEndDate": "",
      "progress": "",
      "dependentId": "80a649fa-b8c6-4f6c-9f92-02886d59de93",
      "dependency": "after,-1,1",
      "isIncludeHolidays": false
    },
    "c589da25-3b6c-4419-a64f-833e1e1722a6": {
      "no": 41,
      "id": "c589da25-3b6c-4419-a64f-833e1e1722a6",
      "displayName": "ショッピングカート画面詳細設計",
      "rowType": "Chart",
      "textColumn1": "",
      "textColumn2": "",
      "textColumn3": "",
      "color": "GHI社",
      "plannedStartDate": "2026/01/21",
      "plannedEndDate": "2026/02/02",
      "plannedDays": 9,
      "actualStartDate": "",
      "actualEndDate": "",
      "progress": "",
      "dependentId": "bffc60e2-8f77-4ca6-8753-f2aa3cf91d2c",
      "dependency": "after,-1,1",
      "isIncludeHolidays": false
    },
    "a617b75a-6682-429b-b4a2-a4f9f8bde75c": {
      "no": 42,
      "id": "a617b75a-6682-429b-b4a2-a4f9f8bde75c",
      "displayName": "注文履歴画面詳細設計",
      "rowType": "Chart",
      "textColumn1": "",
      "textColumn2": "",
      "textColumn3": "",
      "color": "GHI社",
      "plannedStartDate": "2026/02/03",
      "plannedEndDate": "2026/02/13",
      "plannedDays": 8,
      "actualStartDate": "",
      "actualEndDate": "",
      "progress": "",
      "dependentId": "c589da25-3b6c-4419-a64f-833e1e1722a6",
      "dependency": "after,-1,1",
      "isIncludeHolidays": false
    },
    "46f0273f-a829-4699-80a9-c49a4bf5225b": {
      "no": 43,
      "id": "46f0273f-a829-4699-80a9-c49a4bf5225b",
      "displayName": "管理画面詳細設計",
      "rowType": "Chart",
      "textColumn1": "",
      "textColumn2": "",
      "textColumn3": "",
      "color": "ABC社",
      "plannedStartDate": "2026/02/16",
      "plannedEndDate": "2026/02/27",
      "plannedDays": 9,
      "actualStartDate": "",
      "actualEndDate": "",
      "progress": "",
      "dependentId": "a617b75a-6682-429b-b4a2-a4f9f8bde75c",
      "dependency": "after,-1,1",
      "isIncludeHolidays": false
    },
    "496719e3-09c7-482b-9979-71bcbcd9b382": {
      "no": 44,
      "id": "496719e3-09c7-482b-9979-71bcbcd9b382",
      "rowType": "Separator",
      "displayName": "開発フェーズ",
      "isCollapsed": false,
      "minStartDate": "",
      "maxEndDate": "",
      "level": 0
    },
    "8caacf6c-83d8-484a-9e9b-cb8f7c8c3d3f": {
      "no": 45,
      "id": "8caacf6c-83d8-484a-9e9b-cb8f7c8c3d3f",
      "rowType": "Separator",
      "displayName": "環境構築",
      "isCollapsed": false,
      "minStartDate": "2025-09-16",
      "maxEndDate": "2025-11-07",
      "level": 1
    },
    "53b99bf4-db39-4ba3-9826-2e92a57f4309": {
      "no": 46,
      "id": "53b99bf4-db39-4ba3-9826-2e92a57f4309",
      "displayName": "開発環境構築",
      "rowType": "Chart",
      "textColumn1": "",
      "textColumn2": "",
      "textColumn3": "",
      "color": "GHI社",
      "plannedStartDate": "2025/9/16",
      "plannedEndDate": "2025/9/26",
      "plannedDays": 8,
      "actualStartDate": "",
      "actualEndDate": "",
      "progress": "",
      "dependentId": "",
      "dependency": "",
      "isIncludeHolidays": false
    },
    "b143c2da-cac8-4c6d-9d4e-076a8691e2cf": {
      "no": 47,
      "id": "b143c2da-cac8-4c6d-9d4e-076a8691e2cf",
      "displayName": "テスト環境構築",
      "rowType": "Chart",
      "textColumn1": "",
      "textColumn2": "",
      "textColumn3": "",
      "color": "GHI社",
      "plannedStartDate": "2025/09/29",
      "plannedEndDate": "2025/10/10",
      "plannedDays": 10,
      "actualStartDate": "",
      "actualEndDate": "",
      "progress": "",
      "dependentId": "53b99bf4-db39-4ba3-9826-2e92a57f4309",
      "dependency": "after,-1,1",
      "isIncludeHolidays": false
    },
    "da10bea4-8a9d-4f16-a5f8-df87f7064f64": {
      "no": 48,
      "id": "da10bea4-8a9d-4f16-a5f8-df87f7064f64",
      "displayName": "本番環境構築",
      "rowType": "Chart",
      "textColumn1": "",
      "textColumn2": "",
      "textColumn3": "",
      "color": "GHI社",
      "plannedStartDate": "2025/10/14",
      "plannedEndDate": "2025/10/24",
      "plannedDays": 9,
      "actualStartDate": "",
      "actualEndDate": "",
      "progress": "",
      "dependentId": "b143c2da-cac8-4c6d-9d4e-076a8691e2cf",
      "dependency": "after,-1,1",
      "isIncludeHolidays": false
    },
    "b57fde02-1b46-47b2-8491-8f16ee191457": {
      "no": 49,
      "id": "b57fde02-1b46-47b2-8491-8f16ee191457",
      "displayName": "CI/CDパイプライン構築",
      "rowType": "Chart",
      "textColumn1": "",
      "textColumn2": "",
      "textColumn3": "",
      "color": "DEF社",
      "plannedStartDate": "2025/10/27",
      "plannedEndDate": "2025/11/07",
      "plannedDays": 9,
      "actualStartDate": "",
      "actualEndDate": "",
      "progress": "",
      "dependentId": "da10bea4-8a9d-4f16-a5f8-df87f7064f64",
      "dependency": "after,-1,1",
      "isIncludeHolidays": false
    },
    "87b5555a-6b0a-43c4-8605-1d7763f17143": {
      "no": 50,
      "id": "87b5555a-6b0a-43c4-8605-1d7763f17143",
      "rowType": "Separator",
      "displayName": "バックエンド開発",
      "isCollapsed": false,
      "minStartDate": "2025-11-10",
      "maxEndDate": "2026-03-24",
      "level": 1
    },
    "c766f4ae-c4b5-4ef5-83ba-cc1eef9ac8d1": {
      "no": 51,
      "id": "c766f4ae-c4b5-4ef5-83ba-cc1eef9ac8d1",
      "displayName": "データベース構築",
      "rowType": "Chart",
      "textColumn1": "",
      "textColumn2": "",
      "textColumn3": "",
      "color": "GHI社",
      "plannedStartDate": "2025/11/10",
      "plannedEndDate": "2025/11/21",
      "plannedDays": 10,
      "actualStartDate": "",
      "actualEndDate": "",
      "progress": "",
      "dependentId": "",
      "dependency": "",
      "isIncludeHolidays": false
    },
    "46ade766-f7a8-413f-9170-5d620e7e71e0": {
      "no": 52,
      "id": "46ade766-f7a8-413f-9170-5d620e7e71e0",
      "displayName": "認証・認可機能開発",
      "rowType": "Chart",
      "textColumn1": "",
      "textColumn2": "",
      "textColumn3": "",
      "color": "GHI社",
      "plannedStartDate": "2025/11/25",
      "plannedEndDate": "2025/12/12",
      "plannedDays": 14,
      "actualStartDate": "",
      "actualEndDate": "",
      "progress": "",
      "dependentId": "c766f4ae-c4b5-4ef5-83ba-cc1eef9ac8d1",
      "dependency": "after,-1,1",
      "isIncludeHolidays": false
    },
    "a7e2869a-3000-4006-b7e2-5a8f12ccfbbf": {
      "no": 53,
      "id": "a7e2869a-3000-4006-b7e2-5a8f12ccfbbf",
      "displayName": "ユーザー管理機能開発",
      "rowType": "Chart",
      "textColumn1": "",
      "textColumn2": "",
      "textColumn3": "",
      "color": "DEF社",
      "plannedStartDate": "2025/12/15",
      "plannedEndDate": "2026/01/08",
      "plannedDays": 16,
      "actualStartDate": "",
      "actualEndDate": "",
      "progress": "",
      "dependentId": "46ade766-f7a8-413f-9170-5d620e7e71e0",
      "dependency": "after,-1,1",
      "isIncludeHolidays": false
    },
    "10119773-b0c9-4e45-8897-06b18304bd54": {
      "no": 54,
      "id": "10119773-b0c9-4e45-8897-06b18304bd54",
      "displayName": "商品管理機能開発",
      "rowType": "Chart",
      "textColumn1": "",
      "textColumn2": "",
      "textColumn3": "",
      "color": "DEF社",
      "plannedStartDate": "2026/01/09",
      "plannedEndDate": "2026/02/04",
      "plannedDays": 18,
      "actualStartDate": "",
      "actualEndDate": "",
      "progress": "",
      "dependentId": "a7e2869a-3000-4006-b7e2-5a8f12ccfbbf",
      "dependency": "after,-1,1",
      "isIncludeHolidays": false
    },
    "25ee6067-6398-493d-9f46-a1741104f263": {
      "no": 55,
      "id": "25ee6067-6398-493d-9f46-a1741104f263",
      "displayName": "在庫管理機能開発",
      "rowType": "Chart",
      "textColumn1": "",
      "textColumn2": "",
      "textColumn3": "",
      "color": "ABC社",
      "plannedStartDate": "2026/02/05",
      "plannedEndDate": "2026/03/03",
      "plannedDays": 17,
      "actualStartDate": "",
      "actualEndDate": "",
      "progress": "",
      "dependentId": "10119773-b0c9-4e45-8897-06b18304bd54",
      "dependency": "after,-1,1",
      "isIncludeHolidays": false
    },
    "36b15dcf-c3ba-4c83-853f-e8273f8546ef": {
      "no": 56,
      "id": "36b15dcf-c3ba-4c83-853f-e8273f8546ef",
      "displayName": "注文管理機能開発",
      "rowType": "Chart",
      "textColumn1": "",
      "textColumn2": "",
      "textColumn3": "",
      "color": "ABC社",
      "plannedStartDate": "2026/03/04",
      "plannedEndDate": "2026/03/24",
      "plannedDays": 14,
      "actualStartDate": "",
      "actualEndDate": "",
      "progress": "",
      "dependentId": "25ee6067-6398-493d-9f46-a1741104f263",
      "dependency": "after,-1,1",
      "isIncludeHolidays": false
    },
    "b861e03a-7fc0-4581-9f8c-c7124a626b5d": {
      "no": 57,
      "id": "b861e03a-7fc0-4581-9f8c-c7124a626b5d",
      "displayName": "決済機能開発",
      "rowType": "Chart",
      "textColumn1": "",
      "textColumn2": "",
      "textColumn3": "",
      "color": "GHI社",
      "plannedStartDate": "2025/12/9",
      "plannedEndDate": "2025/12/27",
      "plannedDays": 14,
      "actualStartDate": "",
      "actualEndDate": "",
      "progress": "",
      "dependentId": "",
      "dependency": "",
      "isIncludeHolidays": false
    },
    "936aef02-d51d-406b-9c18-3d3d57242a17": {
      "no": 58,
      "id": "936aef02-d51d-406b-9c18-3d3d57242a17",
      "displayName": "API開発・統合",
      "rowType": "Chart",
      "textColumn1": "",
      "textColumn2": "",
      "textColumn3": "",
      "color": "DEF社",
      "plannedStartDate": "2025/12/29",
      "plannedEndDate": "2026/01/22",
      "plannedDays": 15,
      "actualStartDate": "",
      "actualEndDate": "",
      "progress": "",
      "dependentId": "b861e03a-7fc0-4581-9f8c-c7124a626b5d",
      "dependency": "after,-1,1",
      "isIncludeHolidays": false
    },
    "f6e2af69-65db-446a-b107-ed82a21ddcd9": {
      "no": 59,
      "id": "f6e2af69-65db-446a-b107-ed82a21ddcd9",
      "rowType": "Separator",
      "displayName": "フロントエンド開発",
      "isCollapsed": false,
      "minStartDate": "2025-11-10",
      "maxEndDate": "2026-03-26",
      "level": 1
    },
    "15f6ba2f-7c94-4d14-aac5-67c89067295d": {
      "no": 60,
      "id": "15f6ba2f-7c94-4d14-aac5-67c89067295d",
      "displayName": "共通コンポーネント開発",
      "rowType": "Chart",
      "textColumn1": "",
      "textColumn2": "",
      "textColumn3": "",
      "color": "ABC社",
      "plannedStartDate": "2025/11/10",
      "plannedEndDate": "2025/12/6",
      "plannedDays": 19,
      "actualStartDate": "",
      "actualEndDate": "",
      "progress": "",
      "dependentId": "",
      "dependency": "",
      "isIncludeHolidays": false
    },
    "69ae2998-69a5-4ba6-9a0a-e6ac9de0e39e": {
      "no": 61,
      "id": "69ae2998-69a5-4ba6-9a0a-e6ac9de0e39e",
      "displayName": "ログイン画面開発",
      "rowType": "Chart",
      "textColumn1": "",
      "textColumn2": "",
      "textColumn3": "",
      "color": "ABC社",
      "plannedStartDate": "2025/12/08",
      "plannedEndDate": "2025/12/18",
      "plannedDays": 9,
      "actualStartDate": "",
      "actualEndDate": "",
      "progress": "",
      "dependentId": "15f6ba2f-7c94-4d14-aac5-67c89067295d",
      "dependency": "after,-1,1",
      "isIncludeHolidays": false
    },
    "5135e504-c215-4cef-8ab5-2cdc085343c1": {
      "no": 62,
      "id": "5135e504-c215-4cef-8ab5-2cdc085343c1",
      "displayName": "ダッシュボード画面開発",
      "rowType": "Chart",
      "textColumn1": "",
      "textColumn2": "",
      "textColumn3": "",
      "color": "DEF社",
      "plannedStartDate": "2025/12/19",
      "plannedEndDate": "2026/01/14",
      "plannedDays": 15,
      "actualStartDate": "",
      "actualEndDate": "",
      "progress": "",
      "dependentId": "69ae2998-69a5-4ba6-9a0a-e6ac9de0e39e",
      "dependency": "after,-1,1",
      "isIncludeHolidays": false
    },
    "0a1f8195-314c-43d6-a6bd-a9e61a74d2f4": {
      "no": 63,
      "id": "0a1f8195-314c-43d6-a6bd-a9e61a74d2f4",
      "displayName": "商品一覧画面開発",
      "rowType": "Chart",
      "textColumn1": "",
      "textColumn2": "",
      "textColumn3": "",
      "color": "DEF社",
      "plannedStartDate": "2026/01/15",
      "plannedEndDate": "2026/02/09",
      "plannedDays": 18,
      "actualStartDate": "",
      "actualEndDate": "",
      "progress": "",
      "dependentId": "5135e504-c215-4cef-8ab5-2cdc085343c1",
      "dependency": "after,-1,1",
      "isIncludeHolidays": false
    },
    "17b04e4d-8bca-42c9-b78a-dae4a1c5bf7b": {
      "no": 64,
      "id": "17b04e4d-8bca-42c9-b78a-dae4a1c5bf7b",
      "displayName": "商品詳細画面開発",
      "rowType": "Chart",
      "textColumn1": "",
      "textColumn2": "",
      "textColumn3": "",
      "color": "GHI社",
      "plannedStartDate": "2026/02/10",
      "plannedEndDate": "2026/03/09",
      "plannedDays": 18,
      "actualStartDate": "",
      "actualEndDate": "",
      "progress": "",
      "dependentId": "0a1f8195-314c-43d6-a6bd-a9e61a74d2f4",
      "dependency": "after,-1,1",
      "isIncludeHolidays": false
    },
    "64d7b895-5b8b-475d-8a09-61c50b569bf9": {
      "no": 65,
      "id": "64d7b895-5b8b-475d-8a09-61c50b569bf9",
      "displayName": "ショッピングカート画面開発",
      "rowType": "Chart",
      "textColumn1": "",
      "textColumn2": "",
      "textColumn3": "",
      "color": "GHI社",
      "plannedStartDate": "2026/03/10",
      "plannedEndDate": "2026/03/23",
      "plannedDays": 9,
      "actualStartDate": "",
      "actualEndDate": "",
      "progress": "",
      "dependentId": "17b04e4d-8bca-42c9-b78a-dae4a1c5bf7b",
      "dependency": "after,-1,1",
      "isIncludeHolidays": false
    },
    "c1ca28b3-5fe5-4640-a9b1-6882afff207e": {
      "no": 66,
      "id": "c1ca28b3-5fe5-4640-a9b1-6882afff207e",
      "displayName": "注文履歴画面開発",
      "rowType": "Chart",
      "textColumn1": "",
      "textColumn2": "",
      "textColumn3": "",
      "color": "ABC社",
      "plannedStartDate": "2026/1/27",
      "plannedEndDate": "2026/2/21",
      "plannedDays": 18,
      "actualStartDate": "",
      "actualEndDate": "",
      "progress": "",
      "dependentId": "",
      "dependency": "",
      "isIncludeHolidays": false
    },
    "8a8f5ecf-257e-4050-b5dd-bdeb7570e582": {
      "no": 67,
      "id": "8a8f5ecf-257e-4050-b5dd-bdeb7570e582",
      "displayName": "管理画面開発",
      "rowType": "Chart",
      "textColumn1": "",
      "textColumn2": "",
      "textColumn3": "",
      "color": "ABC社",
      "plannedStartDate": "2026/02/24",
      "plannedEndDate": "2026/03/19",
      "plannedDays": 18,
      "actualStartDate": "",
      "actualEndDate": "",
      "progress": "",
      "dependentId": "c1ca28b3-5fe5-4640-a9b1-6882afff207e",
      "dependency": "after,-1,1",
      "isIncludeHolidays": false
    },
    "797f20d5-9926-4615-b180-f760d6446c0e": {
      "no": 68,
      "id": "797f20d5-9926-4615-b180-f760d6446c0e",
      "displayName": "レスポンシブ対応実装",
      "rowType": "Chart",
      "textColumn1": "",
      "textColumn2": "",
      "textColumn3": "",
      "color": "DEF社",
      "plannedStartDate": "2026/03/05",
      "plannedEndDate": "2026/03/26",
      "plannedDays": 15,
      "actualStartDate": "",
      "actualEndDate": "",
      "progress": "",
      "dependentId": "8a8f5ecf-257e-4050-b5dd-bdeb7570e582",
      "dependency": "after,-1,-10",
      "isIncludeHolidays": false
    },
    "430fdd2d-59a1-49b5-b092-59a72c6de78f": {
      "no": 69,
      "id": "430fdd2d-59a1-49b5-b092-59a72c6de78f",
      "rowType": "Separator",
      "displayName": "テストフェーズ",
      "isCollapsed": false,
      "minStartDate": "",
      "maxEndDate": "",
      "level": 0
    },
    "38e288f5-fa5a-4b08-a618-2905f17c01d6": {
      "no": 70,
      "id": "38e288f5-fa5a-4b08-a618-2905f17c01d6",
      "rowType": "Separator",
      "displayName": "単体テスト",
      "isCollapsed": false,
      "minStartDate": "2025-12-16",
      "maxEndDate": "2026-03-12",
      "level": 1
    },
    "a25df651-732e-4acc-b043-4230739b3638": {
      "no": 71,
      "id": "a25df651-732e-4acc-b043-4230739b3638",
      "displayName": "バックエンド単体テスト",
      "rowType": "Chart",
      "textColumn1": "",
      "textColumn2": "",
      "textColumn3": "",
      "color": "GHI社",
      "plannedStartDate": "2025/12/16",
      "plannedEndDate": "2026/1/17",
      "plannedDays": 20,
      "actualStartDate": "",
      "actualEndDate": "",
      "progress": "",
      "dependentId": "",
      "dependency": "",
      "isIncludeHolidays": false
    },
    "538ccd7f-d25e-4cae-ba33-fb01cf4021c3": {
      "no": 72,
      "id": "538ccd7f-d25e-4cae-ba33-fb01cf4021c3",
      "displayName": "フロントエンド単体テスト",
      "rowType": "Chart",
      "textColumn1": "",
      "textColumn2": "",
      "textColumn3": "",
      "color": "ABC社",
      "plannedStartDate": "2026/01/19",
      "plannedEndDate": "2026/02/19",
      "plannedDays": 23,
      "actualStartDate": "",
      "actualEndDate": "",
      "progress": "",
      "dependentId": "a25df651-732e-4acc-b043-4230739b3638",
      "dependency": "after,-1,1",
      "isIncludeHolidays": false
    },
    "251b57ec-90ad-4778-a644-9e44a02c4941": {
      "no": 73,
      "id": "251b57ec-90ad-4778-a644-9e44a02c4941",
      "displayName": "API単体テスト",
      "rowType": "Chart",
      "textColumn1": "",
      "textColumn2": "",
      "textColumn3": "",
      "color": "DEF社",
      "plannedStartDate": "2026/02/20",
      "plannedEndDate": "2026/03/12",
      "plannedDays": 14,
      "actualStartDate": "",
      "actualEndDate": "",
      "progress": "",
      "dependentId": "538ccd7f-d25e-4cae-ba33-fb01cf4021c3",
      "dependency": "after,-1,1",
      "isIncludeHolidays": false
    },
    "35c001d5-4372-4d21-939c-1c6d195638c6": {
      "no": 74,
      "id": "35c001d5-4372-4d21-939c-1c6d195638c6",
      "rowType": "Separator",
      "displayName": "結合テスト",
      "isCollapsed": false,
      "minStartDate": "2026-01-27",
      "maxEndDate": "2026-03-25",
      "level": 1
    },
    "9a39affc-c377-4fab-bb49-e9208e07eb5d": {
      "no": 75,
      "id": "9a39affc-c377-4fab-bb49-e9208e07eb5d",
      "displayName": "システム内結合テスト",
      "rowType": "Chart",
      "textColumn1": "",
      "textColumn2": "",
      "textColumn3": "",
      "color": "ABC社",
      "plannedStartDate": "2026/1/27",
      "plannedEndDate": "2026/2/28",
      "plannedDays": 22,
      "actualStartDate": "",
      "actualEndDate": "",
      "progress": "",
      "dependentId": "",
      "dependency": "",
      "isIncludeHolidays": false
    },
    "c684ec02-8225-4ed6-82cd-648d5cba3ffe": {
      "no": 76,
      "id": "c684ec02-8225-4ed6-82cd-648d5cba3ffe",
      "displayName": "外部システム連携テスト",
      "rowType": "Chart",
      "textColumn1": "",
      "textColumn2": "",
      "textColumn3": "",
      "color": "GHI社",
      "plannedStartDate": "2026/03/02",
      "plannedEndDate": "2026/03/18",
      "plannedDays": 13,
      "actualStartDate": "",
      "actualEndDate": "",
      "progress": "",
      "dependentId": "9a39affc-c377-4fab-bb49-e9208e07eb5d",
      "dependency": "after,-1,1",
      "isIncludeHolidays": false
    },
    "236d98d7-b564-4aeb-a079-050363c39e0b": {
      "no": 77,
      "id": "236d98d7-b564-4aeb-a079-050363c39e0b",
      "displayName": "パフォーマンステスト",
      "rowType": "Chart",
      "textColumn1": "",
      "textColumn2": "",
      "textColumn3": "",
      "color": "DEF社",
      "plannedStartDate": "2026/03/11",
      "plannedEndDate": "2026/03/25",
      "plannedDays": 10,
      "actualStartDate": "",
      "actualEndDate": "",
      "progress": "",
      "dependentId": "c684ec02-8225-4ed6-82cd-648d5cba3ffe",
      "dependency": "after,-1,-5",
      "isIncludeHolidays": false
    },
    "6e67d8bf-6768-4150-8b33-23fd38568fa8": {
      "no": 78,
      "id": "6e67d8bf-6768-4150-8b33-23fd38568fa8",
      "rowType": "Separator",
      "displayName": "システムテスト",
      "isCollapsed": false,
      "minStartDate": "2026-02-17",
      "maxEndDate": "2026-03-26",
      "level": 1
    },
    "35a50f95-560c-41f8-b896-d455cd6b2ca1": {
      "no": 79,
      "id": "35a50f95-560c-41f8-b896-d455cd6b2ca1",
      "displayName": "機能テスト実施",
      "rowType": "Chart",
      "textColumn1": "",
      "textColumn2": "",
      "textColumn3": "",
      "color": "ABC社",
      "plannedStartDate": "2026/2/17",
      "plannedEndDate": "2026/3/14",
      "plannedDays": 18,
      "actualStartDate": "",
      "actualEndDate": "",
      "progress": "",
      "dependentId": "",
      "dependency": "",
      "isIncludeHolidays": false
    },
    "4a651b16-028c-43e2-bb40-8462531c1f84": {
      "no": 80,
      "id": "4a651b16-028c-43e2-bb40-8462531c1f84",
      "displayName": "非機能テスト実施",
      "rowType": "Chart",
      "textColumn1": "",
      "textColumn2": "",
      "textColumn3": "",
      "color": "GHI社",
      "plannedStartDate": "2026/03/05",
      "plannedEndDate": "2026/03/24",
      "plannedDays": 13,
      "actualStartDate": "",
      "actualEndDate": "",
      "progress": "",
      "dependentId": "35a50f95-560c-41f8-b896-d455cd6b2ca1",
      "dependency": "after,-1,-7",
      "isIncludeHolidays": false
    },
    "4d6f14a4-9b21-479e-97d9-f91513171ec9": {
      "no": 81,
      "id": "4d6f14a4-9b21-479e-97d9-f91513171ec9",
      "displayName": "セキュリティテスト実施",
      "rowType": "Chart",
      "textColumn1": "",
      "textColumn2": "",
      "textColumn3": "",
      "color": "DEF社",
      "plannedStartDate": "2026/03/12",
      "plannedEndDate": "2026/03/26",
      "plannedDays": 10,
      "actualStartDate": "",
      "actualEndDate": "",
      "progress": "",
      "dependentId": "4a651b16-028c-43e2-bb40-8462531c1f84",
      "dependency": "after,-1,-7",
      "isIncludeHolidays": false
    },
    "e606f927-a4e0-45bb-91ad-f849297290b2": {
      "no": 82,
      "id": "e606f927-a4e0-45bb-91ad-f849297290b2",
      "rowType": "Separator",
      "displayName": "ユーザー受入テスト",
      "isCollapsed": false,
      "minStartDate": "2026-03-03",
      "maxEndDate": "2026-03-25",
      "level": 1
    },
    "97f5f5e1-21ab-4f62-88a3-272898a0bb37": {
      "no": 83,
      "id": "97f5f5e1-21ab-4f62-88a3-272898a0bb37",
      "displayName": "UAT環境準備",
      "rowType": "Chart",
      "textColumn1": "",
      "textColumn2": "",
      "textColumn3": "",
      "color": "GHI社",
      "plannedStartDate": "2026/3/3",
      "plannedEndDate": "2026/3/7",
      "plannedDays": 4,
      "actualStartDate": "",
      "actualEndDate": "",
      "progress": "",
      "dependentId": "",
      "dependency": "",
      "isIncludeHolidays": false
    },
    "0fe22b08-f7e6-4337-b582-9bbdf744d054": {
      "no": 84,
      "id": "0fe22b08-f7e6-4337-b582-9bbdf744d054",
      "displayName": "UAT実施",
      "rowType": "Chart",
      "textColumn1": "",
      "textColumn2": "",
      "textColumn3": "",
      "color": "ABC社",
      "plannedStartDate": "2026/03/09",
      "plannedEndDate": "2026/03/18",
      "plannedDays": 8,
      "actualStartDate": "",
      "actualEndDate": "",
      "progress": "",
      "dependentId": "97f5f5e1-21ab-4f62-88a3-272898a0bb37",
      "dependency": "after,-1,1",
      "isIncludeHolidays": false
    },
    "b8855799-afc8-4ffe-bf2b-49f15175a02e": {
      "no": 85,
      "id": "b8855799-afc8-4ffe-bf2b-49f15175a02e",
      "displayName": "UAT結果レビュー",
      "rowType": "Chart",
      "textColumn1": "",
      "textColumn2": "",
      "textColumn3": "",
      "color": "ABC社",
      "plannedStartDate": "2026/03/19",
      "plannedEndDate": "2026/03/25",
      "plannedDays": 4,
      "actualStartDate": "",
      "actualEndDate": "",
      "progress": "",
      "dependentId": "0fe22b08-f7e6-4337-b582-9bbdf744d054",
      "dependency": "after,-1,1",
      "isIncludeHolidays": false
    },
    "0614c442-b3e6-4447-ba18-cbccecb2b146": {
      "no": 86,
      "id": "0614c442-b3e6-4447-ba18-cbccecb2b146",
      "rowType": "Separator",
      "displayName": "デプロイ・リリースフェーズ",
      "isCollapsed": false,
      "minStartDate": "",
      "maxEndDate": "",
      "level": 0
    },
    "4a591331-d4f7-4921-9d66-acd21defbb7d": {
      "no": 87,
      "id": "4a591331-d4f7-4921-9d66-acd21defbb7d",
      "rowType": "Separator",
      "displayName": "本番デプロイ準備",
      "isCollapsed": false,
      "minStartDate": "2026-03-10",
      "maxEndDate": "2026-03-24",
      "level": 1
    },
    "c1bdaf5c-9d35-4c68-b4ed-b62c7ed05cc1": {
      "no": 88,
      "id": "c1bdaf5c-9d35-4c68-b4ed-b62c7ed05cc1",
      "displayName": "デプロイ計画策定",
      "rowType": "Chart",
      "textColumn1": "",
      "textColumn2": "",
      "textColumn3": "",
      "color": "GHI社",
      "plannedStartDate": "2026/3/10",
      "plannedEndDate": "2026/3/14",
      "plannedDays": 4,
      "actualStartDate": "",
      "actualEndDate": "",
      "progress": "",
      "dependentId": "",
      "dependency": "",
      "isIncludeHolidays": false
    },
    "39c3df17-9c3c-4aec-bf5a-fbdd253f50b3": {
      "no": 89,
      "id": "39c3df17-9c3c-4aec-bf5a-fbdd253f50b3",
      "displayName": "本番データ移行",
      "rowType": "Chart",
      "textColumn1": "",
      "textColumn2": "",
      "textColumn3": "",
      "color": "DEF社",
      "plannedStartDate": "2026/03/16",
      "plannedEndDate": "2026/03/18",
      "plannedDays": 3,
      "actualStartDate": "",
      "actualEndDate": "",
      "progress": "",
      "dependentId": "c1bdaf5c-9d35-4c68-b4ed-b62c7ed05cc1",
      "dependency": "after,-1,1",
      "isIncludeHolidays": false
    },
    "5283fdd7-2060-4a6d-9649-e77e76142c50": {
      "no": 90,
      "id": "5283fdd7-2060-4a6d-9649-e77e76142c50",
      "displayName": "本番環境最終確認",
      "rowType": "Chart",
      "textColumn1": "",
      "textColumn2": "",
      "textColumn3": "",
      "color": "GHI社",
      "plannedStartDate": "2026/03/19",
      "plannedEndDate": "2026/03/24",
      "plannedDays": 3,
      "actualStartDate": "",
      "actualEndDate": "",
      "progress": "",
      "dependentId": "39c3df17-9c3c-4aec-bf5a-fbdd253f50b3",
      "dependency": "after,-1,1",
      "isIncludeHolidays": false
    },
    "3010588a-ae34-4552-820d-cf1c90d3010a": {
      "no": 91,
      "id": "3010588a-ae34-4552-820d-cf1c90d3010a",
      "rowType": "Separator",
      "displayName": "リリース実施",
      "isCollapsed": false,
      "minStartDate": "2026-03-27",
      "maxEndDate": "2026-03-29",
      "level": 1
    },
    "8dab3d84-60bc-4098-a7f7-20e864b965ea": {
      "no": 92,
      "id": "8dab3d84-60bc-4098-a7f7-20e864b965ea",
      "displayName": "本番デプロイ実行",
      "rowType": "Chart",
      "textColumn1": "",
      "textColumn2": "",
      "textColumn3": "",
      "color": "GHI社",
      "plannedStartDate": "2026/03/27",
      "plannedEndDate": "2026/03/27",
      "plannedDays": 1,
      "actualStartDate": "",
      "actualEndDate": "",
      "progress": "",
      "dependentId": "",
      "dependency": "",
      "isIncludeHolidays": true
    },
    "872b2776-cc43-46ee-9c4f-d3ddfc7b6048": {
      "no": 93,
      "id": "872b2776-cc43-46ee-9c4f-d3ddfc7b6048",
      "displayName": "システム監視開始",
      "rowType": "Chart",
      "textColumn1": "",
      "textColumn2": "",
      "textColumn3": "",
      "color": "DEF社",
      "plannedStartDate": "2026/03/28",
      "plannedEndDate": "2026/03/28",
      "plannedDays": 1,
      "actualStartDate": "",
      "actualEndDate": "",
      "progress": "",
      "dependentId": "8dab3d84-60bc-4098-a7f7-20e864b965ea",
      "dependency": "after,-1,1",
      "isIncludeHolidays": true
    },
    "42c57ec9-6f0c-44ac-a94c-ce07a7627ea9": {
      "no": 94,
      "id": "42c57ec9-6f0c-44ac-a94c-ce07a7627ea9",
      "displayName": "リリース完了確認",
      "rowType": "Chart",
      "textColumn1": "",
      "textColumn2": "",
      "textColumn3": "",
      "color": "ABC社",
      "plannedStartDate": "2026/03/29",
      "plannedEndDate": "2026/03/29",
      "plannedDays": 1,
      "actualStartDate": "",
      "actualEndDate": "",
      "progress": "",
      "dependentId": "872b2776-cc43-46ee-9c4f-d3ddfc7b6048",
      "dependency": "after,-1,1",
      "isIncludeHolidays": true
    },
    "24580ba5-cfb5-4d82-83a5-2749fea4e085": {
      "no": 95,
      "id": "24580ba5-cfb5-4d82-83a5-2749fea4e085",
      "rowType": "Separator",
      "displayName": "運用・保守フェーズ",
      "isCollapsed": false,
      "minStartDate": "",
      "maxEndDate": "",
      "level": 0
    },
    "6bf75754-9aac-42f6-a70e-0ff03f4f9d2c": {
      "no": 96,
      "id": "6bf75754-9aac-42f6-a70e-0ff03f4f9d2c",
      "rowType": "Separator",
      "displayName": "初期運用サポート",
      "isCollapsed": false,
      "minStartDate": "2026-03-17",
      "maxEndDate": "2026-03-31",
      "level": 1
    },
    "30cf289e-c17d-469e-83d5-bbd61b809538": {
      "no": 97,
      "id": "30cf289e-c17d-469e-83d5-bbd61b809538",
      "displayName": "運用マニュアル作成",
      "rowType": "Chart",
      "textColumn1": "",
      "textColumn2": "",
      "textColumn3": "",
      "color": "ABC社",
      "plannedStartDate": "2026/3/17",
      "plannedEndDate": "2026/3/24",
      "plannedDays": 5,
      "actualStartDate": "",
      "actualEndDate": "",
      "progress": "",
      "dependentId": "",
      "dependency": "",
      "isIncludeHolidays": false
    },
    "09729f0f-4d9b-4941-9a3d-3dbf462ca5e1": {
      "no": 98,
      "id": "09729f0f-4d9b-4941-9a3d-3dbf462ca5e1",
      "displayName": "ユーザートレーニング",
      "rowType": "Chart",
      "textColumn1": "",
      "textColumn2": "",
      "textColumn3": "",
      "color": "ABC社",
      "plannedStartDate": "2026/03/25",
      "plannedEndDate": "2026/03/30",
      "plannedDays": 4,
      "actualStartDate": "",
      "actualEndDate": "",
      "progress": "",
      "dependentId": "30cf289e-c17d-469e-83d5-bbd61b809538",
      "dependency": "after,-1,1",
      "isIncludeHolidays": false
    },
    "35883924-286a-47b1-b07f-afcf36ed0230": {
      "no": 99,
      "id": "35883924-286a-47b1-b07f-afcf36ed0230",
      "displayName": "システム監視・保守",
      "rowType": "Chart",
      "textColumn1": "",
      "textColumn2": "",
      "textColumn3": "",
      "color": "DEF社",
      "plannedStartDate": "2026/03/31",
      "plannedEndDate": "2026/03/31",
      "plannedDays": 1,
      "actualStartDate": "",
      "actualEndDate": "",
      "progress": "",
      "dependentId": "09729f0f-4d9b-4941-9a3d-3dbf462ca5e1",
      "dependency": "after,-1,1",
      "isIncludeHolidays": false
    },
    "9da8cac9-9e0f-486b-996c-97ca78844f8c": {
      "no": 100,
      "id": "9da8cac9-9e0f-486b-996c-97ca78844f8c",
      "rowType": "Separator",
      "displayName": "品質管理・レビュー",
      "isCollapsed": false,
      "minStartDate": "",
      "maxEndDate": "",
      "level": 0
    },
    "eae290c3-922b-413b-9166-f5cdca59d0a1": {
      "no": 101,
      "id": "eae290c3-922b-413b-9166-f5cdca59d0a1",
      "rowType": "Separator",
      "displayName": "品質管理プロセス",
      "isCollapsed": false,
      "minStartDate": "2025-08-18",
      "maxEndDate": "2026-03-24",
      "level": 1
    },
    "be8d75a0-4557-4d55-a25d-2b1e6fba4e64": {
      "no": 102,
      "id": "be8d75a0-4557-4d55-a25d-2b1e6fba4e64",
      "displayName": "コードレビュー実施",
      "rowType": "Chart",
      "textColumn1": "",
      "textColumn2": "",
      "textColumn3": "",
      "color": "DEF社",
      "plannedStartDate": "2025/11/25",
      "plannedEndDate": "2026/3/21",
      "plannedDays": 77,
      "actualStartDate": "",
      "actualEndDate": "",
      "progress": "",
      "dependentId": "",
      "dependency": "",
      "isIncludeHolidays": false
    },
    "eb1a4f38-276a-42c9-9c4d-243432ee1fab": {
      "no": 103,
      "id": "eb1a4f38-276a-42c9-9c4d-243432ee1fab",
      "displayName": "品質メトリクス収集",
      "rowType": "Chart",
      "textColumn1": "",
      "textColumn2": "",
      "textColumn3": "",
      "color": "GHI社",
      "plannedStartDate": "2025/12/9",
      "plannedEndDate": "2026/3/14",
      "plannedDays": 63,
      "actualStartDate": "",
      "actualEndDate": "",
      "progress": "",
      "dependentId": "",
      "dependency": "",
      "isIncludeHolidays": false
    },
    "98475557-6cd8-4769-8bda-d75d40aa9ec1": {
      "no": 104,
      "id": "98475557-6cd8-4769-8bda-d75d40aa9ec1",
      "displayName": "進捗レビュー会実施",
      "rowType": "Chart",
      "textColumn1": "",
      "textColumn2": "",
      "textColumn3": "",
      "color": "ABC社",
      "plannedStartDate": "2025/8/18",
      "plannedEndDate": "2026/3/24",
      "plannedDays": 145,
      "actualStartDate": "",
      "actualEndDate": "",
      "progress": "",
      "dependentId": "",
      "dependency": "",
      "isIncludeHolidays": false
    },
    "5377baf9-b9a6-47e2-9b7b-2ba358f3c62d": {
      "no": 105,
      "id": "5377baf9-b9a6-47e2-9b7b-2ba358f3c62d",
      "rowType": "Separator",
      "displayName": "リスク管理",
      "isCollapsed": false,
      "minStartDate": "2025-07-28",
      "maxEndDate": "2026-03-24",
      "level": 1
    },
    "7f37941e-ed76-49bf-9c2c-0288e66a4ac1": {
      "no": 106,
      "id": "7f37941e-ed76-49bf-9c2c-0288e66a4ac1",
      "displayName": "リスク識別・評価",
      "rowType": "Chart",
      "textColumn1": "",
      "textColumn2": "",
      "textColumn3": "",
      "color": "ABC社",
      "plannedStartDate": "2025/7/28",
      "plannedEndDate": "2026/3/14",
      "plannedDays": 153,
      "actualStartDate": "",
      "actualEndDate": "",
      "progress": "",
      "dependentId": "",
      "dependency": "",
      "isIncludeHolidays": false
    },
    "b3cc4bde-d816-4be2-9a95-4a52eb63e27b": {
      "no": 107,
      "id": "b3cc4bde-d816-4be2-9a95-4a52eb63e27b",
      "displayName": "リスク対策実施",
      "rowType": "Chart",
      "textColumn1": "",
      "textColumn2": "",
      "textColumn3": "",
      "color": "GHI社",
      "plannedStartDate": "2025/8/11",
      "plannedEndDate": "2026/3/21",
      "plannedDays": 147,
      "actualStartDate": "",
      "actualEndDate": "",
      "progress": "",
      "dependentId": "",
      "dependency": "",
      "isIncludeHolidays": false
    },
    "6cb1fae3-ad15-4e1e-9ab2-0e068bd4d043": {
      "no": 108,
      "id": "6cb1fae3-ad15-4e1e-9ab2-0e068bd4d043",
      "displayName": "変更管理プロセス",
      "rowType": "Chart",
      "textColumn1": "",
      "textColumn2": "",
      "textColumn3": "",
      "color": "DEF社",
      "plannedStartDate": "2025/8/18",
      "plannedEndDate": "2026/3/24",
      "plannedDays": 145,
      "actualStartDate": "",
      "actualEndDate": "",
      "progress": "",
      "dependentId": "",
      "dependency": "",
      "isIncludeHolidays": false
    },
    "7a22052b-1fa2-4564-88a5-19c534151e44": {
      "no": 109,
      "id": "7a22052b-1fa2-4564-88a5-19c534151e44",
      "rowType": "Separator",
      "displayName": "文書管理・成果物",
      "isCollapsed": false,
      "minStartDate": "",
      "maxEndDate": "",
      "level": 0
    },
    "3c4f75b2-ebde-4962-856d-00547e7354e7": {
      "no": 110,
      "id": "3c4f75b2-ebde-4962-856d-00547e7354e7",
      "rowType": "Separator",
      "displayName": "設計書管理",
      "isCollapsed": false,
      "minStartDate": "2025-08-11",
      "maxEndDate": "2026-03-21",
      "level": 1
    },
    "25269068-a893-420b-84d7-46fd1a942a8a": {
      "no": 111,
      "id": "25269068-a893-420b-84d7-46fd1a942a8a",
      "displayName": "要件定義書管理",
      "rowType": "Chart",
      "textColumn1": "",
      "textColumn2": "",
      "textColumn3": "",
      "color": "ABC社",
      "plannedStartDate": "2025/8/11",
      "plannedEndDate": "2025/12/6",
      "plannedDays": 79,
      "actualStartDate": "",
      "actualEndDate": "",
      "progress": "",
      "dependentId": "",
      "dependency": "",
      "isIncludeHolidays": false
    },
    "976cc733-6ab3-49d8-b009-16f61f785634": {
      "no": 112,
      "id": "976cc733-6ab3-49d8-b009-16f61f785634",
      "displayName": "基本設計書管理",
      "rowType": "Chart",
      "textColumn1": "",
      "textColumn2": "",
      "textColumn3": "",
      "color": "DEF社",
      "plannedStartDate": "2025/12/9",
      "plannedEndDate": "2026/2/21",
      "plannedDays": 49,
      "actualStartDate": "",
      "actualEndDate": "",
      "progress": "",
      "dependentId": "",
      "dependency": "",
      "isIncludeHolidays": false
    },
    "9c866ac6-4ba4-416c-a019-9bb865bd90e6": {
      "no": 113,
      "id": "9c866ac6-4ba4-416c-a019-9bb865bd90e6",
      "displayName": "詳細設計書管理",
      "rowType": "Chart",
      "textColumn1": "",
      "textColumn2": "",
      "textColumn3": "",
      "color": "GHI社",
      "plannedStartDate": "2025/8/18",
      "plannedEndDate": "2026/3/7",
      "plannedDays": 134,
      "actualStartDate": "",
      "actualEndDate": "",
      "progress": "",
      "dependentId": "",
      "dependency": "",
      "isIncludeHolidays": false
    },
    "4a4fb71c-b8de-4c7b-90bf-8883f241d3f5": {
      "no": 114,
      "id": "4a4fb71c-b8de-4c7b-90bf-8883f241d3f5",
      "displayName": "テスト仕様書管理",
      "rowType": "Chart",
      "textColumn1": "",
      "textColumn2": "",
      "textColumn3": "",
      "color": "ABC社",
      "plannedStartDate": "2026/1/20",
      "plannedEndDate": "2026/3/21",
      "plannedDays": 41,
      "actualStartDate": "",
      "actualEndDate": "",
      "progress": "",
      "dependentId": "",
      "dependency": "",
      "isIncludeHolidays": false
    },
    "116314ae-be1a-4996-bd45-ce1d6bb0afe0": {
      "no": 115,
      "id": "116314ae-be1a-4996-bd45-ce1d6bb0afe0",
      "rowType": "Separator",
      "displayName": "運用文書管理",
      "isCollapsed": false,
      "minStartDate": "2026-03-10",
      "maxEndDate": "2026-03-30",
      "level": 1
    },
    "cd0fe59d-ed14-4d93-950f-be9abeba80bf": {
      "no": 116,
      "id": "cd0fe59d-ed14-4d93-950f-be9abeba80bf",
      "displayName": "運用手順書作成",
      "rowType": "Chart",
      "textColumn1": "",
      "textColumn2": "",
      "textColumn3": "",
      "color": "DEF社",
      "plannedStartDate": "2026/3/10",
      "plannedEndDate": "2026/3/24",
      "plannedDays": 10,
      "actualStartDate": "",
      "actualEndDate": "",
      "progress": "",
      "dependentId": "",
      "dependency": "",
      "isIncludeHolidays": false
    },
    "d705fb22-ca08-4042-8a23-9f9c1a140d48": {
      "no": 117,
      "id": "d705fb22-ca08-4042-8a23-9f9c1a140d48",
      "displayName": "障害対応手順書作成",
      "rowType": "Chart",
      "textColumn1": "",
      "textColumn2": "",
      "textColumn3": "",
      "color": "GHI社",
      "plannedStartDate": "2026/3/17",
      "plannedEndDate": "2026/3/28",
      "plannedDays": 8,
      "actualStartDate": "",
      "actualEndDate": "",
      "progress": "",
      "dependentId": "",
      "dependency": "",
      "isIncludeHolidays": false
    },
    "86995a21-a4a8-4af0-b04b-c73c1dbaa022": {
      "no": 118,
      "id": "86995a21-a4a8-4af0-b04b-c73c1dbaa022",
      "displayName": "保守マニュアル作成",
      "rowType": "Chart",
      "textColumn1": "",
      "textColumn2": "",
      "textColumn3": "",
      "color": "ABC社",
      "plannedStartDate": "2026/3/20",
      "plannedEndDate": "2026/3/30",
      "plannedDays": 6,
      "actualStartDate": "",
      "actualEndDate": "",
      "progress": "",
      "dependentId": "",
      "dependency": "",
      "isIncludeHolidays": false
    },
    "e86a7b0c-3a0f-457f-a38a-1dff44c4ed6b": {
      "no": 119,
      "id": "e86a7b0c-3a0f-457f-a38a-1dff44c4ed6b",
      "rowType": "Separator",
      "displayName": "プロジェクト管理",
      "isCollapsed": false,
      "minStartDate": "",
      "maxEndDate": "",
      "level": 0
    },
    "deea9046-e090-45a7-b8de-e9de804acc9e": {
      "no": 120,
      "id": "deea9046-e090-45a7-b8de-e9de804acc9e",
      "rowType": "Separator",
      "displayName": "進捗管理",
      "isCollapsed": false,
      "minStartDate": "2025-07-14",
      "maxEndDate": "2026-03-24",
      "level": 1
    },
    "34e35299-0f6d-4c6a-b393-1eccc3f7ebb4": {
      "rowType": "Chart",
      "no": 121,
      "id": "34e35299-0f6d-4c6a-b393-1eccc3f7ebb4",
      "displayName": "週次進捗会議",
      "textColumn1": "",
      "textColumn2": "",
      "textColumn3": "",
      "color": "ABC社",
      "plannedStartDate": "2025/7/14",
      "plannedEndDate": "2026/3/24",
      "plannedDays": 168,
      "actualStartDate": "",
      "actualEndDate": "",
      "progress": "",
      "dependentId": "",
      "dependency": "",
      "isIncludeHolidays": false
    },
    "6de1fc14-c2d8-4b08-919e-720e889b5929": {
      "rowType": "Chart",
      "no": 122,
      "id": "6de1fc14-c2d8-4b08-919e-720e889b5929",
      "displayName": "月次ステアリング会議",
      "textColumn1": "",
      "textColumn2": "",
      "textColumn3": "",
      "color": "ABC社",
      "plannedStartDate": "2025/7/28",
      "plannedEndDate": "2026/3/24",
      "plannedDays": 159,
      "actualStartDate": "",
      "actualEndDate": "",
      "progress": "",
      "dependentId": "",
      "dependency": "",
      "isIncludeHolidays": false
    },
    "100a317f-cf94-4b16-b739-68f406414de5": {
      "rowType": "Chart",
      "no": 123,
      "id": "100a317f-cf94-4b16-b739-68f406414de5",
      "displayName": "四半期レビュー会議",
      "textColumn1": "",
      "textColumn2": "",
      "textColumn3": "",
      "color": "ABC社",
      "plannedStartDate": "2025/10/14",
      "plannedEndDate": "2026/3/24",
      "plannedDays": 107,
      "actualStartDate": "",
      "actualEndDate": "",
      "progress": "",
      "dependentId": "",
      "dependency": "",
      "isIncludeHolidays": false
    },
    "8996d743-e37b-483f-9c33-94ca52a64c8a": {
      "no": 124,
      "id": "8996d743-e37b-483f-9c33-94ca52a64c8a",
      "rowType": "Separator",
      "displayName": "予算・工数管理",
      "isCollapsed": false,
      "minStartDate": "2025-07-14",
      "maxEndDate": "2026-03-30",
      "level": 1
    },
    "db985d57-a8f7-4f53-8043-b49348ecb7fc": {
      "rowType": "Chart",
      "no": 125,
      "id": "db985d57-a8f7-4f53-8043-b49348ecb7fc",
      "displayName": "工数実績管理",
      "textColumn1": "",
      "textColumn2": "",
      "textColumn3": "",
      "color": "DEF社",
      "plannedStartDate": "2025/7/14",
      "plannedEndDate": "2026/3/30",
      "plannedDays": 172,
      "actualStartDate": "",
      "actualEndDate": "",
      "progress": "",
      "dependentId": "",
      "dependency": "",
      "isIncludeHolidays": false
    },
    "8cdad5a7-cc1c-4982-b1e9-0b15e0165175": {
      "rowType": "Chart",
      "no": 126,
      "id": "8cdad5a7-cc1c-4982-b1e9-0b15e0165175",
      "displayName": "予算執行管理",
      "textColumn1": "",
      "textColumn2": "",
      "textColumn3": "",
      "color": "ABC社",
      "plannedStartDate": "2025/7/14",
      "plannedEndDate": "2026/3/30",
      "plannedDays": 172,
      "actualStartDate": "",
      "actualEndDate": "",
      "progress": "",
      "dependentId": "",
      "dependency": "",
      "isIncludeHolidays": false
    },
    "d22ed8b9-5b07-4f5e-a47f-82a65df92e36": {
      "rowType": "Chart",
      "no": 127,
      "id": "d22ed8b9-5b07-4f5e-a47f-82a65df92e36",
      "displayName": "コスト分析・レポート",
      "textColumn1": "",
      "textColumn2": "",
      "textColumn3": "",
      "color": "GHI社",
      "plannedStartDate": "2025/8/11",
      "plannedEndDate": "2026/3/24",
      "plannedDays": 149,
      "actualStartDate": "",
      "actualEndDate": "",
      "progress": "",
      "dependentId": "",
      "dependency": "",
      "isIncludeHolidays": false
    },
    "cd2ee3c7-f649-49e0-8bf4-760556bf8715": {
      "no": 128,
      "id": "cd2ee3c7-f649-49e0-8bf4-760556bf8715",
      "rowType": "Separator",
      "displayName": "チーム管理",
      "isCollapsed": false,
      "minStartDate": "2025-07-14",
      "maxEndDate": "2026-03-14",
      "level": 1
    },
    "acfb7b1e-c65c-4918-8b76-fc3a75f1e8e8": {
      "rowType": "Chart",
      "no": 129,
      "id": "acfb7b1e-c65c-4918-8b76-fc3a75f1e8e8",
      "displayName": "チームビルディング",
      "textColumn1": "",
      "textColumn2": "",
      "textColumn3": "",
      "color": "ABC社",
      "plannedStartDate": "2025/7/14",
      "plannedEndDate": "2025/8/15",
      "plannedDays": 23,
      "actualStartDate": "",
      "actualEndDate": "",
      "progress": "",
      "dependentId": "",
      "dependency": "",
      "isIncludeHolidays": false
    },
    "a27b725b-453d-41d4-be45-5e459161fa56": {
      "rowType": "Chart",
      "no": 130,
      "id": "a27b725b-453d-41d4-be45-5e459161fa56",
      "displayName": "スキルアップ研修",
      "textColumn1": "",
      "textColumn2": "",
      "textColumn3": "",
      "color": "DEF社",
      "plannedStartDate": "2025/8/18",
      "plannedEndDate": "2025/12/20",
      "plannedDays": 85,
      "actualStartDate": "",
      "actualEndDate": "",
      "progress": "",
      "dependentId": "",
      "dependency": "",
      "isIncludeHolidays": false
    },
    "694edb26-725e-47ed-9d20-edab9eae48e2": {
      "rowType": "Chart",
      "no": 131,
      "id": "694edb26-725e-47ed-9d20-edab9eae48e2",
      "displayName": "メンバー評価・フィードバック",
      "textColumn1": "",
      "textColumn2": "",
      "textColumn3": "",
      "color": "ABC社",
      "plannedStartDate": "2025/10/14",
      "plannedEndDate": "2026/3/14",
      "plannedDays": 101,
      "actualStartDate": "",
      "actualEndDate": "",
      "progress": "",
      "dependentId": "",
      "dependency": "",
      "isIncludeHolidays": false
    },
    "0e1fae14-0cc6-4484-9f69-5ab2f477147d": {
      "no": 132,
      "id": "0e1fae14-0cc6-4484-9f69-5ab2f477147d",
      "rowType": "Separator",
      "displayName": "セキュリティ・コンプライアンス",
      "isCollapsed": false,
      "minStartDate": "",
      "maxEndDate": "",
      "level": 0
    },
    "f8f43098-5726-4c11-a5bb-b42938a0889d": {
      "no": 133,
      "id": "f8f43098-5726-4c11-a5bb-b42938a0889d",
      "rowType": "Separator",
      "displayName": "セキュリティ対策",
      "isCollapsed": false,
      "minStartDate": "2025-12-23",
      "maxEndDate": "2026-03-21",
      "level": 1
    },
    "449a9fff-569d-4cc2-b907-d4fa0cc6397b": {
      "rowType": "Chart",
      "no": 134,
      "id": "449a9fff-569d-4cc2-b907-d4fa0cc6397b",
      "displayName": "セキュリティ設計レビュー",
      "textColumn1": "",
      "textColumn2": "",
      "textColumn3": "",
      "color": "GHI社",
      "plannedStartDate": "2025/12/23",
      "plannedEndDate": "2026/1/17",
      "plannedDays": 15,
      "actualStartDate": "",
      "actualEndDate": "",
      "progress": "",
      "dependentId": "",
      "dependency": "",
      "isIncludeHolidays": false
    },
    "85591513-3ec4-48a3-9802-11bac387f4c0": {
      "rowType": "Chart",
      "no": 135,
      "id": "85591513-3ec4-48a3-9802-11bac387f4c0",
      "displayName": "脆弱性診断実施",
      "textColumn1": "",
      "textColumn2": "",
      "textColumn3": "",
      "color": "GHI社",
      "plannedStartDate": "2026/2/10",
      "plannedEndDate": "2026/2/28",
      "plannedDays": 12,
      "actualStartDate": "",
      "actualEndDate": "",
      "progress": "",
      "dependentId": "",
      "dependency": "",
      "isIncludeHolidays": false
    },
    "7c8998c0-e6b5-46c4-b7b6-478d7d0ec42c": {
      "rowType": "Chart",
      "no": 136,
      "id": "7c8998c0-e6b5-46c4-b7b6-478d7d0ec42c",
      "displayName": "セキュリティ監査対応",
      "textColumn1": "",
      "textColumn2": "",
      "textColumn3": "",
      "color": "DEF社",
      "plannedStartDate": "2026/3/10",
      "plannedEndDate": "2026/3/21",
      "plannedDays": 8,
      "actualStartDate": "",
      "actualEndDate": "",
      "progress": "",
      "dependentId": "",
      "dependency": "",
      "isIncludeHolidays": false
    },
    "5726be4e-94ae-4b85-bfbd-2012d7ca3899": {
      "no": 137,
      "id": "5726be4e-94ae-4b85-bfbd-2012d7ca3899",
      "rowType": "Separator",
      "displayName": "コンプライアンス確認",
      "isCollapsed": false,
      "minStartDate": "2025-08-11",
      "maxEndDate": "2026-03-14",
      "level": 1
    },
    "63925c1d-e561-442b-89cf-a35c7972ea9e": {
      "rowType": "Chart",
      "no": 138,
      "id": "63925c1d-e561-442b-89cf-a35c7972ea9e",
      "displayName": "法的要件確認",
      "textColumn1": "",
      "textColumn2": "",
      "textColumn3": "",
      "color": "ABC社",
      "plannedStartDate": "2025/8/11",
      "plannedEndDate": "2025/9/12",
      "plannedDays": 24,
      "actualStartDate": "",
      "actualEndDate": "",
      "progress": "",
      "dependentId": "",
      "dependency": "",
      "isIncludeHolidays": false
    },
    "fe80bb8d-cd9f-4b19-95a8-71987802aaa6": {
      "rowType": "Chart",
      "no": 139,
      "id": "fe80bb8d-cd9f-4b19-95a8-71987802aaa6",
      "displayName": "業界標準準拠確認",
      "textColumn1": "",
      "textColumn2": "",
      "textColumn3": "",
      "color": "DEF社",
      "plannedStartDate": "2025/9/16",
      "plannedEndDate": "2025/10/24",
      "plannedDays": 27,
      "actualStartDate": "",
      "actualEndDate": "",
      "progress": "",
      "dependentId": "",
      "dependency": "",
      "isIncludeHolidays": false
    },
    "6543ed99-9db9-4283-b416-3373f2c16421": {
      "rowType": "Chart",
      "no": 140,
      "id": "6543ed99-9db9-4283-b416-3373f2c16421",
      "displayName": "監査対応準備",
      "textColumn1": "",
      "textColumn2": "",
      "textColumn3": "",
      "color": "GHI社",
      "plannedStartDate": "2026/2/17",
      "plannedEndDate": "2026/3/14",
      "plannedDays": 18,
      "actualStartDate": "",
      "actualEndDate": "",
      "progress": "",
      "dependentId": "",
      "dependency": "",
      "isIncludeHolidays": false
    },
    "dc0a4083-136d-407e-a745-273649bfe0cd": {
      "no": 141,
      "id": "dc0a4083-136d-407e-a745-273649bfe0cd",
      "rowType": "Separator",
      "displayName": "データ保護・プライバシー",
      "isCollapsed": false,
      "minStartDate": "2025-11-10",
      "maxEndDate": "2026-03-07",
      "level": 1
    },
    "faa24a3f-8b83-4a1e-8bf9-b97810100920": {
      "rowType": "Chart",
      "no": 142,
      "id": "faa24a3f-8b83-4a1e-8bf9-b97810100920",
      "displayName": "個人情報保護対策",
      "textColumn1": "",
      "textColumn2": "",
      "textColumn3": "",
      "color": "GHI社",
      "plannedStartDate": "2025/11/10",
      "plannedEndDate": "2026/1/24",
      "plannedDays": 50,
      "actualStartDate": "",
      "actualEndDate": "",
      "progress": "",
      "dependentId": "",
      "dependency": "",
      "isIncludeHolidays": false
    },
    "d990bf06-619c-4c46-8f40-6f780bd56015": {
      "rowType": "Chart",
      "no": 143,
      "id": "d990bf06-619c-4c46-8f40-6f780bd56015",
      "displayName": "データバックアップ設計",
      "textColumn1": "",
      "textColumn2": "",
      "textColumn3": "",
      "color": "DEF社",
      "plannedStartDate": "2025/12/9",
      "plannedEndDate": "2026/2/7",
      "plannedDays": 40,
      "actualStartDate": "",
      "actualEndDate": "",
      "progress": "",
      "dependentId": "",
      "dependency": "",
      "isIncludeHolidays": false
    },
    "765c8c39-91b0-438e-af77-4f9ef0691860": {
      "rowType": "Chart",
      "no": 144,
      "id": "765c8c39-91b0-438e-af77-4f9ef0691860",
      "displayName": "災害復旧計画策定",
      "textColumn1": "",
      "textColumn2": "",
      "textColumn3": "",
      "color": "ABC社",
      "plannedStartDate": "2026/1/14",
      "plannedEndDate": "2026/3/7",
      "plannedDays": 36,
      "actualStartDate": "",
      "actualEndDate": "",
      "progress": "",
      "dependentId": "",
      "dependency": "",
      "isIncludeHolidays": false
    },
    "c236103f-ab66-4b5f-8cab-b676a0c86334": {
      "no": 145,
      "id": "c236103f-ab66-4b5f-8cab-b676a0c86334",
      "rowType": "Separator",
      "displayName": "外部連携・インテグレーション",
      "isCollapsed": false,
      "minStartDate": "",
      "maxEndDate": "",
      "level": 0
    },
    "c39239e2-b9a5-49e9-95de-8336cd864632": {
      "no": 146,
      "id": "c39239e2-b9a5-49e9-95de-8336cd864632",
      "rowType": "Separator",
      "displayName": "外部システム連携",
      "isCollapsed": false,
      "minStartDate": "2025-11-25",
      "maxEndDate": "2026-03-21",
      "level": 1
    },
    "2c9cb76a-a8a5-4065-9279-30ea5e06eea7": {
      "rowType": "Chart",
      "no": 147,
      "id": "2c9cb76a-a8a5-4065-9279-30ea5e06eea7",
      "displayName": "決済システム連携",
      "textColumn1": "",
      "textColumn2": "",
      "textColumn3": "",
      "color": "GHI社",
      "plannedStartDate": "2025/12/16",
      "plannedEndDate": "2026/2/14",
      "plannedDays": 39,
      "actualStartDate": "",
      "actualEndDate": "",
      "progress": "",
      "dependentId": "",
      "dependency": "",
      "isIncludeHolidays": false
    },
    "aa0e8ad6-d9e6-4dc3-8637-6112cbf81087": {
      "rowType": "Chart",
      "no": 148,
      "id": "aa0e8ad6-d9e6-4dc3-8637-6112cbf81087",
      "displayName": "在庫管理システム連携",
      "textColumn1": "",
      "textColumn2": "",
      "textColumn3": "",
      "color": "DEF社",
      "plannedStartDate": "2026/1/20",
      "plannedEndDate": "2026/3/7",
      "plannedDays": 32,
      "actualStartDate": "",
      "actualEndDate": "",
      "progress": "",
      "dependentId": "",
      "dependency": "",
      "isIncludeHolidays": false
    },
    "5a529320-ea47-470d-bbcc-aecc4dd1f7bb": {
      "rowType": "Chart",
      "no": 149,
      "id": "5a529320-ea47-470d-bbcc-aecc4dd1f7bb",
      "displayName": "CRMシステム連携",
      "textColumn1": "",
      "textColumn2": "",
      "textColumn3": "",
      "color": "ABC社",
      "plannedStartDate": "2026/2/10",
      "plannedEndDate": "2026/3/21",
      "plannedDays": 26,
      "actualStartDate": "",
      "actualEndDate": "",
      "progress": "",
      "dependentId": "",
      "dependency": "",
      "isIncludeHolidays": false
    },
    "e4d8fe0c-a3ba-4623-bfcf-412e59a03418": {
      "rowType": "Chart",
      "no": 150,
      "id": "e4d8fe0c-a3ba-4623-bfcf-412e59a03418",
      "displayName": "APIゲートウェイ構築",
      "textColumn1": "",
      "textColumn2": "",
      "textColumn3": "",
      "color": "GHI社",
      "plannedStartDate": "2025/11/25",
      "plannedEndDate": "2026/1/31",
      "plannedDays": 45,
      "actualStartDate": "",
      "actualEndDate": "",
      "progress": "",
      "dependentId": "",
      "dependency": "",
      "isIncludeHolidays": false
    },
    "451e2684-4c7f-4e0c-970b-4b7be679dd61": {
      "no": 151,
      "id": "451e2684-4c7f-4e0c-970b-4b7be679dd61",
      "rowType": "Separator",
      "displayName": "サードパーティ連携",
      "isCollapsed": false,
      "minStartDate": "2026-01-27",
      "maxEndDate": "2026-03-24",
      "level": 1
    },
    "a02d4f04-8523-466e-aa20-262a09b6af05": {
      "rowType": "Chart",
      "no": 152,
      "id": "a02d4f04-8523-466e-aa20-262a09b6af05",
      "displayName": "配送業者API連携",
      "textColumn1": "",
      "textColumn2": "",
      "textColumn3": "",
      "color": "DEF社",
      "plannedStartDate": "2026/1/27",
      "plannedEndDate": "2026/2/28",
      "plannedDays": 22,
      "actualStartDate": "",
      "actualEndDate": "",
      "progress": "",
      "dependentId": "",
      "dependency": "",
      "isIncludeHolidays": false
    },
    "f902b019-65d9-41f8-bfcb-53b1cebf539b": {
      "rowType": "Chart",
      "no": 153,
      "id": "f902b019-65d9-41f8-bfcb-53b1cebf539b",
      "displayName": "SNS連携機能",
      "textColumn1": "",
      "textColumn2": "",
      "textColumn3": "",
      "color": "ABC社",
      "plannedStartDate": "2026/2/17",
      "plannedEndDate": "2026/3/14",
      "plannedDays": 18,
      "actualStartDate": "",
      "actualEndDate": "",
      "progress": "",
      "dependentId": "",
      "dependency": "",
      "isIncludeHolidays": false
    },
    "ac520bf6-5a0d-47dc-9df0-7b365f6e3826": {
      "rowType": "Chart",
      "no": 154,
      "id": "ac520bf6-5a0d-47dc-9df0-7b365f6e3826",
      "displayName": "分析ツール連携",
      "textColumn1": "",
      "textColumn2": "",
      "textColumn3": "",
      "color": "GHI社",
      "plannedStartDate": "2026/3/3",
      "plannedEndDate": "2026/3/24",
      "plannedDays": 15,
      "actualStartDate": "",
      "actualEndDate": "",
      "progress": "",
      "dependentId": "",
      "dependency": "",
      "isIncludeHolidays": false
    },
    "60336cf0-ffad-44d6-b6cc-74924b28a19e": {
      "no": 155,
      "id": "60336cf0-ffad-44d6-b6cc-74924b28a19e",
      "rowType": "Separator",
      "displayName": "プロジェクト完了",
      "isCollapsed": false,
      "minStartDate": "",
      "maxEndDate": "",
      "level": 0
    },
    "83f46603-ce05-4fc9-adfe-217039da2ca7": {
      "no": 156,
      "id": "83f46603-ce05-4fc9-adfe-217039da2ca7",
      "rowType": "Separator",
      "displayName": "最終成果物確認",
      "isCollapsed": false,
      "minStartDate": "2026-03-24",
      "maxEndDate": "2026-03-30",
      "level": 1
    },
    "281e369f-77f0-4d40-b028-640680d859a7": {
      "rowType": "Chart",
      "no": 157,
      "id": "281e369f-77f0-4d40-b028-640680d859a7",
      "displayName": "全成果物レビュー",
      "textColumn1": "",
      "textColumn2": "",
      "textColumn3": "",
      "color": "ABC社",
      "plannedStartDate": "2026/3/24",
      "plannedEndDate": "2026/3/28",
      "plannedDays": 4,
      "actualStartDate": "",
      "actualEndDate": "",
      "progress": "",
      "dependentId": "",
      "dependency": "",
      "isIncludeHolidays": false
    },
    "9d9974a0-9f6e-4f21-8e72-2caf2ba9cdd5": {
      "rowType": "Chart",
      "no": 158,
      "id": "9d9974a0-9f6e-4f21-8e72-2caf2ba9cdd5",
      "displayName": "顧客最終承認",
      "textColumn1": "",
      "textColumn2": "",
      "textColumn3": "",
      "color": "ABC社",
      "plannedStartDate": "2026/3/28",
      "plannedEndDate": "2026/3/29",
      "plannedDays": 0,
      "actualStartDate": "",
      "actualEndDate": "",
      "progress": "",
      "dependentId": "",
      "dependency": "",
      "isIncludeHolidays": false
    },
    "45a5d538-c016-48e1-9d40-ce0ffd76a6c4": {
      "rowType": "Chart",
      "no": 159,
      "id": "45a5d538-c016-48e1-9d40-ce0ffd76a6c4",
      "displayName": "プロジェクト完了報告",
      "textColumn1": "",
      "textColumn2": "",
      "textColumn3": "",
      "color": "ABC社",
      "plannedStartDate": "2026/3/29",
      "plannedEndDate": "2026/3/30",
      "plannedDays": 1,
      "actualStartDate": "",
      "actualEndDate": "",
      "progress": "",
      "dependentId": "",
      "dependency": "",
      "isIncludeHolidays": false
    },
    "fd76e932-9b64-4e8e-85fe-09d36ffcc740": {
      "rowType": "Chart",
      "no": 160,
      "id": "fd76e932-9b64-4e8e-85fe-09d36ffcc740",
      "displayName": "",
      "textColumn1": "",
      "textColumn2": "",
      "textColumn3": "",
      "color": "",
      "plannedStartDate": "",
      "plannedEndDate": "",
      "plannedDays": null,
      "actualStartDate": "",
      "actualEndDate": "",
      "progress": "",
      "dependentId": "",
      "dependency": "",
      "isIncludeHolidays": false
    },
    "42dcd865-4d81-453b-81fe-4fc7371f0513": {
      "rowType": "Chart",
      "no": 161,
      "id": "42dcd865-4d81-453b-81fe-4fc7371f0513",
      "displayName": "",
      "textColumn1": "",
      "textColumn2": "",
      "textColumn3": "",
      "color": "",
      "plannedStartDate": "",
      "plannedEndDate": "",
      "plannedDays": null,
      "actualStartDate": "",
      "actualEndDate": "",
      "progress": "",
      "dependentId": "",
      "dependency": "",
      "isIncludeHolidays": false
    },
    "4bc38e61-2649-4b8c-ac25-54d9f4bc98f4": {
      "rowType": "Chart",
      "no": 162,
      "id": "4bc38e61-2649-4b8c-ac25-54d9f4bc98f4",
      "displayName": "",
      "textColumn1": "",
      "textColumn2": "",
      "textColumn3": "",
      "color": "",
      "plannedStartDate": "",
      "plannedEndDate": "",
      "plannedDays": null,
      "actualStartDate": "",
      "actualEndDate": "",
      "progress": "",
      "dependentId": "",
      "dependency": "",
      "isIncludeHolidays": false
    },
    "0e2611c5-f4d8-4df0-95ad-9e71b787e4b5": {
      "rowType": "Chart",
      "no": 163,
      "id": "0e2611c5-f4d8-4df0-95ad-9e71b787e4b5",
      "displayName": "",
      "textColumn1": "",
      "textColumn2": "",
      "textColumn3": "",
      "color": "",
      "plannedStartDate": "",
      "plannedEndDate": "",
      "plannedDays": null,
      "actualStartDate": "",
      "actualEndDate": "",
      "progress": "",
      "dependentId": "",
      "dependency": "",
      "isIncludeHolidays": false
    },
    "a0634b0d-cf28-49cd-b1ec-7c33951adfb8": {
      "rowType": "Chart",
      "no": 164,
      "id": "a0634b0d-cf28-49cd-b1ec-7c33951adfb8",
      "displayName": "",
      "textColumn1": "",
      "textColumn2": "",
      "textColumn3": "",
      "color": "",
      "plannedStartDate": "",
      "plannedEndDate": "",
      "plannedDays": null,
      "actualStartDate": "",
      "actualEndDate": "",
      "progress": "",
      "dependentId": "",
      "dependency": "",
      "isIncludeHolidays": false
    },
    "d7156d2c-7aa2-46d5-bb26-99b9750d9235": {
      "rowType": "Chart",
      "no": 165,
      "id": "d7156d2c-7aa2-46d5-bb26-99b9750d9235",
      "displayName": "",
      "textColumn1": "",
      "textColumn2": "",
      "textColumn3": "",
      "color": "",
      "plannedStartDate": "",
      "plannedEndDate": "",
      "plannedDays": null,
      "actualStartDate": "",
      "actualEndDate": "",
      "progress": "",
      "dependentId": "",
      "dependency": "",
      "isIncludeHolidays": false
    },
    "06cd2612-ac73-404d-a448-19b8816b8dca": {
      "rowType": "Chart",
      "no": 166,
      "id": "06cd2612-ac73-404d-a448-19b8816b8dca",
      "displayName": "",
      "textColumn1": "",
      "textColumn2": "",
      "textColumn3": "",
      "color": "",
      "plannedStartDate": "",
      "plannedEndDate": "",
      "plannedDays": null,
      "actualStartDate": "",
      "actualEndDate": "",
      "progress": "",
      "dependentId": "",
      "dependency": "",
      "isIncludeHolidays": false
    },
    "0b8e79b7-6b69-4370-ac5c-fc510a47c269": {
      "rowType": "Chart",
      "no": 167,
      "id": "0b8e79b7-6b69-4370-ac5c-fc510a47c269",
      "displayName": "",
      "textColumn1": "",
      "textColumn2": "",
      "textColumn3": "",
      "color": "",
      "plannedStartDate": "",
      "plannedEndDate": "",
      "plannedDays": null,
      "actualStartDate": "",
      "actualEndDate": "",
      "progress": "",
      "dependentId": "",
      "dependency": "",
      "isIncludeHolidays": false
    },
    "844f8fa0-39f2-4104-8346-d37707ddca8e": {
      "rowType": "Chart",
      "no": 168,
      "id": "844f8fa0-39f2-4104-8346-d37707ddca8e",
      "displayName": "",
      "textColumn1": "",
      "textColumn2": "",
      "textColumn3": "",
      "color": "",
      "plannedStartDate": "",
      "plannedEndDate": "",
      "plannedDays": null,
      "actualStartDate": "",
      "actualEndDate": "",
      "progress": "",
      "dependentId": "",
      "dependency": "",
      "isIncludeHolidays": false
    }
  },
  "holidayInput": "2022/01/01 土 元日\n2022/01/02 日 銀行休業日\n2022/01/03 月 銀行休業日\n2022/01/10 月 成人の日\n2022/02/11 金 建国記念の日\n2022/02/23 水 天皇誕生日\n2022/03/21 月 春分の日\n2022/04/29 金 昭和の日\n2022/05/03 火 憲法記念日\n2022/05/04 水 みどりの日\n2022/05/05 木 こどもの日\n2022/07/18 月 海の日\n2022/08/11 木 山の日\n2022/09/19 月 敬老の日\n2022/09/23 金 秋分の日\n2022/10/10 月 スポーツの日\n2022/11/03 木 文化の日\n2022/11/23 水 勤労感謝の日\n2022/12/31 土 大晦日\n2023/01/01 日 元日\n2023/01/02 月 元日 (振替休日)\n2023/01/02 月 銀行休業日\n2023/01/03 火 銀行休業日\n2023/01/09 月 成人の日\n2023/02/11 土 建国記念の日\n2023/02/23 木 天皇誕生日\n2023/03/21 火 春分の日\n2023/04/29 土 昭和の日\n2023/05/03 水 憲法記念日\n2023/05/04 木 みどりの日\n2023/05/05 金 こどもの日\n2023/07/17 月 海の日\n2023/08/11 金 山の日\n2023/09/18 月 敬老の日\n2023/09/23 土 秋分の日\n2023/10/09 月 スポーツの日\n2023/11/03 金 文化の日\n2023/11/23 木 勤労感謝の日\n2023/12/31 日 大晦日\n2024/01/01 月 元日\n2024/01/02 火 銀行休業日\n2024/01/03 水 銀行休業日\n2024/01/08 月 成人の日\n2024/02/11 日 建国記念の日\n2024/02/12 月 建国記念の日 (振替休日)\n2024/02/23 金 天皇誕生日\n2024/03/20 水 春分の日\n2024/04/29 月 昭和の日\n2024/05/03 金 憲法記念日\n2024/05/04 土 みどりの日\n2024/05/05 日 こどもの日\n2024/05/06 月 こどもの日 (振替休日)\n2024/07/15 月 海の日\n2024/08/11 日 山の日\n2024/08/12 月 山の日 (振替休日)\n2024/09/16 月 敬老の日\n2024/09/22 日 秋分の日\n2024/09/23 月 秋分の日 (振替休日)\n2024/10/14 月 スポーツの日\n2024/11/03 日 文化の日\n2024/11/04 月 文化の日 (振替休日)\n2024/11/23 土 勤労感謝の日\n2024/12/31 火 大晦日\n2025/01/01 水 元日\n2025/01/02 木 銀行休業日\n2025/01/03 金 銀行休業日\n2025/01/13 月 成人の日\n2025/02/11 火 建国記念の日\n2025/02/23 日 天皇誕生日\n2025/02/24 月 天皇誕生日 (振替休日)\n2025/03/20 木 春分の日\n2025/04/29 火 昭和の日\n2025/05/03 土 憲法記念日\n2025/05/04 日 みどりの日\n2025/05/05 月 こどもの日\n2025/05/06 火 みどりの日 (振替休日)\n2025/07/21 月 海の日\n2025/08/11 月 山の日\n2025/09/15 月 敬老の日\n2025/09/23 火 秋分の日\n2025/10/13 月 スポーツの日\n2025/11/03 月 文化の日\n2025/11/23 日 勤労感謝の日\n2025/11/24 月 勤労感謝の日 (振替休日)\n2025/12/31 水 大晦日\n2026/01/01 木 元日\n2026/01/02 金 銀行休業日\n2026/01/03 土 銀行休業日\n2026/01/12 月 成人の日\n2026/02/11 水 建国記念の日\n2026/02/23 月 天皇誕生日\n2026/03/20 金 春分の日\n2026/04/29 水 昭和の日\n2026/05/03 日 憲法記念日\n2026/05/04 月 みどりの日\n2026/05/05 火 こどもの日\n2026/05/06 水 憲法記念日 (振替休日)\n2026/07/20 月 海の日\n2026/08/11 火 山の日\n2026/09/21 月 敬老の日\n2026/09/22 火 国民の休日\n2026/09/23 水 秋分の日\n2026/10/12 月 スポーツの日\n2026/11/03 火 文化の日\n2026/11/23 月 勤労感謝の日\n2026/12/31 木 大晦日\n2027/01/01 金 元日\n2027/01/02 土 銀行休業日\n2027/01/03 日 銀行休業日\n2027/01/11 月 成人の日\n2027/02/11 木 建国記念の日\n2027/02/23 火 天皇誕生日\n2027/03/21 日 春分の日\n2027/03/22 月 春分の日 (振替休日)\n2027/04/29 木 昭和の日\n2027/05/03 月 憲法記念日\n2027/05/04 火 みどりの日\n2027/05/05 水 こどもの日\n2027/07/19 月 海の日\n2027/08/11 水 山の日\n2027/09/20 月 敬老の日\n2027/09/23 木 秋分の日\n2027/10/11 月 スポーツの日\n2027/11/03 水 文化の日\n2027/11/23 火 勤労感謝の日\n2027/12/31 金 大晦日\n2028/01/01 土 元日\n2028/01/02 日 銀行休業日\n2028/01/03 月 銀行休業日\n2028/01/10 月 成人の日\n2028/02/11 金 建国記念の日\n2028/02/23 水 天皇誕生日\n2028/03/20 月 春分の日\n2028/04/29 土 昭和の日\n2028/05/03 水 憲法記念日\n2028/05/04 木 みどりの日\n2028/05/05 金 こどもの日\n2028/07/17 月 海の日\n2028/08/11 金 山の日\n2028/09/18 月 敬老の日\n2028/09/22 金 秋分の日\n2028/10/09 月 スポーツの日\n2028/11/03 金 文化の日\n2028/11/23 木 勤労感謝の日\n2028/12/31 日 大晦日\n2029/01/01 月 元日\n2029/01/02 火 銀行休業日\n2029/01/03 水 銀行休業日\n2029/01/08 月 成人の日\n2029/02/11 日 建国記念の日\n2029/02/12 月 建国記念の日 (振替休日)\n2029/02/23 金 天皇誕生日\n2029/03/20 火 春分の日\n2029/04/29 日 昭和の日\n2029/04/30 月 昭和の日 (振替休日)\n2029/05/03 木 憲法記念日\n2029/05/04 金 みどりの日\n2029/05/05 土 こどもの日\n2029/07/16 月 海の日\n2029/08/11 土 山の日\n2029/09/17 月 敬老の日\n2029/09/23 日 秋分の日\n2029/09/24 月 秋分の日 (振替休日)\n2029/10/08 月 スポーツの日\n2029/11/03 土 文化の日\n2029/11/23 金 勤労感謝の日\n2029/12/31 月 大晦日",
  "holidayColor": {
    "color": "rgba(255, 233, 233, 1)",
    "subColor": "rgba(255,233,233,0.5)"
  },
  "regularDaysOffSetting": {
    "1": {
      "color": "rgba(230, 239, 255, 1)",
      "subColor": "rgba(230,239,255,0.5)",
      "days": [
        6
      ]
    },
    "2": {
      "color": "rgba(255, 231, 231, 1)",
      "subColor": "rgba(255,231,231,0.5)",
      "days": [
        0
      ]
    },
    "3": {
      "color": "#EFEFEF",
      "subColor": "#EFEFEF80",
      "days": []
    }
  },
  "wbsWidth": 915,
  "calendarWidth": 9287.5,
  "cellWidth": 12.5,
  "title": "大規模システム開発プロジェクト",
  "showYear": false,
  "dateFormat": "yyyy/M/d",
  "treeData": [],
  "noteData": {},
  "language": "ja",
  "notesModalState": {
    "treeWidth": 300,
    "noteWidth": 1000,
    "noteHeight": 400,
    "position": {
      "x": 250,
      "y": 50
    }
  }
}