{
  "colors": {
    "1": {
      "alias": "",
      "color": "#70ecff51"
    },
    "2": {
      "alias": "DEF",
      "color": "#70b0ff51"
    },
    "3": {
      "alias": "",
      "color": "#8a70ff51"
    },
    "4": {
      "alias": "ABC",
      "color": "#ff70ea51"
    },
    "5": {
      "alias": "",
      "color": "#ff707051"
    },
    "6": {
      "alias": "",
      "color": "#fffe7051"
    },
    "7": {
      "alias": "GHI",
      "color": "#76ff7051"
    },
    "8": {
      "alias": "",
      "color": "#76ff7051"
    },
    "9": {
      "alias": "",
      "color": "#76ff7051"
    },
    "10": {
      "alias": "",
      "color": "#76ff7051"
    },
    "999": {
      "alias": "",
      "color": "#0000003d"
    }
  },
  "dateRange": {
    "startDate": "2025-06-01",
    "endDate": "2026-04-30"
  },
  "columns": [
    {
      "columnId": "no",
      "columnName": "No",
      "width": 37,
      "resizable": false,
      "visible": true
    },
    {
      "columnId": "displayName",
      "columnName": "表示名",
      "width": 199,
      "resizable": true,
      "reorderable": true,
      "visible": true
    },
    {
      "columnId": "color",
      "columnName": "色",
      "width": 50,
      "resizable": true,
      "reorderable": true,
      "visible": true
    },
    {
      "columnId": "plannedStartDate",
      "columnName": "予始",
      "width": 50,
      "resizable": true,
      "reorderable": true,
      "visible": true
    },
    {
      "columnId": "plannedEndDate",
      "columnName": "予終",
      "width": 50,
      "resizable": true,
      "reorderable": true,
      "visible": true
    },
    {
      "columnId": "plannedDays",
      "columnName": "日",
      "width": 40,
      "resizable": true,
      "reorderable": true,
      "visible": true
    },
    {
      "columnId": "actualStartDate",
      "columnName": "実始",
      "width": 50,
      "resizable": true,
      "reorderable": true,
      "visible": false
    },
    {
      "columnId": "actualEndDate",
      "columnName": "実終",
      "width": 50,
      "resizable": true,
      "reorderable": true,
      "visible": false
    },
    {
      "columnId": "progress",
      "columnName": "進捗",
      "width": 50,
      "resizable": true,
      "reorderable": true,
      "visible": false
    },
    {
      "columnId": "dependency",
      "columnName": "依存関係",
      "width": 83,
      "resizable": true,
      "reorderable": true,
      "visible": true
    },
    {
      "columnId": "textColumn1",
      "columnName": "Text1",
      "width": 50,
      "resizable": true,
      "reorderable": true,
      "visible": false
    },
    {
      "columnId": "textColumn2",
      "columnName": "Text2",
      "width": 50,
      "resizable": true,
      "reorderable": true,
      "visible": false
    },
    {
      "columnId": "textColumn3",
      "columnName": "Text3",
      "width": 50,
      "resizable": true,
      "reorderable": true,
      "visible": false
    },
    {
      "columnId": "isIncludeHolidays",
      "columnName": "含休日",
      "width": 50,
      "resizable": true,
      "reorderable": true,
      "visible": true
    }
  ],
  "data": {
    "1a7ad5e1-34ae-44d1-930a-02d733de1032": {
      "no": 1,
      "id": "1a7ad5e1-34ae-44d1-930a-02d733de1032",
      "rowType": "Separator",
      "displayName": "企画・準備フェーズ",
      "isCollapsed": false,
      "minStartDate": "",
      "maxEndDate": "",
      "level": 0
    },
    "4b31178d-e868-4165-afa9-04cebcc578cd": {
      "no": 2,
      "id": "4b31178d-e868-4165-afa9-04cebcc578cd",
      "rowType": "Separator",
      "displayName": "出展計画",
      "isCollapsed": false,
      "minStartDate": "2025-06-09",
      "maxEndDate": "2025-07-04",
      "level": 1
    },
    "0a630c8a-278c-474e-ba1b-ef9332bc7f2f": {
      "no": 3,
      "id": "0a630c8a-278c-474e-ba1b-ef9332bc7f2f",
      "displayName": "出展目的・目標設定",
      "rowType": "Chart",
      "textColumn1": "",
      "textColumn2": "",
      "textColumn3": "",
      "color": "ABC",
      "plannedStartDate": "2025/6/9",
      "plannedEndDate": "2025/6/13",
      "plannedDays": 5,
      "actualStartDate": "",
      "actualEndDate": "",
      "progress": "",
      "dependentId": "",
      "dependency": "",
      "isIncludeHolidays": false
    },
    "1c73ca6a-ab93-4cb2-ae48-72d5be4262c0": {
      "no": 4,
      "id": "1c73ca6a-ab93-4cb2-ae48-72d5be4262c0",
      "displayName": "予算計画策定",
      "rowType": "Chart",
      "textColumn1": "",
      "textColumn2": "",
      "textColumn3": "",
      "color": "ABC",
      "plannedStartDate": "2025/06/16",
      "plannedEndDate": "2025/06/20",
      "plannedDays": 5,
      "actualStartDate": "",
      "actualEndDate": "",
      "progress": "",
      "dependentId": "0a630c8a-278c-474e-ba1b-ef9332bc7f2f",
      "dependency": "after,-1,1",
      "isIncludeHolidays": false
    },
    "8c088469-533e-4812-8d79-2da5d34fc8b3": {
      "no": 5,
      "id": "8c088469-533e-4812-8d79-2da5d34fc8b3",
      "displayName": "出展申込み",
      "rowType": "Chart",
      "textColumn1": "",
      "textColumn2": "",
      "textColumn3": "",
      "color": "ABC",
      "plannedStartDate": "2025/06/23",
      "plannedEndDate": "2025/06/27",
      "plannedDays": 5,
      "actualStartDate": "",
      "actualEndDate": "",
      "progress": "",
      "dependentId": "1c73ca6a-ab93-4cb2-ae48-72d5be4262c0",
      "dependency": "after,-1,1",
      "isIncludeHolidays": false
    },
    "08f16e49-2774-4347-aa67-8165c8ca1cd7": {
      "no": 6,
      "id": "08f16e49-2774-4347-aa67-8165c8ca1cd7",
      "displayName": "ブース位置確認",
      "rowType": "Chart",
      "textColumn1": "",
      "textColumn2": "",
      "textColumn3": "",
      "color": "ABC",
      "plannedStartDate": "2025/06/30",
      "plannedEndDate": "2025/07/04",
      "plannedDays": 5,
      "actualStartDate": "",
      "actualEndDate": "",
      "progress": "",
      "dependentId": "8c088469-533e-4812-8d79-2da5d34fc8b3",
      "dependency": "after,-1,1",
      "isIncludeHolidays": false
    },
    "768f55b9-01fd-4da8-a117-6902d07ee9a1": {
      "no": 7,
      "id": "768f55b9-01fd-4da8-a117-6902d07ee9a1",
      "rowType": "Separator",
      "displayName": "出展商品企画",
      "isCollapsed": false,
      "minStartDate": "2025-07-07",
      "maxEndDate": "2025-08-01",
      "level": 1
    },
    "4c9d4880-f6c0-45ec-867e-9490aac1f23c": {
      "no": 8,
      "id": "4c9d4880-f6c0-45ec-867e-9490aac1f23c",
      "displayName": "商品ラインナップ選定",
      "rowType": "Chart",
      "textColumn1": "",
      "textColumn2": "",
      "textColumn3": "",
      "color": "ABC",
      "plannedStartDate": "2025/07/07",
      "plannedEndDate": "2025/07/11",
      "plannedDays": 5,
      "actualStartDate": "",
      "actualEndDate": "",
      "progress": "",
      "dependentId": "08f16e49-2774-4347-aa67-8165c8ca1cd7",
      "dependency": "after,-1,1",
      "isIncludeHolidays": false
    },
    "dbdf2793-4c2f-439a-8535-7da0123a420f": {
      "no": 9,
      "id": "dbdf2793-4c2f-439a-8535-7da0123a420f",
      "displayName": "新商品企画",
      "rowType": "Chart",
      "textColumn1": "",
      "textColumn2": "",
      "textColumn3": "",
      "color": "ABC",
      "plannedStartDate": "2025/07/14",
      "plannedEndDate": "2025/07/18",
      "plannedDays": 5,
      "actualStartDate": "",
      "actualEndDate": "",
      "progress": "",
      "dependentId": "4c9d4880-f6c0-45ec-867e-9490aac1f23c",
      "dependency": "after,-1,1",
      "isIncludeHolidays": false
    },
    "e8c947bd-4e17-4188-89e2-f846e3c52713": {
      "no": 10,
      "id": "e8c947bd-4e17-4188-89e2-f846e3c52713",
      "displayName": "試食サンプル企画",
      "rowType": "Chart",
      "textColumn1": "",
      "textColumn2": "",
      "textColumn3": "",
      "color": "ABC",
      "plannedStartDate": "2025/07/22",
      "plannedEndDate": "2025/07/25",
      "plannedDays": 4,
      "actualStartDate": "",
      "actualEndDate": "",
      "progress": "",
      "dependentId": "dbdf2793-4c2f-439a-8535-7da0123a420f",
      "dependency": "after,-1,1",
      "isIncludeHolidays": false
    },
    "b9d16d8a-c04a-4b5b-b44f-101c4a2cc8d1": {
      "no": 11,
      "id": "b9d16d8a-c04a-4b5b-b44f-101c4a2cc8d1",
      "displayName": "商品説明資料作成",
      "rowType": "Chart",
      "textColumn1": "",
      "textColumn2": "",
      "textColumn3": "",
      "color": "ABC",
      "plannedStartDate": "2025/07/28",
      "plannedEndDate": "2025/08/01",
      "plannedDays": 5,
      "actualStartDate": "",
      "actualEndDate": "",
      "progress": "",
      "dependentId": "e8c947bd-4e17-4188-89e2-f846e3c52713",
      "dependency": "after,-1,1",
      "isIncludeHolidays": false
    },
    "0a18bd1f-bdbb-411c-ae73-428859c1d218": {
      "no": 12,
      "id": "0a18bd1f-bdbb-411c-ae73-428859c1d218",
      "rowType": "Separator",
      "displayName": "ブース設計・制作",
      "isCollapsed": false,
      "minStartDate": "",
      "maxEndDate": "",
      "level": 0
    },
    "0707bb4e-29d3-4f26-a468-fd3f0da6ae2a": {
      "no": 13,
      "id": "0707bb4e-29d3-4f26-a468-fd3f0da6ae2a",
      "rowType": "Separator",
      "displayName": "ブースデザイン",
      "isCollapsed": false,
      "minStartDate": "2025-08-04",
      "maxEndDate": "2025-08-29",
      "level": 1
    },
    "a469819a-626a-4a5d-9c74-2fbfbc130ae9": {
      "no": 14,
      "id": "a469819a-626a-4a5d-9c74-2fbfbc130ae9",
      "displayName": "ブースコンセプト策定",
      "rowType": "Chart",
      "textColumn1": "",
      "textColumn2": "",
      "textColumn3": "",
      "color": "DEF",
      "plannedStartDate": "2025/8/4",
      "plannedEndDate": "2025/8/8",
      "plannedDays": 5,
      "actualStartDate": "",
      "actualEndDate": "",
      "progress": "",
      "dependentId": "",
      "dependency": "",
      "isIncludeHolidays": false
    },
    "a051b65d-7d38-4522-982f-f87520f09d80": {
      "no": 15,
      "id": "a051b65d-7d38-4522-982f-f87520f09d80",
      "displayName": "ブースレイアウト設計",
      "rowType": "Chart",
      "textColumn1": "",
      "textColumn2": "",
      "textColumn3": "",
      "color": "DEF",
      "plannedStartDate": "2025/8/11",
      "plannedEndDate": "2025/8/15",
      "plannedDays": 4,
      "actualStartDate": "",
      "actualEndDate": "",
      "progress": "",
      "dependentId": "",
      "dependency": "",
      "isIncludeHolidays": false
    },
    "2707b98c-80d3-4d50-aa4e-1746be7abb0d": {
      "no": 16,
      "id": "2707b98c-80d3-4d50-aa4e-1746be7abb0d",
      "displayName": "3Dパース作成",
      "rowType": "Chart",
      "textColumn1": "",
      "textColumn2": "",
      "textColumn3": "",
      "color": "DEF",
      "plannedStartDate": "2025/8/18",
      "plannedEndDate": "2025/8/22",
      "plannedDays": 5,
      "actualStartDate": "",
      "actualEndDate": "",
      "progress": "",
      "dependentId": "",
      "dependency": "",
      "isIncludeHolidays": false
    },
    "25ee61c5-adcd-49b7-bb70-cec507403de3": {
      "no": 17,
      "id": "25ee61c5-adcd-49b7-bb70-cec507403de3",
      "displayName": "最終デザイン承認",
      "rowType": "Chart",
      "textColumn1": "",
      "textColumn2": "",
      "textColumn3": "",
      "color": "ABC",
      "plannedStartDate": "2025/8/25",
      "plannedEndDate": "2025/8/29",
      "plannedDays": 5,
      "actualStartDate": "",
      "actualEndDate": "",
      "progress": "",
      "dependentId": "",
      "dependency": "",
      "isIncludeHolidays": false
    },
    "825ed79b-0b0c-404c-b86b-de7651f165dd": {
      "no": 18,
      "id": "825ed79b-0b0c-404c-b86b-de7651f165dd",
      "rowType": "Separator",
      "displayName": "ブース制作",
      "isCollapsed": false,
      "minStartDate": "2025-09-01",
      "maxEndDate": "2025-09-26",
      "level": 1
    },
    "96cb43d8-1ed9-45df-8756-aaca32d5fe56": {
      "no": 19,
      "id": "96cb43d8-1ed9-45df-8756-aaca32d5fe56",
      "displayName": "展示什器製作",
      "rowType": "Chart",
      "textColumn1": "",
      "textColumn2": "",
      "textColumn3": "",
      "color": "DEF",
      "plannedStartDate": "2025/09/01",
      "plannedEndDate": "2025/09/12",
      "plannedDays": 10,
      "actualStartDate": "",
      "actualEndDate": "",
      "progress": "",
      "dependentId": "",
      "dependency": "",
      "isIncludeHolidays": false
    },
    "85937c27-edca-4308-abb1-a08ef9bf64e3": {
      "no": 20,
      "id": "85937c27-edca-4308-abb1-a08ef9bf64e3",
      "displayName": "看板・パネル製作",
      "rowType": "Chart",
      "textColumn1": "",
      "textColumn2": "",
      "textColumn3": "",
      "color": "DEF",
      "plannedStartDate": "2025/09/08",
      "plannedEndDate": "2025/09/19",
      "plannedDays": 9,
      "actualStartDate": "",
      "actualEndDate": "",
      "progress": "",
      "dependentId": "",
      "dependency": "",
      "isIncludeHolidays": false
    },
    "0b44dca1-b5b4-411d-aeb0-393664318845": {
      "no": 21,
      "id": "0b44dca1-b5b4-411d-aeb0-393664318845",
      "displayName": "照明・音響機材準備",
      "rowType": "Chart",
      "textColumn1": "",
      "textColumn2": "",
      "textColumn3": "",
      "color": "DEF",
      "plannedStartDate": "2025/09/16",
      "plannedEndDate": "2025/09/25",
      "plannedDays": 7,
      "actualStartDate": "",
      "actualEndDate": "",
      "progress": "",
      "dependentId": "",
      "dependency": "",
      "isIncludeHolidays": false
    },
    "a611427b-4a05-4336-a0c2-56d24e6c6082": {
      "no": 22,
      "id": "a611427b-4a05-4336-a0c2-56d24e6c6082",
      "displayName": "ブース設営リハーサル",
      "rowType": "Chart",
      "textColumn1": "",
      "textColumn2": "",
      "textColumn3": "",
      "color": "DEF",
      "plannedStartDate": "2025/09/26",
      "plannedEndDate": "2025/09/26",
      "plannedDays": 1,
      "actualStartDate": "",
      "actualEndDate": "",
      "progress": "",
      "dependentId": "",
      "dependency": "",
      "isIncludeHolidays": false
    },
    "9cbc9f03-79da-49ab-9fd8-b836c3973d5d": {
      "no": 23,
      "id": "9cbc9f03-79da-49ab-9fd8-b836c3973d5d",
      "rowType": "Separator",
      "displayName": "販促物・資材準備",
      "isCollapsed": false,
      "minStartDate": "",
      "maxEndDate": "",
      "level": 0
    },
    "2b92add8-1870-4f88-ba18-9fdadaf4f5f2": {
      "no": 24,
      "id": "2b92add8-1870-4f88-ba18-9fdadaf4f5f2",
      "rowType": "Separator",
      "displayName": "印刷物制作",
      "isCollapsed": false,
      "minStartDate": "2025-08-11",
      "maxEndDate": "2025-09-20",
      "level": 1
    },
    "4d235700-7f7a-45d3-be00-c1c14b1efaa6": {
      "no": 25,
      "id": "4d235700-7f7a-45d3-be00-c1c14b1efaa6",
      "displayName": "カタログデザイン",
      "rowType": "Chart",
      "textColumn1": "",
      "textColumn2": "",
      "textColumn3": "",
      "color": "GHI",
      "plannedStartDate": "2025/8/11",
      "plannedEndDate": "2025/8/22",
      "plannedDays": 9,
      "actualStartDate": "",
      "actualEndDate": "",
      "progress": "",
      "dependentId": "",
      "dependency": "",
      "isIncludeHolidays": false
    },
    "358e171a-299e-4ec3-81e7-d3790a6b3971": {
      "no": 26,
      "id": "358e171a-299e-4ec3-81e7-d3790a6b3971",
      "displayName": "カタログ印刷",
      "rowType": "Chart",
      "textColumn1": "",
      "textColumn2": "",
      "textColumn3": "",
      "color": "GHI",
      "plannedStartDate": "2025/8/25",
      "plannedEndDate": "2025/9/5",
      "plannedDays": 10,
      "actualStartDate": "",
      "actualEndDate": "",
      "progress": "",
      "dependentId": "",
      "dependency": "",
      "isIncludeHolidays": false
    },
    "4acb7f01-b42c-4efb-aa1e-701ff234d13b": {
      "no": 27,
      "id": "4acb7f01-b42c-4efb-aa1e-701ff234d13b",
      "displayName": "チラシ・名刺制作",
      "rowType": "Chart",
      "textColumn1": "",
      "textColumn2": "",
      "textColumn3": "",
      "color": "GHI",
      "plannedStartDate": "2025/9/1",
      "plannedEndDate": "2025/9/10",
      "plannedDays": 8,
      "actualStartDate": "",
      "actualEndDate": "",
      "progress": "",
      "dependentId": "",
      "dependency": "",
      "isIncludeHolidays": false
    },
    "3148d049-e4bf-45c8-a2e9-4e52c89500d9": {
      "no": 28,
      "id": "3148d049-e4bf-45c8-a2e9-4e52c89500d9",
      "displayName": "ショッピングバッグ制作",
      "rowType": "Chart",
      "textColumn1": "",
      "textColumn2": "",
      "textColumn3": "",
      "color": "GHI",
      "plannedStartDate": "2025/9/8",
      "plannedEndDate": "2025/9/20",
      "plannedDays": 9,
      "actualStartDate": "",
      "actualEndDate": "",
      "progress": "",
      "dependentId": "",
      "dependency": "",
      "isIncludeHolidays": false
    },
    "31e9f75b-3e36-4415-9340-79490e60e592": {
      "no": 29,
      "id": "31e9f75b-3e36-4415-9340-79490e60e592",
      "rowType": "Separator",
      "displayName": "試食用商品準備",
      "isCollapsed": false,
      "minStartDate": "2025-09-16",
      "maxEndDate": "2025-10-31",
      "level": 1
    },
    "5cafa087-bd56-47b5-8ffb-c4b9da9abd07": {
      "no": 30,
      "id": "5cafa087-bd56-47b5-8ffb-c4b9da9abd07",
      "displayName": "試食商品製造計画",
      "rowType": "Chart",
      "textColumn1": "",
      "textColumn2": "",
      "textColumn3": "",
      "color": "ABC",
      "plannedStartDate": "2025/9/16",
      "plannedEndDate": "2025/9/20",
      "plannedDays": 4,
      "actualStartDate": "",
      "actualEndDate": "",
      "progress": "",
      "dependentId": "",
      "dependency": "",
      "isIncludeHolidays": false
    },
    "06317201-fec6-41e8-bdcc-c60d6e651d93": {
      "no": 31,
      "id": "06317201-fec6-41e8-bdcc-c60d6e651d93",
      "displayName": "試食商品製造",
      "rowType": "Chart",
      "textColumn1": "",
      "textColumn2": "",
      "textColumn3": "",
      "color": "ABC",
      "plannedStartDate": "2025/10/6",
      "plannedEndDate": "2025/10/17",
      "plannedDays": 9,
      "actualStartDate": "",
      "actualEndDate": "",
      "progress": "",
      "dependentId": "",
      "dependency": "",
      "isIncludeHolidays": false
    },
    "38c1dd9d-6686-47e8-9461-b92627f854a4": {
      "no": 32,
      "id": "38c1dd9d-6686-47e8-9461-b92627f854a4",
      "displayName": "包装・梱包作業",
      "rowType": "Chart",
      "textColumn1": "",
      "textColumn2": "",
      "textColumn3": "",
      "color": "ABC",
      "plannedStartDate": "2025/10/20",
      "plannedEndDate": "2025/10/24",
      "plannedDays": 5,
      "actualStartDate": "",
      "actualEndDate": "",
      "progress": "",
      "dependentId": "",
      "dependency": "",
      "isIncludeHolidays": false
    },
    "2a6fa1a6-f1b5-4cdf-894d-49d40c488832": {
      "no": 33,
      "id": "2a6fa1a6-f1b5-4cdf-894d-49d40c488832",
      "displayName": "配送手配",
      "rowType": "Chart",
      "textColumn1": "",
      "textColumn2": "",
      "textColumn3": "",
      "color": "ABC",
      "plannedStartDate": "2025/10/27",
      "plannedEndDate": "2025/10/31",
      "plannedDays": 5,
      "actualStartDate": "",
      "actualEndDate": "",
      "progress": "",
      "dependentId": "",
      "dependency": "",
      "isIncludeHolidays": false
    },
    "24a9642f-6df9-4e7d-807b-d12e265f1471": {
      "no": 34,
      "id": "24a9642f-6df9-4e7d-807b-d12e265f1471",
      "rowType": "Separator",
      "displayName": "スタッフ・運営準備",
      "isCollapsed": false,
      "minStartDate": "",
      "maxEndDate": "",
      "level": 0
    },
    "331b75b5-da22-4313-a23d-5777cff3201e": {
      "no": 35,
      "id": "331b75b5-da22-4313-a23d-5777cff3201e",
      "rowType": "Separator",
      "displayName": "スタッフ手配",
      "isCollapsed": false,
      "minStartDate": "2025-09-23",
      "maxEndDate": "2025-10-17",
      "level": 1
    },
    "e1cf7750-cd2e-4259-b335-8eebdb610c27": {
      "no": 36,
      "id": "e1cf7750-cd2e-4259-b335-8eebdb610c27",
      "displayName": "出展スタッフ選定",
      "rowType": "Chart",
      "textColumn1": "",
      "textColumn2": "",
      "textColumn3": "",
      "color": "ABC",
      "plannedStartDate": "2025/9/23",
      "plannedEndDate": "2025/9/27",
      "plannedDays": 3,
      "actualStartDate": "",
      "actualEndDate": "",
      "progress": "",
      "dependentId": "",
      "dependency": "",
      "isIncludeHolidays": false
    },
    "a989169a-2aca-4565-b749-30bdabc87a29": {
      "no": 37,
      "id": "a989169a-2aca-4565-b749-30bdabc87a29",
      "displayName": "外部スタッフ手配",
      "rowType": "Chart",
      "textColumn1": "",
      "textColumn2": "",
      "textColumn3": "",
      "color": "ABC",
      "plannedStartDate": "2025/09/29",
      "plannedEndDate": "2025/10/03",
      "plannedDays": 5,
      "actualStartDate": "",
      "actualEndDate": "",
      "progress": "",
      "dependentId": "",
      "dependency": "",
      "isIncludeHolidays": false
    },
    "e1e45539-fc37-4da7-83f0-6b46bf7ed879": {
      "no": 38,
      "id": "e1e45539-fc37-4da7-83f0-6b46bf7ed879",
      "displayName": "スタッフ研修資料作成",
      "rowType": "Chart",
      "textColumn1": "",
      "textColumn2": "",
      "textColumn3": "",
      "color": "ABC",
      "plannedStartDate": "2025/10/06",
      "plannedEndDate": "2025/10/10",
      "plannedDays": 5,
      "actualStartDate": "",
      "actualEndDate": "",
      "progress": "",
      "dependentId": "",
      "dependency": "",
      "isIncludeHolidays": false
    },
    "8e205c29-d008-4440-837e-aed67defdf8d": {
      "no": 39,
      "id": "8e205c29-d008-4440-837e-aed67defdf8d",
      "displayName": "スタッフ研修実施",
      "rowType": "Chart",
      "textColumn1": "",
      "textColumn2": "",
      "textColumn3": "",
      "color": "ABC",
      "plannedStartDate": "2025/10/14",
      "plannedEndDate": "2025/10/17",
      "plannedDays": 4,
      "actualStartDate": "",
      "actualEndDate": "",
      "progress": "",
      "dependentId": "",
      "dependency": "",
      "isIncludeHolidays": false
    },
    "e307ea72-8c31-4ed7-b9c7-42b0e20aa812": {
      "no": 40,
      "id": "e307ea72-8c31-4ed7-b9c7-42b0e20aa812",
      "rowType": "Separator",
      "displayName": "運営準備",
      "isCollapsed": false,
      "minStartDate": "2025-10-20",
      "maxEndDate": "2025-11-14",
      "level": 1
    },
    "e4ad41bc-7868-4826-bfe2-ab4e459a807e": {
      "no": 41,
      "id": "e4ad41bc-7868-4826-bfe2-ab4e459a807e",
      "displayName": "タイムスケジュール作成",
      "rowType": "Chart",
      "textColumn1": "",
      "textColumn2": "",
      "textColumn3": "",
      "color": "ABC",
      "plannedStartDate": "2025/10/20",
      "plannedEndDate": "2025/10/24",
      "plannedDays": 5,
      "actualStartDate": "",
      "actualEndDate": "",
      "progress": "",
      "dependentId": "",
      "dependency": "",
      "isIncludeHolidays": false
    },
    "15266714-6a27-4c01-b571-cd16976086f3": {
      "no": 42,
      "id": "15266714-6a27-4c01-b571-cd16976086f3",
      "displayName": "来場者対応マニュアル作成",
      "rowType": "Chart",
      "textColumn1": "",
      "textColumn2": "",
      "textColumn3": "",
      "color": "ABC",
      "plannedStartDate": "2025/10/27",
      "plannedEndDate": "2025/10/31",
      "plannedDays": 5,
      "actualStartDate": "",
      "actualEndDate": "",
      "progress": "",
      "dependentId": "",
      "dependency": "",
      "isIncludeHolidays": false
    },
    "98f252c7-3f1e-4497-a7c7-18a984715ccf": {
      "no": 43,
      "id": "98f252c7-3f1e-4497-a7c7-18a984715ccf",
      "displayName": "アンケート用紙作成",
      "rowType": "Chart",
      "textColumn1": "",
      "textColumn2": "",
      "textColumn3": "",
      "color": "ABC",
      "plannedStartDate": "2025/11/4",
      "plannedEndDate": "2025/11/7",
      "plannedDays": 4,
      "actualStartDate": "",
      "actualEndDate": "",
      "progress": "",
      "dependentId": "",
      "dependency": "",
      "isIncludeHolidays": false
    },
    "908e34b6-1b2f-4f2c-b3d6-b2c704b4a94a": {
      "no": 44,
      "id": "908e34b6-1b2f-4f2c-b3d6-b2c704b4a94a",
      "displayName": "名刺交換システム準備",
      "rowType": "Chart",
      "textColumn1": "",
      "textColumn2": "",
      "textColumn3": "",
      "color": "ABC",
      "plannedStartDate": "2025/11/10",
      "plannedEndDate": "2025/11/14",
      "plannedDays": 5,
      "actualStartDate": "",
      "actualEndDate": "",
      "progress": "",
      "dependentId": "",
      "dependency": "",
      "isIncludeHolidays": false
    },
    "278bf663-f7d7-4a0c-92ee-c7a5d7c6f3df": {
      "no": 45,
      "id": "278bf663-f7d7-4a0c-92ee-c7a5d7c6f3df",
      "rowType": "Separator",
      "displayName": "会場設営・開催",
      "isCollapsed": false,
      "minStartDate": "",
      "maxEndDate": "",
      "level": 0
    },
    "209e28d1-6468-475d-83d2-26d29999e83b": {
      "no": 46,
      "id": "209e28d1-6468-475d-83d2-26d29999e83b",
      "rowType": "Separator",
      "displayName": "事前準備",
      "isCollapsed": false,
      "minStartDate": "2025-11-17",
      "maxEndDate": "2025-11-24",
      "level": 1
    },
    "a022021f-cf24-4d2d-ba78-5463612b8631": {
      "no": 47,
      "id": "a022021f-cf24-4d2d-ba78-5463612b8631",
      "displayName": "機材搬入",
      "rowType": "Chart",
      "textColumn1": "",
      "textColumn2": "",
      "textColumn3": "",
      "color": "DEF",
      "plannedStartDate": "2025/11/17",
      "plannedEndDate": "2025/11/18",
      "plannedDays": 2,
      "actualStartDate": "",
      "actualEndDate": "",
      "progress": "",
      "dependentId": "",
      "dependency": "",
      "isIncludeHolidays": false
    },
    "f0bf7d08-7dff-49a1-9cc8-a86f5a988580": {
      "no": 48,
      "id": "f0bf7d08-7dff-49a1-9cc8-a86f5a988580",
      "displayName": "ブース設営",
      "rowType": "Chart",
      "textColumn1": "",
      "textColumn2": "",
      "textColumn3": "",
      "color": "DEF",
      "plannedStartDate": "2025/11/19",
      "plannedEndDate": "2025/11/20",
      "plannedDays": 2,
      "actualStartDate": "",
      "actualEndDate": "",
      "progress": "",
      "dependentId": "",
      "dependency": "",
      "isIncludeHolidays": false
    },
    "45948b95-8f5f-4b99-84dd-ab6bcde0c9e7": {
      "no": 49,
      "id": "45948b95-8f5f-4b99-84dd-ab6bcde0c9e7",
      "displayName": "商品陳列",
      "rowType": "Chart",
      "textColumn1": "",
      "textColumn2": "",
      "textColumn3": "",
      "color": "ABC",
      "plannedStartDate": "2025/11/21",
      "plannedEndDate": "2025/11/21",
      "plannedDays": 1,
      "actualStartDate": "",
      "actualEndDate": "",
      "progress": "",
      "dependentId": "",
      "dependency": "",
      "isIncludeHolidays": false
    },
    "d7ca50c4-f8e5-4f05-bca0-20296f9eeb17": {
      "no": 50,
      "id": "d7ca50c4-f8e5-4f05-bca0-20296f9eeb17",
      "displayName": "最終確認・リハーサル",
      "rowType": "Chart",
      "textColumn1": "",
      "textColumn2": "",
      "textColumn3": "",
      "color": "ABC",
      "plannedStartDate": "2025/11/24",
      "plannedEndDate": "2025/11/24",
      "plannedDays": 0,
      "actualStartDate": "",
      "actualEndDate": "",
      "progress": "",
      "dependentId": "",
      "dependency": "",
      "isIncludeHolidays": false
    },
    "4a1f0b4a-dd7a-493b-9864-5408678382d9": {
      "no": 51,
      "id": "4a1f0b4a-dd7a-493b-9864-5408678382d9",
      "rowType": "Separator",
      "displayName": "見本市開催",
      "isCollapsed": false,
      "minStartDate": "2025-11-25",
      "maxEndDate": "2025-11-27",
      "level": 1
    },
    "85317bc0-120f-45cb-bb19-b0deddb0013b": {
      "no": 52,
      "id": "85317bc0-120f-45cb-bb19-b0deddb0013b",
      "displayName": "開催1日目",
      "rowType": "Chart",
      "textColumn1": "",
      "textColumn2": "",
      "textColumn3": "",
      "color": "ABC",
      "plannedStartDate": "2025/11/25",
      "plannedEndDate": "2025/11/25",
      "plannedDays": 1,
      "actualStartDate": "",
      "actualEndDate": "",
      "progress": "",
      "dependentId": "",
      "dependency": "",
      "isIncludeHolidays": false
    },
    "ff188562-85cc-4027-913b-81a536252e29": {
      "no": 53,
      "id": "ff188562-85cc-4027-913b-81a536252e29",
      "displayName": "開催2日目",
      "rowType": "Chart",
      "textColumn1": "",
      "textColumn2": "",
      "textColumn3": "",
      "color": "ABC",
      "plannedStartDate": "2025/11/26",
      "plannedEndDate": "2025/11/26",
      "plannedDays": 1,
      "actualStartDate": "",
      "actualEndDate": "",
      "progress": "",
      "dependentId": "",
      "dependency": "",
      "isIncludeHolidays": false
    },
    "ca259df9-ddae-40d8-bb83-d1137cfb24bb": {
      "no": 54,
      "id": "ca259df9-ddae-40d8-bb83-d1137cfb24bb",
      "displayName": "開催3日目",
      "rowType": "Chart",
      "textColumn1": "",
      "textColumn2": "",
      "textColumn3": "",
      "color": "ABC",
      "plannedStartDate": "2025/11/27",
      "plannedEndDate": "2025/11/27",
      "plannedDays": 1,
      "actualStartDate": "",
      "actualEndDate": "",
      "progress": "",
      "dependentId": "",
      "dependency": "",
      "isIncludeHolidays": false
    },
    "d374bb9a-f73a-4830-911c-f6c2d5f8ee4f": {
      "no": 55,
      "id": "d374bb9a-f73a-4830-911c-f6c2d5f8ee4f",
      "displayName": "来場者対応・商談",
      "rowType": "Chart",
      "textColumn1": "",
      "textColumn2": "",
      "textColumn3": "",
      "color": "ABC",
      "plannedStartDate": "2025/11/25",
      "plannedEndDate": "2025/11/27",
      "plannedDays": 3,
      "actualStartDate": "",
      "actualEndDate": "",
      "progress": "",
      "dependentId": "",
      "dependency": "",
      "isIncludeHolidays": false
    },
    "d2f4b710-31ef-426a-bbda-5d73b4ec5172": {
      "no": 56,
      "id": "d2f4b710-31ef-426a-bbda-5d73b4ec5172",
      "rowType": "Separator",
      "displayName": "撤去・片付け",
      "isCollapsed": false,
      "minStartDate": "2025-11-28",
      "maxEndDate": "2025-11-28",
      "level": 1
    },
    "711b0794-1db2-40de-84ec-32eaaa6b0db2": {
      "no": 57,
      "id": "711b0794-1db2-40de-84ec-32eaaa6b0db2",
      "displayName": "ブース撤去",
      "rowType": "Chart",
      "textColumn1": "",
      "textColumn2": "",
      "textColumn3": "",
      "color": "DEF",
      "plannedStartDate": "2025/11/28",
      "plannedEndDate": "2025/11/28",
      "plannedDays": 1,
      "actualStartDate": "",
      "actualEndDate": "",
      "progress": "",
      "dependentId": "",
      "dependency": "",
      "isIncludeHolidays": false
    },
    "3ef52506-bf56-44b9-84b7-2c55a8b32c3f": {
      "no": 58,
      "id": "3ef52506-bf56-44b9-84b7-2c55a8b32c3f",
      "displayName": "機材搬出",
      "rowType": "Chart",
      "textColumn1": "",
      "textColumn2": "",
      "textColumn3": "",
      "color": "DEF",
      "plannedStartDate": "2025/11/28",
      "plannedEndDate": "2025/11/28",
      "plannedDays": 1,
      "actualStartDate": "",
      "actualEndDate": "",
      "progress": "",
      "dependentId": "",
      "dependency": "",
      "isIncludeHolidays": false
    },
    "71d6f639-5d22-4419-a2cb-7e96ec9cc91b": {
      "no": 59,
      "id": "71d6f639-5d22-4419-a2cb-7e96ec9cc91b",
      "displayName": "現場清掃",
      "rowType": "Chart",
      "textColumn1": "",
      "textColumn2": "",
      "textColumn3": "",
      "color": "DEF",
      "plannedStartDate": "2025/11/28",
      "plannedEndDate": "2025/11/28",
      "plannedDays": 1,
      "actualStartDate": "",
      "actualEndDate": "",
      "progress": "",
      "dependentId": "",
      "dependency": "",
      "isIncludeHolidays": false
    },
    "8ca30989-24a7-47fb-bce3-152937201582": {
      "no": 60,
      "id": "8ca30989-24a7-47fb-bce3-152937201582",
      "rowType": "Separator",
      "displayName": "事後フォロー",
      "isCollapsed": false,
      "minStartDate": "",
      "maxEndDate": "",
      "level": 0
    },
    "ad6441be-9c3d-43a5-ae6c-2c0b69c6e347": {
      "no": 61,
      "id": "ad6441be-9c3d-43a5-ae6c-2c0b69c6e347",
      "rowType": "Separator",
      "displayName": "結果分析",
      "isCollapsed": false,
      "minStartDate": "2025-12-01",
      "maxEndDate": "2025-12-22",
      "level": 1
    },
    "d32b3b8e-29aa-44a4-b7bb-19654b7c81c0": {
      "no": 62,
      "id": "d32b3b8e-29aa-44a4-b7bb-19654b7c81c0",
      "displayName": "来場者データ整理",
      "rowType": "Chart",
      "textColumn1": "",
      "textColumn2": "",
      "textColumn3": "",
      "color": "ABC",
      "plannedStartDate": "2025/12/1",
      "plannedEndDate": "2025/12/5",
      "plannedDays": 5,
      "actualStartDate": "",
      "actualEndDate": "",
      "progress": "",
      "dependentId": "",
      "dependency": "",
      "isIncludeHolidays": false
    },
    "0904d364-c685-4424-b412-663be26effb2": {
      "no": 63,
      "id": "0904d364-c685-4424-b412-663be26effb2",
      "displayName": "アンケート結果分析",
      "rowType": "Chart",
      "textColumn1": "",
      "textColumn2": "",
      "textColumn3": "",
      "color": "ABC",
      "plannedStartDate": "2025/12/8",
      "plannedEndDate": "2025/12/12",
      "plannedDays": 5,
      "actualStartDate": "",
      "actualEndDate": "",
      "progress": "",
      "dependentId": "",
      "dependency": "",
      "isIncludeHolidays": false
    },
    "95e86458-ddd5-4d6d-bce2-db41cd09365f": {
      "no": 64,
      "id": "95e86458-ddd5-4d6d-bce2-db41cd09365f",
      "displayName": "成果レポート作成",
      "rowType": "Chart",
      "textColumn1": "",
      "textColumn2": "",
      "textColumn3": "",
      "color": "ABC",
      "plannedStartDate": "2025/12/15",
      "plannedEndDate": "2025/12/19",
      "plannedDays": 5,
      "actualStartDate": "",
      "actualEndDate": "",
      "progress": "",
      "dependentId": "",
      "dependency": "",
      "isIncludeHolidays": false
    },
    "2f193435-fc43-4118-9829-f3ce2951133d": {
      "no": 65,
      "id": "2f193435-fc43-4118-9829-f3ce2951133d",
      "displayName": "次回改善提案",
      "rowType": "Chart",
      "textColumn1": "",
      "textColumn2": "",
      "textColumn3": "",
      "color": "ABC",
      "plannedStartDate": "2025/12/22",
      "plannedEndDate": "2025/12/22",
      "plannedDays": 1,
      "actualStartDate": "",
      "actualEndDate": "",
      "progress": "",
      "dependentId": "",
      "dependency": "",
      "isIncludeHolidays": false
    },
    "36c05d7c-e163-45ef-8c5b-90e2f81fc652": {
      "no": 66,
      "id": "36c05d7c-e163-45ef-8c5b-90e2f81fc652",
      "displayName": "",
      "rowType": "Chart",
      "textColumn1": "",
      "textColumn2": "",
      "textColumn3": "",
      "color": "",
      "plannedStartDate": "",
      "plannedEndDate": "",
      "plannedDays": null,
      "actualStartDate": "",
      "actualEndDate": "",
      "progress": "",
      "dependentId": "",
      "dependency": "",
      "isIncludeHolidays": false
    },
    "1d293f95-e57d-4119-ba48-06c7fbf7d028": {
      "no": 67,
      "id": "1d293f95-e57d-4119-ba48-06c7fbf7d028",
      "displayName": "",
      "rowType": "Chart",
      "textColumn1": "",
      "textColumn2": "",
      "textColumn3": "",
      "color": "",
      "plannedStartDate": "",
      "plannedEndDate": "",
      "plannedDays": null,
      "actualStartDate": "",
      "actualEndDate": "",
      "progress": "",
      "dependentId": "",
      "dependency": "",
      "isIncludeHolidays": false
    },
    "e9fdb598-edbc-4d9f-98af-fac66866a13b": {
      "no": 68,
      "id": "e9fdb598-edbc-4d9f-98af-fac66866a13b",
      "displayName": "",
      "rowType": "Chart",
      "textColumn1": "",
      "textColumn2": "",
      "textColumn3": "",
      "color": "",
      "plannedStartDate": "",
      "plannedEndDate": "",
      "plannedDays": null,
      "actualStartDate": "",
      "actualEndDate": "",
      "progress": "",
      "dependentId": "",
      "dependency": "",
      "isIncludeHolidays": false
    },
    "10919964-511d-493d-8f93-b90be2124bca": {
      "no": 69,
      "id": "10919964-511d-493d-8f93-b90be2124bca",
      "displayName": "",
      "rowType": "Chart",
      "textColumn1": "",
      "textColumn2": "",
      "textColumn3": "",
      "color": "",
      "plannedStartDate": "",
      "plannedEndDate": "",
      "plannedDays": null,
      "actualStartDate": "",
      "actualEndDate": "",
      "progress": "",
      "dependentId": "",
      "dependency": "",
      "isIncludeHolidays": false
    },
    "9a146dbd-ff9d-4cac-a033-6c0ee59a5d3b": {
      "no": 70,
      "id": "9a146dbd-ff9d-4cac-a033-6c0ee59a5d3b",
      "displayName": "",
      "rowType": "Chart",
      "textColumn1": "",
      "textColumn2": "",
      "textColumn3": "",
      "color": "",
      "plannedStartDate": "",
      "plannedEndDate": "",
      "plannedDays": null,
      "actualStartDate": "",
      "actualEndDate": "",
      "progress": "",
      "dependentId": "",
      "dependency": "",
      "isIncludeHolidays": false
    },
    "5e353a45-4740-41c9-b872-307db6343aeb": {
      "no": 71,
      "id": "5e353a45-4740-41c9-b872-307db6343aeb",
      "displayName": "",
      "rowType": "Chart",
      "textColumn1": "",
      "textColumn2": "",
      "textColumn3": "",
      "color": "",
      "plannedStartDate": "",
      "plannedEndDate": "",
      "plannedDays": null,
      "actualStartDate": "",
      "actualEndDate": "",
      "progress": "",
      "dependentId": "",
      "dependency": "",
      "isIncludeHolidays": false
    },
    "5da0f073-d1dc-4ea4-8acb-5128216f2d9d": {
      "no": 72,
      "id": "5da0f073-d1dc-4ea4-8acb-5128216f2d9d",
      "displayName": "",
      "rowType": "Chart",
      "textColumn1": "",
      "textColumn2": "",
      "textColumn3": "",
      "color": "",
      "plannedStartDate": "",
      "plannedEndDate": "",
      "plannedDays": null,
      "actualStartDate": "",
      "actualEndDate": "",
      "progress": "",
      "dependentId": "",
      "dependency": "",
      "isIncludeHolidays": false
    },
    "5d823c83-3e5d-41f0-bf49-8fe59cb74780": {
      "no": 73,
      "id": "5d823c83-3e5d-41f0-bf49-8fe59cb74780",
      "displayName": "",
      "rowType": "Chart",
      "textColumn1": "",
      "textColumn2": "",
      "textColumn3": "",
      "color": "",
      "plannedStartDate": "",
      "plannedEndDate": "",
      "plannedDays": null,
      "actualStartDate": "",
      "actualEndDate": "",
      "progress": "",
      "dependentId": "",
      "dependency": "",
      "isIncludeHolidays": false
    },
    "700033fc-dad3-4a38-9a37-4a1227475768": {
      "no": 74,
      "id": "700033fc-dad3-4a38-9a37-4a1227475768",
      "displayName": "",
      "rowType": "Chart",
      "textColumn1": "",
      "textColumn2": "",
      "textColumn3": "",
      "color": "",
      "plannedStartDate": "",
      "plannedEndDate": "",
      "plannedDays": null,
      "actualStartDate": "",
      "actualEndDate": "",
      "progress": "",
      "dependentId": "",
      "dependency": "",
      "isIncludeHolidays": false
    },
    "fb16c31e-ea1f-4fbd-a162-5aa47ac2812b": {
      "no": 75,
      "id": "fb16c31e-ea1f-4fbd-a162-5aa47ac2812b",
      "displayName": "",
      "rowType": "Chart",
      "textColumn1": "",
      "textColumn2": "",
      "textColumn3": "",
      "color": "",
      "plannedStartDate": "",
      "plannedEndDate": "",
      "plannedDays": null,
      "actualStartDate": "",
      "actualEndDate": "",
      "progress": "",
      "dependentId": "",
      "dependency": "",
      "isIncludeHolidays": false
    },
    "a0e1178c-49e0-4fda-bf9d-5caa7c1bcca7": {
      "no": 76,
      "id": "a0e1178c-49e0-4fda-bf9d-5caa7c1bcca7",
      "displayName": "",
      "rowType": "Chart",
      "textColumn1": "",
      "textColumn2": "",
      "textColumn3": "",
      "color": "",
      "plannedStartDate": "",
      "plannedEndDate": "",
      "plannedDays": null,
      "actualStartDate": "",
      "actualEndDate": "",
      "progress": "",
      "dependentId": "",
      "dependency": "",
      "isIncludeHolidays": false
    }
  },
  "holidayInput": "2022/01/01 土 元日\r\n2022/01/02 日 銀行休業日\r\n2022/01/03 月 銀行休業日\r\n2022/01/10 月 成人の日\r\n2022/02/11 金 建国記念の日\r\n2022/02/23 水 天皇誕生日\r\n2022/03/21 月 春分の日\r\n2022/04/29 金 昭和の日\r\n2022/05/03 火 憲法記念日\r\n2022/05/04 水 みどりの日\r\n2022/05/05 木 こどもの日\r\n2022/07/18 月 海の日\r\n2022/08/11 木 山の日\r\n2022/09/19 月 敬老の日\r\n2022/09/23 金 秋分の日\r\n2022/10/10 月 スポーツの日\r\n2022/11/03 木 文化の日\r\n2022/11/23 水 勤労感謝の日\r\n2022/12/31 土 大晦日\r\n2023/01/01 日 元日\r\n2023/01/02 月 元日 (振替休日)\r\n2023/01/02 月 銀行休業日\r\n2023/01/03 火 銀行休業日\r\n2023/01/09 月 成人の日\r\n2023/02/11 土 建国記念の日\r\n2023/02/23 木 天皇誕生日\r\n2023/03/21 火 春分の日\r\n2023/04/29 土 昭和の日\r\n2023/05/03 水 憲法記念日\r\n2023/05/04 木 みどりの日\r\n2023/05/05 金 こどもの日\r\n2023/07/17 月 海の日\r\n2023/08/11 金 山の日\r\n2023/09/18 月 敬老の日\r\n2023/09/23 土 秋分の日\r\n2023/10/09 月 スポーツの日\r\n2023/11/03 金 文化の日\r\n2023/11/23 木 勤労感謝の日\r\n2023/12/31 日 大晦日\r\n2024/01/01 月 元日\r\n2024/01/02 火 銀行休業日\r\n2024/01/03 水 銀行休業日\r\n2024/01/08 月 成人の日\r\n2024/02/11 日 建国記念の日\r\n2024/02/12 月 建国記念の日 (振替休日)\r\n2024/02/23 金 天皇誕生日\r\n2024/03/20 水 春分の日\r\n2024/04/29 月 昭和の日\r\n2024/05/03 金 憲法記念日\r\n2024/05/04 土 みどりの日\r\n2024/05/05 日 こどもの日\r\n2024/05/06 月 こどもの日 (振替休日)\r\n2024/07/15 月 海の日\r\n2024/08/11 日 山の日\r\n2024/08/12 月 山の日 (振替休日)\r\n2024/09/16 月 敬老の日\r\n2024/09/22 日 秋分の日\r\n2024/09/23 月 秋分の日 (振替休日)\r\n2024/10/14 月 スポーツの日\r\n2024/11/03 日 文化の日\r\n2024/11/04 月 文化の日 (振替休日)\r\n2024/11/23 土 勤労感謝の日\r\n2024/12/31 火 大晦日\r\n2025/01/01 水 元日\r\n2025/01/02 木 銀行休業日\r\n2025/01/03 金 銀行休業日\r\n2025/01/13 月 成人の日\r\n2025/02/11 火 建国記念の日\r\n2025/02/23 日 天皇誕生日\r\n2025/02/24 月 天皇誕生日 (振替休日)\r\n2025/03/20 木 春分の日\r\n2025/04/29 火 昭和の日\r\n2025/05/03 土 憲法記念日\r\n2025/05/04 日 みどりの日\r\n2025/05/05 月 こどもの日\r\n2025/05/06 火 みどりの日 (振替休日)\r\n2025/07/21 月 海の日\r\n2025/08/11 月 山の日\r\n2025/09/15 月 敬老の日\r\n2025/09/23 火 秋分の日\r\n2025/10/13 月 スポーツの日\r\n2025/11/03 月 文化の日\r\n2025/11/23 日 勤労感謝の日\r\n2025/11/24 月 勤労感謝の日 (振替休日)\r\n2025/12/31 水 大晦日\r\n2026/01/01 木 元日\r\n2026/01/02 金 銀行休業日\r\n2026/01/03 土 銀行休業日\r\n2026/01/12 月 成人の日\r\n2026/02/11 水 建国記念の日\r\n2026/02/23 月 天皇誕生日\r\n2026/03/20 金 春分の日\r\n2026/04/29 水 昭和の日\r\n2026/05/03 日 憲法記念日\r\n2026/05/04 月 みどりの日\r\n2026/05/05 火 こどもの日\r\n2026/05/06 水 憲法記念日 (振替休日)\r\n2026/07/20 月 海の日\r\n2026/08/11 火 山の日\r\n2026/09/21 月 敬老の日\r\n2026/09/22 火 国民の休日\r\n2026/09/23 水 秋分の日\r\n2026/10/12 月 スポーツの日\r\n2026/11/03 火 文化の日\r\n2026/11/23 月 勤労感謝の日\r\n2026/12/31 木 大晦日\r\n2027/01/01 金 元日\r\n2027/01/02 土 銀行休業日\r\n2027/01/03 日 銀行休業日\r\n2027/01/11 月 成人の日\r\n2027/02/11 木 建国記念の日\r\n2027/02/23 火 天皇誕生日\r\n2027/03/21 日 春分の日\r\n2027/03/22 月 春分の日 (振替休日)\r\n2027/04/29 木 昭和の日\r\n2027/05/03 月 憲法記念日\r\n2027/05/04 火 みどりの日\r\n2027/05/05 水 こどもの日\r\n2027/07/19 月 海の日\r\n2027/08/11 水 山の日\r\n2027/09/20 月 敬老の日\r\n2027/09/23 木 秋分の日\r\n2027/10/11 月 スポーツの日\r\n2027/11/03 水 文化の日\r\n2027/11/23 火 勤労感謝の日\r\n2027/12/31 金 大晦日\r\n2028/01/01 土 元日\r\n2028/01/02 日 銀行休業日\r\n2028/01/03 月 銀行休業日\r\n2028/01/10 月 成人の日\r\n2028/02/11 金 建国記念の日\r\n2028/02/23 水 天皇誕生日\r\n2028/03/20 月 春分の日\r\n2028/04/29 土 昭和の日\r\n2028/05/03 水 憲法記念日\r\n2028/05/04 木 みどりの日\r\n2028/05/05 金 こどもの日\r\n2028/07/17 月 海の日\r\n2028/08/11 金 山の日\r\n2028/09/18 月 敬老の日\r\n2028/09/22 金 秋分の日\r\n2028/10/09 月 スポーツの日\r\n2028/11/03 金 文化の日\r\n2028/11/23 木 勤労感謝の日\r\n2028/12/31 日 大晦日\r\n2029/01/01 月 元日\r\n2029/01/02 火 銀行休業日\r\n2029/01/03 水 銀行休業日\r\n2029/01/08 月 成人の日\r\n2029/02/11 日 建国記念の日\r\n2029/02/12 月 建国記念の日 (振替休日)\r\n2029/02/23 金 天皇誕生日\r\n2029/03/20 火 春分の日\r\n2029/04/29 日 昭和の日\r\n2029/04/30 月 昭和の日 (振替休日)\r\n2029/05/03 木 憲法記念日\r\n2029/05/04 金 みどりの日\r\n2029/05/05 土 こどもの日\r\n2029/07/16 月 海の日\r\n2029/08/11 土 山の日\r\n2029/09/17 月 敬老の日\r\n2029/09/23 日 秋分の日\r\n2029/09/24 月 秋分の日 (振替休日)\r\n2029/10/08 月 スポーツの日\r\n2029/11/03 土 文化の日\r\n2029/11/23 金 勤労感謝の日\r\n2029/12/31 月 大晦日",
  "holidayColor": {
    "color": "rgba(238, 238, 238, 1)",
    "subColor": "rgba(238,238,238,0.5)"
  },
  "regularDaysOffSetting": {
    "1": {
      "color": "#d9e6ff",
      "subColor": "#d9e6ff80",
      "days": []
    },
    "2": {
      "color": "#ffdcdc",
      "subColor": "#ffdcdc80",
      "days": []
    },
    "3": {
      "color": "rgba(238, 238, 238, 1)",
      "subColor": "rgba(238,238,238,0.5)",
      "days": [
        0,
        6
      ]
    }
  },
  "wbsWidth": 559,
  "calendarWidth": 3841,
  "cellWidth": 11.5,
  "title": "【サンプル】秋の食品見本市出展プロジェクト",
  "showYear": false,
  "dateFormat": "yyyy/M/d",
  "treeData": [],
  "noteData": {},
  "language": "ja"
}