{
  "colors": {
    "1": {
      "alias": "",
      "color": "#70ecff51"
    },
    "2": {
      "alias": "DEF",
      "color": "#70b0ff51"
    },
    "3": {
      "alias": "",
      "color": "#8a70ff51"
    },
    "4": {
      "alias": "ABC",
      "color": "#ff70ea51"
    },
    "5": {
      "alias": "",
      "color": "#ff707051"
    },
    "6": {
      "alias": "",
      "color": "#fffe7051"
    },
    "7": {
      "alias": "GHI",
      "color": "#76ff7051"
    },
    "8": {
      "alias": "",
      "color": "#76ff7051"
    },
    "9": {
      "alias": "",
      "color": "#76ff7051"
    },
    "10": {
      "alias": "",
      "color": "#76ff7051"
    },
    "999": {
      "alias": "",
      "color": "#0000003d"
    }
  },
  "dateRange": {
    "startDate": "2025-06-01",
    "endDate": "2026-04-30"
  },
  "columns": [
    {
      "columnId": "no",
      "columnName": "No",
      "width": 37,
      "resizable": false,
      "visible": true
    },
    {
      "columnId": "displayName",
      "columnName": "表示名",
      "width": 199,
      "resizable": true,
      "reorderable": true,
      "visible": true
    },
    {
      "columnId": "color",
      "columnName": "色",
      "width": 50,
      "resizable": true,
      "reorderable": true,
      "visible": true
    },
    {
      "columnId": "plannedStartDate",
      "columnName": "予始",
      "width": 50,
      "resizable": true,
      "reorderable": true,
      "visible": true
    },
    {
      "columnId": "plannedEndDate",
      "columnName": "予終",
      "width": 50,
      "resizable": true,
      "reorderable": true,
      "visible": true
    },
    {
      "columnId": "plannedDays",
      "columnName": "日",
      "width": 40,
      "resizable": true,
      "reorderable": true,
      "visible": true
    },
    {
      "columnId": "actualStartDate",
      "columnName": "実始",
      "width": 50,
      "resizable": true,
      "reorderable": true,
      "visible": false
    },
    {
      "columnId": "actualEndDate",
      "columnName": "実終",
      "width": 50,
      "resizable": true,
      "reorderable": true,
      "visible": false
    },
    {
      "columnId": "progress",
      "columnName": "進捗",
      "width": 50,
      "resizable": true,
      "reorderable": true,
      "visible": false
    },
    {
      "columnId": "dependency",
      "columnName": "依存関係",
      "width": 83,
      "resizable": true,
      "reorderable": true,
      "visible": true
    },
    {
      "columnId": "textColumn1",
      "columnName": "Text1",
      "width": 50,
      "resizable": true,
      "reorderable": true,
      "visible": false
    },
    {
      "columnId": "textColumn2",
      "columnName": "Text2",
      "width": 50,
      "resizable": true,
      "reorderable": true,
      "visible": false
    },
    {
      "columnId": "textColumn3",
      "columnName": "Text3",
      "width": 50,
      "resizable": true,
      "reorderable": true,
      "visible": false
    },
    {
      "columnId": "isIncludeHolidays",
      "columnName": "含休日",
      "width": 50,
      "resizable": true,
      "reorderable": true,
      "visible": true
    }
  ],
  "data": {
    "18f70c85-fe9b-4e4b-ba77-24126ade9fc3": {
      "no": 1,
      "id": "18f70c85-fe9b-4e4b-ba77-24126ade9fc3",
      "rowType": "Separator",
      "displayName": "市場調査・企画フェーズ",
      "isCollapsed": false,
      "minStartDate": "",
      "maxEndDate": "",
      "level": 0
    },
    "fad16ceb-0a17-41bc-8e38-b417368145cb": {
      "no": 2,
      "id": "fad16ceb-0a17-41bc-8e38-b417368145cb",
      "rowType": "Separator",
      "displayName": "市場分析",
      "isCollapsed": false,
      "minStartDate": "2025-06-09",
      "maxEndDate": "2025-06-27",
      "level": 1
    },
    "b655cb16-d478-4589-b518-5cb5b0d163b7": {
      "rowType": "Chart",
      "no": 3,
      "id": "b655cb16-d478-4589-b518-5cb5b0d163b7",
      "displayName": "競合アプリ調査",
      "textColumn1": "",
      "textColumn2": "",
      "textColumn3": "",
      "color": "ABC",
      "plannedStartDate": "2025/06/09",
      "plannedEndDate": "2025/06/13",
      "plannedDays": 5,
      "actualStartDate": "",
      "actualEndDate": "",
      "progress": "",
      "dependentId": "",
      "dependency": "",
      "isIncludeHolidays": false
    },
    "a736c639-f0f1-4275-8598-bbc0b0fdea86": {
      "no": 4,
      "id": "a736c639-f0f1-4275-8598-bbc0b0fdea86",
      "displayName": "ユーザーニーズ調査",
      "rowType": "Chart",
      "textColumn1": "",
      "textColumn2": "",
      "textColumn3": "",
      "color": "ABC",
      "plannedStartDate": "2025/06/16",
      "plannedEndDate": "2025/06/20",
      "plannedDays": 5,
      "actualStartDate": "",
      "actualEndDate": "",
      "progress": "",
      "dependentId": "b655cb16-d478-4589-b518-5cb5b0d163b7",
      "dependency": "after,-1,1",
      "isIncludeHolidays": false
    },
    "b8e07a4a-2dac-4ead-be35-6445bef96634": {
      "no": 5,
      "id": "b8e07a4a-2dac-4ead-be35-6445bef96634",
      "displayName": "市場レポート作成",
      "rowType": "Chart",
      "textColumn1": "",
      "textColumn2": "",
      "textColumn3": "",
      "color": "ABC",
      "plannedStartDate": "2025/06/23",
      "plannedEndDate": "2025/06/27",
      "plannedDays": 5,
      "actualStartDate": "",
      "actualEndDate": "",
      "progress": "",
      "dependentId": "a736c639-f0f1-4275-8598-bbc0b0fdea86",
      "dependency": "after,-1,1",
      "isIncludeHolidays": false
    },
    "52c935c6-3c4f-4d62-ac0c-5eba133567e2": {
      "no": 6,
      "id": "52c935c6-3c4f-4d62-ac0c-5eba133567e2",
      "rowType": "Separator",
      "displayName": "企画立案",
      "isCollapsed": false,
      "minStartDate": "2025-06-30",
      "maxEndDate": "2025-07-28",
      "level": 1
    },
    "22697179-7408-41ba-85dd-5ecad5747d6f": {
      "no": 7,
      "id": "22697179-7408-41ba-85dd-5ecad5747d6f",
      "displayName": "アプリコンセプト策定",
      "rowType": "Chart",
      "textColumn1": "",
      "textColumn2": "",
      "textColumn3": "",
      "color": "ABC",
      "plannedStartDate": "2025/06/30",
      "plannedEndDate": "2025/07/04",
      "plannedDays": 5,
      "actualStartDate": "",
      "actualEndDate": "",
      "progress": "",
      "dependentId": "b8e07a4a-2dac-4ead-be35-6445bef96634",
      "dependency": "after,-1,1",
      "isIncludeHolidays": false
    },
    "5c5ef52a-5bc9-4b3e-8310-8319d5be32c7": {
      "no": 8,
      "id": "5c5ef52a-5bc9-4b3e-8310-8319d5be32c7",
      "displayName": "機能要件定義",
      "rowType": "Chart",
      "textColumn1": "",
      "textColumn2": "",
      "textColumn3": "",
      "color": "ABC",
      "plannedStartDate": "2025/07/07",
      "plannedEndDate": "2025/07/11",
      "plannedDays": 5,
      "actualStartDate": "",
      "actualEndDate": "",
      "progress": "",
      "dependentId": "22697179-7408-41ba-85dd-5ecad5747d6f",
      "dependency": "after,-1,1",
      "isIncludeHolidays": false
    },
    "fff7b64e-c6f6-489f-bce4-2752ea3340d9": {
      "no": 9,
      "id": "fff7b64e-c6f6-489f-bce4-2752ea3340d9",
      "displayName": "技術仕様書作成",
      "rowType": "Chart",
      "textColumn1": "",
      "textColumn2": "",
      "textColumn3": "",
      "color": "DEF",
      "plannedStartDate": "2025/07/14",
      "plannedEndDate": "2025/07/18",
      "plannedDays": 5,
      "actualStartDate": "",
      "actualEndDate": "",
      "progress": "",
      "dependentId": "5c5ef52a-5bc9-4b3e-8310-8319d5be32c7",
      "dependency": "after,-1,1",
      "isIncludeHolidays": false
    },
    "2f12fddc-e723-420a-87af-9bb53b6dc9a8": {
      "no": 10,
      "id": "2f12fddc-e723-420a-87af-9bb53b6dc9a8",
      "displayName": "プロジェクト計画書作成",
      "rowType": "Chart",
      "textColumn1": "",
      "textColumn2": "",
      "textColumn3": "",
      "color": "ABC",
      "plannedStartDate": "2025/07/22",
      "plannedEndDate": "2025/07/28",
      "plannedDays": 5,
      "actualStartDate": "",
      "actualEndDate": "",
      "progress": "",
      "dependentId": "fff7b64e-c6f6-489f-bce4-2752ea3340d9",
      "dependency": "after,-1,1",
      "isIncludeHolidays": false
    },
    "f18c3cc3-c492-4513-90a0-248c3ebe1e7e": {
      "no": 11,
      "id": "f18c3cc3-c492-4513-90a0-248c3ebe1e7e",
      "rowType": "Separator",
      "displayName": "設計フェーズ",
      "isCollapsed": false,
      "minStartDate": "",
      "maxEndDate": "",
      "level": 0
    },
    "228895c2-9521-46e8-a781-1f78ccfcefda": {
      "no": 12,
      "id": "228895c2-9521-46e8-a781-1f78ccfcefda",
      "rowType": "Separator",
      "displayName": "UI/UX設計",
      "isCollapsed": false,
      "minStartDate": "2025-07-29",
      "maxEndDate": "2025-09-04",
      "level": 1
    },
    "304ab07e-121f-49c4-83b2-d2a6b656006a": {
      "no": 13,
      "id": "304ab07e-121f-49c4-83b2-d2a6b656006a",
      "displayName": "ユーザージャーニーマップ作成",
      "rowType": "Chart",
      "textColumn1": "",
      "textColumn2": "",
      "textColumn3": "",
      "color": "GHI",
      "plannedStartDate": "2025/07/29",
      "plannedEndDate": "2025/08/04",
      "plannedDays": 5,
      "actualStartDate": "",
      "actualEndDate": "",
      "progress": "",
      "dependentId": "2f12fddc-e723-420a-87af-9bb53b6dc9a8",
      "dependency": "after,-1,1",
      "isIncludeHolidays": false
    },
    "44abc059-9b21-49d3-a8d2-41873f62667e": {
      "no": 14,
      "id": "44abc059-9b21-49d3-a8d2-41873f62667e",
      "displayName": "ワイヤーフレーム作成",
      "rowType": "Chart",
      "textColumn1": "",
      "textColumn2": "",
      "textColumn3": "",
      "color": "GHI",
      "plannedStartDate": "2025/08/05",
      "plannedEndDate": "2025/08/12",
      "plannedDays": 5,
      "actualStartDate": "",
      "actualEndDate": "",
      "progress": "",
      "dependentId": "304ab07e-121f-49c4-83b2-d2a6b656006a",
      "dependency": "after,-1,1",
      "isIncludeHolidays": false
    },
    "dfdf9367-2b75-4b5a-98ec-4d30578516f2": {
      "no": 15,
      "id": "dfdf9367-2b75-4b5a-98ec-4d30578516f2",
      "displayName": "UIデザイン作成",
      "rowType": "Chart",
      "textColumn1": "",
      "textColumn2": "",
      "textColumn3": "",
      "color": "GHI",
      "plannedStartDate": "2025/08/13",
      "plannedEndDate": "2025/08/28",
      "plannedDays": 12,
      "actualStartDate": "",
      "actualEndDate": "",
      "progress": "",
      "dependentId": "44abc059-9b21-49d3-a8d2-41873f62667e",
      "dependency": "after,-1,1",
      "isIncludeHolidays": false
    },
    "071d443d-bd41-4855-bfa5-a4116d553020": {
      "no": 16,
      "id": "071d443d-bd41-4855-bfa5-a4116d553020",
      "displayName": "プロトタイプ作成",
      "rowType": "Chart",
      "textColumn1": "",
      "textColumn2": "",
      "textColumn3": "",
      "color": "GHI",
      "plannedStartDate": "2025/08/29",
      "plannedEndDate": "2025/09/04",
      "plannedDays": 5,
      "actualStartDate": "",
      "actualEndDate": "",
      "progress": "",
      "dependentId": "dfdf9367-2b75-4b5a-98ec-4d30578516f2",
      "dependency": "after,-1,1",
      "isIncludeHolidays": false
    },
    "77a79f77-3391-4a8c-a797-d8feb9187e3c": {
      "no": 17,
      "id": "77a79f77-3391-4a8c-a797-d8feb9187e3c",
      "rowType": "Separator",
      "displayName": "システム設計",
      "isCollapsed": false,
      "minStartDate": "2025-08-04",
      "maxEndDate": "2025-09-03",
      "level": 1
    },
    "7cfc299b-13de-4ab4-b3be-17065a108a8a": {
      "no": 18,
      "id": "7cfc299b-13de-4ab4-b3be-17065a108a8a",
      "displayName": "データベース設計",
      "rowType": "Chart",
      "textColumn1": "",
      "textColumn2": "",
      "textColumn3": "",
      "color": "DEF",
      "plannedStartDate": "2025/08/04",
      "plannedEndDate": "2025/08/14",
      "plannedDays": 8,
      "actualStartDate": "",
      "actualEndDate": "",
      "progress": "",
      "dependentId": "",
      "dependency": "",
      "isIncludeHolidays": false
    },
    "ee5b4c30-ce40-4d55-83a1-88e0db9cf512": {
      "no": 19,
      "id": "ee5b4c30-ce40-4d55-83a1-88e0db9cf512",
      "displayName": "API設計",
      "rowType": "Chart",
      "textColumn1": "",
      "textColumn2": "",
      "textColumn3": "",
      "color": "DEF",
      "plannedStartDate": "2025/08/15",
      "plannedEndDate": "2025/08/21",
      "plannedDays": 5,
      "actualStartDate": "",
      "actualEndDate": "",
      "progress": "",
      "dependentId": "7cfc299b-13de-4ab4-b3be-17065a108a8a",
      "dependency": "after,-1,1",
      "isIncludeHolidays": false
    },
    "31f1f1aa-c82c-4d96-9795-b67f87488dd8": {
      "no": 20,
      "id": "31f1f1aa-c82c-4d96-9795-b67f87488dd8",
      "displayName": "システム構成図作成",
      "rowType": "Chart",
      "textColumn1": "",
      "textColumn2": "",
      "textColumn3": "",
      "color": "DEF",
      "plannedStartDate": "2025/08/22",
      "plannedEndDate": "2025/08/27",
      "plannedDays": 4,
      "actualStartDate": "",
      "actualEndDate": "",
      "progress": "",
      "dependentId": "ee5b4c30-ce40-4d55-83a1-88e0db9cf512",
      "dependency": "after,-1,1",
      "isIncludeHolidays": false
    },
    "c77ea8ed-4629-4c0e-b196-e2fec4a1df39": {
      "no": 21,
      "id": "c77ea8ed-4629-4c0e-b196-e2fec4a1df39",
      "displayName": "セキュリティ設計",
      "rowType": "Chart",
      "textColumn1": "",
      "textColumn2": "",
      "textColumn3": "",
      "color": "DEF",
      "plannedStartDate": "2025/08/28",
      "plannedEndDate": "2025/09/03",
      "plannedDays": 5,
      "actualStartDate": "",
      "actualEndDate": "",
      "progress": "",
      "dependentId": "31f1f1aa-c82c-4d96-9795-b67f87488dd8",
      "dependency": "after,-1,1",
      "isIncludeHolidays": false
    },
    "cc6f2971-f7fa-4ad8-85bd-65173e15846b": {
      "no": 22,
      "id": "cc6f2971-f7fa-4ad8-85bd-65173e15846b",
      "rowType": "Separator",
      "displayName": "開発環境構築",
      "isCollapsed": false,
      "minStartDate": "",
      "maxEndDate": "",
      "level": 0
    },
    "ec1ef99a-ebac-4f26-aef0-869802c9ad24": {
      "no": 23,
      "id": "ec1ef99a-ebac-4f26-aef0-869802c9ad24",
      "rowType": "Separator",
      "displayName": "インフラ構築",
      "isCollapsed": false,
      "minStartDate": "2025-09-04",
      "maxEndDate": "2025-09-25",
      "level": 1
    },
    "22cbcc7c-d78e-44f6-be8d-859e7fd2eb70": {
      "no": 24,
      "id": "22cbcc7c-d78e-44f6-be8d-859e7fd2eb70",
      "displayName": "開発サーバー構築",
      "rowType": "Chart",
      "textColumn1": "",
      "textColumn2": "",
      "textColumn3": "",
      "color": "DEF",
      "plannedStartDate": "2025/09/04",
      "plannedEndDate": "2025/09/08",
      "plannedDays": 3,
      "actualStartDate": "",
      "actualEndDate": "",
      "progress": "",
      "dependentId": "c77ea8ed-4629-4c0e-b196-e2fec4a1df39",
      "dependency": "after,-1,1",
      "isIncludeHolidays": false
    },
    "28344ab7-be9d-4f36-a8f6-f83a3610be06": {
      "no": 25,
      "id": "28344ab7-be9d-4f36-a8f6-f83a3610be06",
      "displayName": "データベース構築",
      "rowType": "Chart",
      "textColumn1": "",
      "textColumn2": "",
      "textColumn3": "",
      "color": "DEF",
      "plannedStartDate": "2025/09/09",
      "plannedEndDate": "2025/09/11",
      "plannedDays": 3,
      "actualStartDate": "",
      "actualEndDate": "",
      "progress": "",
      "dependentId": "22cbcc7c-d78e-44f6-be8d-859e7fd2eb70",
      "dependency": "after,-1,1",
      "isIncludeHolidays": false
    },
    "549c0294-06f4-4cd4-a3c5-9aca4270a139": {
      "no": 26,
      "id": "549c0294-06f4-4cd4-a3c5-9aca4270a139",
      "displayName": "CI/CDパイプライン構築",
      "rowType": "Chart",
      "textColumn1": "",
      "textColumn2": "",
      "textColumn3": "",
      "color": "DEF",
      "plannedStartDate": "2025/09/12",
      "plannedEndDate": "2025/09/19",
      "plannedDays": 5,
      "actualStartDate": "",
      "actualEndDate": "",
      "progress": "",
      "dependentId": "28344ab7-be9d-4f36-a8f6-f83a3610be06",
      "dependency": "after,-1,1",
      "isIncludeHolidays": false
    },
    "b8f17602-a522-4b96-addd-53e89573442c": {
      "no": 27,
      "id": "b8f17602-a522-4b96-addd-53e89573442c",
      "displayName": "テスト環境構築",
      "rowType": "Chart",
      "textColumn1": "",
      "textColumn2": "",
      "textColumn3": "",
      "color": "DEF",
      "plannedStartDate": "2025/09/22",
      "plannedEndDate": "2025/09/25",
      "plannedDays": 3,
      "actualStartDate": "",
      "actualEndDate": "",
      "progress": "",
      "dependentId": "549c0294-06f4-4cd4-a3c5-9aca4270a139",
      "dependency": "after,-1,1",
      "isIncludeHolidays": false
    },
    "b6296181-d381-46ab-a160-57f7c17dbaa3": {
      "no": 28,
      "id": "b6296181-d381-46ab-a160-57f7c17dbaa3",
      "rowType": "Separator",
      "displayName": "開発フェーズ",
      "isCollapsed": false,
      "minStartDate": "",
      "maxEndDate": "",
      "level": 0
    },
    "b33d51cf-408e-4fd0-a16e-36acfb21675d": {
      "no": 29,
      "id": "b33d51cf-408e-4fd0-a16e-36acfb21675d",
      "rowType": "Separator",
      "displayName": "バックエンド開発",
      "isCollapsed": false,
      "minStartDate": "2025-09-26",
      "maxEndDate": "2025-11-11",
      "level": 1
    },
    "aa825606-35c5-42e5-968f-cd4674d347a5": {
      "no": 30,
      "id": "aa825606-35c5-42e5-968f-cd4674d347a5",
      "displayName": "ユーザー認証機能開発",
      "rowType": "Chart",
      "textColumn1": "",
      "textColumn2": "",
      "textColumn3": "",
      "color": "DEF",
      "plannedStartDate": "2025/09/26",
      "plannedEndDate": "2025/10/03",
      "plannedDays": 6,
      "actualStartDate": "",
      "actualEndDate": "",
      "progress": "",
      "dependentId": "b8f17602-a522-4b96-addd-53e89573442c",
      "dependency": "after,-1,1",
      "isIncludeHolidays": false
    },
    "068a21dd-9b9e-43a5-a0c2-be3a86ae02da": {
      "no": 31,
      "id": "068a21dd-9b9e-43a5-a0c2-be3a86ae02da",
      "displayName": "データ管理機能開発",
      "rowType": "Chart",
      "textColumn1": "",
      "textColumn2": "",
      "textColumn3": "",
      "color": "DEF",
      "plannedStartDate": "2025/10/06",
      "plannedEndDate": "2025/10/16",
      "plannedDays": 8,
      "actualStartDate": "",
      "actualEndDate": "",
      "progress": "",
      "dependentId": "aa825606-35c5-42e5-968f-cd4674d347a5",
      "dependency": "after,-1,1",
      "isIncludeHolidays": false
    },
    "a93b558d-bee4-4ae8-92bd-f3ed2d38af86": {
      "no": 32,
      "id": "a93b558d-bee4-4ae8-92bd-f3ed2d38af86",
      "displayName": "API実装",
      "rowType": "Chart",
      "textColumn1": "",
      "textColumn2": "",
      "textColumn3": "",
      "color": "DEF",
      "plannedStartDate": "2025/10/17",
      "plannedEndDate": "2025/10/29",
      "plannedDays": 9,
      "actualStartDate": "",
      "actualEndDate": "",
      "progress": "",
      "dependentId": "068a21dd-9b9e-43a5-a0c2-be3a86ae02da",
      "dependency": "after,-1,1",
      "isIncludeHolidays": false
    },
    "b572a18f-1687-44b3-a7ca-db16b3ee8aca": {
      "no": 33,
      "id": "b572a18f-1687-44b3-a7ca-db16b3ee8aca",
      "displayName": "外部サービス連携",
      "rowType": "Chart",
      "textColumn1": "",
      "textColumn2": "",
      "textColumn3": "",
      "color": "DEF",
      "plannedStartDate": "2025/10/30",
      "plannedEndDate": "2025/11/11",
      "plannedDays": 8,
      "actualStartDate": "",
      "actualEndDate": "",
      "progress": "",
      "dependentId": "a93b558d-bee4-4ae8-92bd-f3ed2d38af86",
      "dependency": "after,-1,1",
      "isIncludeHolidays": false
    },
    "19c479bd-4504-4e36-83dd-e89d464a6ac6": {
      "no": 34,
      "id": "19c479bd-4504-4e36-83dd-e89d464a6ac6",
      "rowType": "Separator",
      "displayName": "フロントエンド開発",
      "isCollapsed": false,
      "minStartDate": "2025-10-27",
      "maxEndDate": "2025-12-05",
      "level": 1
    },
    "9d1de0c5-4293-4ef6-bb3e-684ad7251efc": {
      "no": 35,
      "id": "9d1de0c5-4293-4ef6-bb3e-684ad7251efc",
      "displayName": "基本画面実装",
      "rowType": "Chart",
      "textColumn1": "",
      "textColumn2": "",
      "textColumn3": "",
      "color": "GHI",
      "plannedStartDate": "2025/10/27",
      "plannedEndDate": "2025/11/07",
      "plannedDays": 9,
      "actualStartDate": "",
      "actualEndDate": "",
      "progress": "",
      "dependentId": "",
      "dependency": "",
      "isIncludeHolidays": false
    },
    "0dfa8993-9623-4382-a35f-43782a8b08bb": {
      "no": 36,
      "id": "0dfa8993-9623-4382-a35f-43782a8b08bb",
      "displayName": "ユーザー登録画面実装",
      "rowType": "Chart",
      "textColumn1": "",
      "textColumn2": "",
      "textColumn3": "",
      "color": "GHI",
      "plannedStartDate": "2025/11/10",
      "plannedEndDate": "2025/11/14",
      "plannedDays": 5,
      "actualStartDate": "",
      "actualEndDate": "",
      "progress": "",
      "dependentId": "9d1de0c5-4293-4ef6-bb3e-684ad7251efc",
      "dependency": "after,-1,1",
      "isIncludeHolidays": false
    },
    "07885889-220e-4de4-962f-7fe5d53f95e3": {
      "no": 37,
      "id": "07885889-220e-4de4-962f-7fe5d53f95e3",
      "displayName": "メイン機能画面実装",
      "rowType": "Chart",
      "textColumn1": "",
      "textColumn2": "",
      "textColumn3": "",
      "color": "GHI",
      "plannedStartDate": "2025/11/17",
      "plannedEndDate": "2025/11/28",
      "plannedDays": 9,
      "actualStartDate": "",
      "actualEndDate": "",
      "progress": "",
      "dependentId": "0dfa8993-9623-4382-a35f-43782a8b08bb",
      "dependency": "after,-1,1",
      "isIncludeHolidays": false
    },
    "9c8b4f30-cad7-4b1f-b49a-5836cbad0592": {
      "no": 38,
      "id": "9c8b4f30-cad7-4b1f-b49a-5836cbad0592",
      "displayName": "設定画面実装",
      "rowType": "Chart",
      "textColumn1": "",
      "textColumn2": "",
      "textColumn3": "",
      "color": "GHI",
      "plannedStartDate": "2025/12/01",
      "plannedEndDate": "2025/12/05",
      "plannedDays": 5,
      "actualStartDate": "",
      "actualEndDate": "",
      "progress": "",
      "dependentId": "07885889-220e-4de4-962f-7fe5d53f95e3",
      "dependency": "after,-1,1",
      "isIncludeHolidays": false
    },
    "4dbdacbd-09ed-4b64-a5b6-c6c1517b5f2f": {
      "no": 39,
      "id": "4dbdacbd-09ed-4b64-a5b6-c6c1517b5f2f",
      "rowType": "Separator",
      "displayName": "機能統合",
      "isCollapsed": false,
      "minStartDate": "2025-12-08",
      "maxEndDate": "2025-12-26",
      "level": 1
    },
    "e6b2b587-4a06-4150-8f5e-55effde98ff1": {
      "no": 40,
      "id": "e6b2b587-4a06-4150-8f5e-55effde98ff1",
      "displayName": "フロント・バック連携",
      "rowType": "Chart",
      "textColumn1": "",
      "textColumn2": "",
      "textColumn3": "",
      "color": "DEF",
      "plannedStartDate": "2025/12/08",
      "plannedEndDate": "2025/12/12",
      "plannedDays": 5,
      "actualStartDate": "",
      "actualEndDate": "",
      "progress": "",
      "dependentId": "9c8b4f30-cad7-4b1f-b49a-5836cbad0592",
      "dependency": "after,-1,1",
      "isIncludeHolidays": false
    },
    "d3192f91-b111-4d55-8b65-a75551858bdb": {
      "no": 41,
      "id": "d3192f91-b111-4d55-8b65-a75551858bdb",
      "displayName": "プッシュ通知機能",
      "rowType": "Chart",
      "textColumn1": "",
      "textColumn2": "",
      "textColumn3": "",
      "color": "DEF",
      "plannedStartDate": "2025/12/15",
      "plannedEndDate": "2025/12/19",
      "plannedDays": 5,
      "actualStartDate": "",
      "actualEndDate": "",
      "progress": "",
      "dependentId": "e6b2b587-4a06-4150-8f5e-55effde98ff1",
      "dependency": "after,-1,1",
      "isIncludeHolidays": false
    },
    "4e8914c3-5800-44a2-981b-a43ff4d80c83": {
      "no": 42,
      "id": "4e8914c3-5800-44a2-981b-a43ff4d80c83",
      "displayName": "オフライン機能実装",
      "rowType": "Chart",
      "textColumn1": "",
      "textColumn2": "",
      "textColumn3": "",
      "color": "GHI",
      "plannedStartDate": "2025/12/22",
      "plannedEndDate": "2025/12/26",
      "plannedDays": 5,
      "actualStartDate": "",
      "actualEndDate": "",
      "progress": "",
      "dependentId": "d3192f91-b111-4d55-8b65-a75551858bdb",
      "dependency": "after,-1,1",
      "isIncludeHolidays": false
    },
    "15ed415f-5708-4d33-9779-cadcf09403b2": {
      "no": 43,
      "id": "15ed415f-5708-4d33-9779-cadcf09403b2",
      "rowType": "Separator",
      "displayName": "テスト・品質保証",
      "isCollapsed": false,
      "minStartDate": "",
      "maxEndDate": "",
      "level": 0
    },
    "9f342223-6744-49c1-904e-b6a65ff25081": {
      "no": 44,
      "id": "9f342223-6744-49c1-904e-b6a65ff25081",
      "rowType": "Separator",
      "displayName": "単体テスト",
      "isCollapsed": false,
      "minStartDate": "2025-12-08",
      "maxEndDate": "2025-12-19",
      "level": 1
    },
    "f569eef8-d122-4e12-aa91-03e3ee4203bf": {
      "no": 45,
      "id": "f569eef8-d122-4e12-aa91-03e3ee4203bf",
      "displayName": "バックエンド単体テスト",
      "rowType": "Chart",
      "textColumn1": "",
      "textColumn2": "",
      "textColumn3": "",
      "color": "DEF",
      "plannedStartDate": "2025/12/08",
      "plannedEndDate": "2025/12/12",
      "plannedDays": 5,
      "actualStartDate": "",
      "actualEndDate": "",
      "progress": "",
      "dependentId": "",
      "dependency": "",
      "isIncludeHolidays": false
    },
    "b953d4f7-fdcf-4ae1-ac9d-418c609ba748": {
      "no": 46,
      "id": "b953d4f7-fdcf-4ae1-ac9d-418c609ba748",
      "displayName": "フロントエンド単体テスト",
      "rowType": "Chart",
      "textColumn1": "",
      "textColumn2": "",
      "textColumn3": "",
      "color": "GHI",
      "plannedStartDate": "2025/12/15",
      "plannedEndDate": "2025/12/19",
      "plannedDays": 5,
      "actualStartDate": "",
      "actualEndDate": "",
      "progress": "",
      "dependentId": "f569eef8-d122-4e12-aa91-03e3ee4203bf",
      "dependency": "after,-1,1",
      "isIncludeHolidays": false
    },
    "37d52cca-f0e3-4f7a-b7d6-01112fa4cb88": {
      "no": 47,
      "id": "37d52cca-f0e3-4f7a-b7d6-01112fa4cb88",
      "rowType": "Separator",
      "displayName": "結合テスト",
      "isCollapsed": false,
      "minStartDate": "2025-12-22",
      "maxEndDate": "2026-01-08",
      "level": 1
    },
    "52b725b2-d2ae-4e69-b23d-7b82e445f95f": {
      "no": 48,
      "id": "52b725b2-d2ae-4e69-b23d-7b82e445f95f",
      "displayName": "API連携テスト",
      "rowType": "Chart",
      "textColumn1": "",
      "textColumn2": "",
      "textColumn3": "",
      "color": "DEF",
      "plannedStartDate": "2025/12/22",
      "plannedEndDate": "2025/12/26",
      "plannedDays": 5,
      "actualStartDate": "",
      "actualEndDate": "",
      "progress": "",
      "dependentId": "b953d4f7-fdcf-4ae1-ac9d-418c609ba748",
      "dependency": "after,-1,1",
      "isIncludeHolidays": false
    },
    "816eccf0-097a-4c85-b0f0-15fd0e62cf0c": {
      "no": 49,
      "id": "816eccf0-097a-4c85-b0f0-15fd0e62cf0c",
      "displayName": "画面遷移テスト",
      "rowType": "Chart",
      "textColumn1": "",
      "textColumn2": "",
      "textColumn3": "",
      "color": "GHI",
      "plannedStartDate": "2025/12/29",
      "plannedEndDate": "2026/01/05",
      "plannedDays": 3,
      "actualStartDate": "",
      "actualEndDate": "",
      "progress": "",
      "dependentId": "52b725b2-d2ae-4e69-b23d-7b82e445f95f",
      "dependency": "after,-1,1",
      "isIncludeHolidays": false
    },
    "1053a047-4b0b-4f59-950b-1ab721ad36a2": {
      "no": 50,
      "id": "1053a047-4b0b-4f59-950b-1ab721ad36a2",
      "displayName": "データ整合性テスト",
      "rowType": "Chart",
      "textColumn1": "",
      "textColumn2": "",
      "textColumn3": "",
      "color": "DEF",
      "plannedStartDate": "2026/01/06",
      "plannedEndDate": "2026/01/08",
      "plannedDays": 3,
      "actualStartDate": "",
      "actualEndDate": "",
      "progress": "",
      "dependentId": "816eccf0-097a-4c85-b0f0-15fd0e62cf0c",
      "dependency": "after,-1,1",
      "isIncludeHolidays": false
    },
    "914502c2-10a4-4a2d-883b-a1988f03f087": {
      "no": 51,
      "id": "914502c2-10a4-4a2d-883b-a1988f03f087",
      "rowType": "Separator",
      "displayName": "システムテスト",
      "isCollapsed": false,
      "minStartDate": "2026-01-09",
      "maxEndDate": "2026-01-21",
      "level": 1
    },
    "18859a18-d41a-48de-ba13-652ac2b56440": {
      "no": 52,
      "id": "18859a18-d41a-48de-ba13-652ac2b56440",
      "displayName": "負荷テスト",
      "rowType": "Chart",
      "textColumn1": "",
      "textColumn2": "",
      "textColumn3": "",
      "color": "DEF",
      "plannedStartDate": "2026/01/09",
      "plannedEndDate": "2026/01/14",
      "plannedDays": 3,
      "actualStartDate": "",
      "actualEndDate": "",
      "progress": "",
      "dependentId": "1053a047-4b0b-4f59-950b-1ab721ad36a2",
      "dependency": "after,-1,1",
      "isIncludeHolidays": false
    },
    "56a19abb-4ba9-4c90-bbcd-cda80fe1eb1e": {
      "no": 53,
      "id": "56a19abb-4ba9-4c90-bbcd-cda80fe1eb1e",
      "displayName": "セキュリティテスト",
      "rowType": "Chart",
      "textColumn1": "",
      "textColumn2": "",
      "textColumn3": "",
      "color": "DEF",
      "plannedStartDate": "2026/01/15",
      "plannedEndDate": "2026/01/16",
      "plannedDays": 2,
      "actualStartDate": "",
      "actualEndDate": "",
      "progress": "",
      "dependentId": "18859a18-d41a-48de-ba13-652ac2b56440",
      "dependency": "after,-1,1",
      "isIncludeHolidays": false
    },
    "efc790a6-4d13-47ae-b0ae-030a4f818b67": {
      "no": 54,
      "id": "efc790a6-4d13-47ae-b0ae-030a4f818b67",
      "displayName": "ユーザビリティテスト",
      "rowType": "Chart",
      "textColumn1": "",
      "textColumn2": "",
      "textColumn3": "",
      "color": "ABC",
      "plannedStartDate": "2026/01/20",
      "plannedEndDate": "2026/01/21",
      "plannedDays": 2,
      "actualStartDate": "",
      "actualEndDate": "",
      "progress": "",
      "dependentId": "56a19abb-4ba9-4c90-bbcd-cda80fe1eb1e",
      "dependency": "after,-1,2",
      "isIncludeHolidays": false
    },
    "ed67c6dc-7e0e-44f6-acd4-3511aaeededa": {
      "no": 55,
      "id": "ed67c6dc-7e0e-44f6-acd4-3511aaeededa",
      "rowType": "Separator",
      "displayName": "リリース準備",
      "isCollapsed": false,
      "minStartDate": "",
      "maxEndDate": "",
      "level": 0
    },
    "9c747bd8-2478-4993-912e-a05d367dd3cb": {
      "no": 56,
      "id": "9c747bd8-2478-4993-912e-a05d367dd3cb",
      "rowType": "Separator",
      "displayName": "アプリストア申請",
      "isCollapsed": false,
      "minStartDate": "2026-01-22",
      "maxEndDate": "2026-01-23",
      "level": 1
    },
    "6575b1bf-9ce9-44e9-93fb-73130da686cd": {
      "no": 57,
      "id": "6575b1bf-9ce9-44e9-93fb-73130da686cd",
      "displayName": "Apple App Store申請",
      "rowType": "Chart",
      "textColumn1": "",
      "textColumn2": "",
      "textColumn3": "",
      "color": "ABC",
      "plannedStartDate": "2026/01/22",
      "plannedEndDate": "2026/01/22",
      "plannedDays": 1,
      "actualStartDate": "",
      "actualEndDate": "",
      "progress": "",
      "dependentId": "efc790a6-4d13-47ae-b0ae-030a4f818b67",
      "dependency": "after,-1,1",
      "isIncludeHolidays": false
    },
    "4d926a65-ee36-4b03-a030-31ef1c65205a": {
      "no": 58,
      "id": "4d926a65-ee36-4b03-a030-31ef1c65205a",
      "displayName": "Google Play Store申請",
      "rowType": "Chart",
      "textColumn1": "",
      "textColumn2": "",
      "textColumn3": "",
      "color": "ABC",
      "plannedStartDate": "2026/01/22",
      "plannedEndDate": "2026/01/22",
      "plannedDays": 1,
      "actualStartDate": "",
      "actualEndDate": "",
      "progress": "",
      "dependentId": "6575b1bf-9ce9-44e9-93fb-73130da686cd",
      "dependency": "sameas,-1,0",
      "isIncludeHolidays": false
    },
    "9055c0b3-118f-413a-b5ee-a46f84193c82": {
      "no": 59,
      "id": "9055c0b3-118f-413a-b5ee-a46f84193c82",
      "displayName": "審査対応",
      "rowType": "Chart",
      "textColumn1": "",
      "textColumn2": "",
      "textColumn3": "",
      "color": "ABC",
      "plannedStartDate": "2026/01/23",
      "plannedEndDate": "2026/01/23",
      "plannedDays": 1,
      "actualStartDate": "",
      "actualEndDate": "",
      "progress": "",
      "dependentId": "4d926a65-ee36-4b03-a030-31ef1c65205a",
      "dependency": "after,-1,1",
      "isIncludeHolidays": false
    },
    "f68ec43e-3797-4ac7-94d6-1824a81adcaf": {
      "no": 60,
      "id": "f68ec43e-3797-4ac7-94d6-1824a81adcaf",
      "rowType": "Separator",
      "displayName": "リリース作業",
      "isCollapsed": false,
      "minStartDate": "2026-01-23",
      "maxEndDate": "2026-01-26",
      "level": 0
    },
    "62d56049-023c-4a58-ac70-26d0d08ce875": {
      "no": 61,
      "id": "62d56049-023c-4a58-ac70-26d0d08ce875",
      "displayName": "本番環境デプロイ",
      "rowType": "Chart",
      "textColumn1": "",
      "textColumn2": "",
      "textColumn3": "",
      "color": "DEF",
      "plannedStartDate": "2026/01/23",
      "plannedEndDate": "2026/01/23",
      "plannedDays": 1,
      "actualStartDate": "",
      "actualEndDate": "",
      "progress": "",
      "dependentId": "9055c0b3-118f-413a-b5ee-a46f84193c82",
      "dependency": "sameas,-1,0",
      "isIncludeHolidays": false
    },
    "b2124b73-1343-4c31-a214-cbbf46c522f9": {
      "no": 62,
      "id": "b2124b73-1343-4c31-a214-cbbf46c522f9",
      "displayName": "監視設定",
      "rowType": "Chart",
      "textColumn1": "",
      "textColumn2": "",
      "textColumn3": "",
      "color": "DEF",
      "plannedStartDate": "2026/01/26",
      "plannedEndDate": "2026/01/26",
      "plannedDays": 1,
      "actualStartDate": "",
      "actualEndDate": "",
      "progress": "",
      "dependentId": "62d56049-023c-4a58-ac70-26d0d08ce875",
      "dependency": "after,-1,1",
      "isIncludeHolidays": false
    },
    "a04b8be3-49b7-4e6e-a9c1-4505ba915dc7": {
      "no": 63,
      "id": "a04b8be3-49b7-4e6e-a9c1-4505ba915dc7",
      "displayName": "リリース完了確認",
      "rowType": "Chart",
      "textColumn1": "",
      "textColumn2": "",
      "textColumn3": "",
      "color": "ABC",
      "plannedStartDate": "2026/01/26",
      "plannedEndDate": "2026/01/26",
      "plannedDays": 1,
      "actualStartDate": "",
      "actualEndDate": "",
      "progress": "",
      "dependentId": "b2124b73-1343-4c31-a214-cbbf46c522f9",
      "dependency": "sameas,-1,0",
      "isIncludeHolidays": false
    },
    "f77cd627-ed06-4b0b-a249-19fb25904624": {
      "no": 64,
      "id": "f77cd627-ed06-4b0b-a249-19fb25904624",
      "displayName": "",
      "rowType": "Chart",
      "textColumn1": "",
      "textColumn2": "",
      "textColumn3": "",
      "color": "",
      "plannedStartDate": "",
      "plannedEndDate": "",
      "plannedDays": null,
      "actualStartDate": "",
      "actualEndDate": "",
      "progress": "",
      "dependentId": "",
      "dependency": "",
      "isIncludeHolidays": false
    }
  },
  "holidayInput": "2022/01/01 土 元日\r\n2022/01/02 日 銀行休業日\r\n2022/01/03 月 銀行休業日\r\n2022/01/10 月 成人の日\r\n2022/02/11 金 建国記念の日\r\n2022/02/23 水 天皇誕生日\r\n2022/03/21 月 春分の日\r\n2022/04/29 金 昭和の日\r\n2022/05/03 火 憲法記念日\r\n2022/05/04 水 みどりの日\r\n2022/05/05 木 こどもの日\r\n2022/07/18 月 海の日\r\n2022/08/11 木 山の日\r\n2022/09/19 月 敬老の日\r\n2022/09/23 金 秋分の日\r\n2022/10/10 月 スポーツの日\r\n2022/11/03 木 文化の日\r\n2022/11/23 水 勤労感謝の日\r\n2022/12/31 土 大晦日\r\n2023/01/01 日 元日\r\n2023/01/02 月 元日 (振替休日)\r\n2023/01/02 月 銀行休業日\r\n2023/01/03 火 銀行休業日\r\n2023/01/09 月 成人の日\r\n2023/02/11 土 建国記念の日\r\n2023/02/23 木 天皇誕生日\r\n2023/03/21 火 春分の日\r\n2023/04/29 土 昭和の日\r\n2023/05/03 水 憲法記念日\r\n2023/05/04 木 みどりの日\r\n2023/05/05 金 こどもの日\r\n2023/07/17 月 海の日\r\n2023/08/11 金 山の日\r\n2023/09/18 月 敬老の日\r\n2023/09/23 土 秋分の日\r\n2023/10/09 月 スポーツの日\r\n2023/11/03 金 文化の日\r\n2023/11/23 木 勤労感謝の日\r\n2023/12/31 日 大晦日\r\n2024/01/01 月 元日\r\n2024/01/02 火 銀行休業日\r\n2024/01/03 水 銀行休業日\r\n2024/01/08 月 成人の日\r\n2024/02/11 日 建国記念の日\r\n2024/02/12 月 建国記念の日 (振替休日)\r\n2024/02/23 金 天皇誕生日\r\n2024/03/20 水 春分の日\r\n2024/04/29 月 昭和の日\r\n2024/05/03 金 憲法記念日\r\n2024/05/04 土 みどりの日\r\n2024/05/05 日 こどもの日\r\n2024/05/06 月 こどもの日 (振替休日)\r\n2024/07/15 月 海の日\r\n2024/08/11 日 山の日\r\n2024/08/12 月 山の日 (振替休日)\r\n2024/09/16 月 敬老の日\r\n2024/09/22 日 秋分の日\r\n2024/09/23 月 秋分の日 (振替休日)\r\n2024/10/14 月 スポーツの日\r\n2024/11/03 日 文化の日\r\n2024/11/04 月 文化の日 (振替休日)\r\n2024/11/23 土 勤労感謝の日\r\n2024/12/31 火 大晦日\r\n2025/01/01 水 元日\r\n2025/01/02 木 銀行休業日\r\n2025/01/03 金 銀行休業日\r\n2025/01/13 月 成人の日\r\n2025/02/11 火 建国記念の日\r\n2025/02/23 日 天皇誕生日\r\n2025/02/24 月 天皇誕生日 (振替休日)\r\n2025/03/20 木 春分の日\r\n2025/04/29 火 昭和の日\r\n2025/05/03 土 憲法記念日\r\n2025/05/04 日 みどりの日\r\n2025/05/05 月 こどもの日\r\n2025/05/06 火 みどりの日 (振替休日)\r\n2025/07/21 月 海の日\r\n2025/08/11 月 山の日\r\n2025/09/15 月 敬老の日\r\n2025/09/23 火 秋分の日\r\n2025/10/13 月 スポーツの日\r\n2025/11/03 月 文化の日\r\n2025/11/23 日 勤労感謝の日\r\n2025/11/24 月 勤労感謝の日 (振替休日)\r\n2025/12/31 水 大晦日\r\n2026/01/01 木 元日\r\n2026/01/02 金 銀行休業日\r\n2026/01/03 土 銀行休業日\r\n2026/01/12 月 成人の日\r\n2026/02/11 水 建国記念の日\r\n2026/02/23 月 天皇誕生日\r\n2026/03/20 金 春分の日\r\n2026/04/29 水 昭和の日\r\n2026/05/03 日 憲法記念日\r\n2026/05/04 月 みどりの日\r\n2026/05/05 火 こどもの日\r\n2026/05/06 水 憲法記念日 (振替休日)\r\n2026/07/20 月 海の日\r\n2026/08/11 火 山の日\r\n2026/09/21 月 敬老の日\r\n2026/09/22 火 国民の休日\r\n2026/09/23 水 秋分の日\r\n2026/10/12 月 スポーツの日\r\n2026/11/03 火 文化の日\r\n2026/11/23 月 勤労感謝の日\r\n2026/12/31 木 大晦日\r\n2027/01/01 金 元日\r\n2027/01/02 土 銀行休業日\r\n2027/01/03 日 銀行休業日\r\n2027/01/11 月 成人の日\r\n2027/02/11 木 建国記念の日\r\n2027/02/23 火 天皇誕生日\r\n2027/03/21 日 春分の日\r\n2027/03/22 月 春分の日 (振替休日)\r\n2027/04/29 木 昭和の日\r\n2027/05/03 月 憲法記念日\r\n2027/05/04 火 みどりの日\r\n2027/05/05 水 こどもの日\r\n2027/07/19 月 海の日\r\n2027/08/11 水 山の日\r\n2027/09/20 月 敬老の日\r\n2027/09/23 木 秋分の日\r\n2027/10/11 月 スポーツの日\r\n2027/11/03 水 文化の日\r\n2027/11/23 火 勤労感謝の日\r\n2027/12/31 金 大晦日\r\n2028/01/01 土 元日\r\n2028/01/02 日 銀行休業日\r\n2028/01/03 月 銀行休業日\r\n2028/01/10 月 成人の日\r\n2028/02/11 金 建国記念の日\r\n2028/02/23 水 天皇誕生日\r\n2028/03/20 月 春分の日\r\n2028/04/29 土 昭和の日\r\n2028/05/03 水 憲法記念日\r\n2028/05/04 木 みどりの日\r\n2028/05/05 金 こどもの日\r\n2028/07/17 月 海の日\r\n2028/08/11 金 山の日\r\n2028/09/18 月 敬老の日\r\n2028/09/22 金 秋分の日\r\n2028/10/09 月 スポーツの日\r\n2028/11/03 金 文化の日\r\n2028/11/23 木 勤労感謝の日\r\n2028/12/31 日 大晦日\r\n2029/01/01 月 元日\r\n2029/01/02 火 銀行休業日\r\n2029/01/03 水 銀行休業日\r\n2029/01/08 月 成人の日\r\n2029/02/11 日 建国記念の日\r\n2029/02/12 月 建国記念の日 (振替休日)\r\n2029/02/23 金 天皇誕生日\r\n2029/03/20 火 春分の日\r\n2029/04/29 日 昭和の日\r\n2029/04/30 月 昭和の日 (振替休日)\r\n2029/05/03 木 憲法記念日\r\n2029/05/04 金 みどりの日\r\n2029/05/05 土 こどもの日\r\n2029/07/16 月 海の日\r\n2029/08/11 土 山の日\r\n2029/09/17 月 敬老の日\r\n2029/09/23 日 秋分の日\r\n2029/09/24 月 秋分の日 (振替休日)\r\n2029/10/08 月 スポーツの日\r\n2029/11/03 土 文化の日\r\n2029/11/23 金 勤労感謝の日\r\n2029/12/31 月 大晦日",
  "holidayColor": {
    "color": "rgba(238, 238, 238, 1)",
    "subColor": "rgba(238,238,238,0.5)"
  },
  "regularDaysOffSetting": {
    "1": {
      "color": "#d9e6ff",
      "subColor": "#d9e6ff80",
      "days": []
    },
    "2": {
      "color": "#ffdcdc",
      "subColor": "#ffdcdc80",
      "days": []
    },
    "3": {
      "color": "rgba(238, 238, 238, 1)",
      "subColor": "rgba(238,238,238,0.5)",
      "days": [
        0,
        6
      ]
    }
  },
  "wbsWidth": 559,
  "calendarWidth": 2338,
  "cellWidth": 7,
  "title": "【サンプル】スマートフォンアプリ開発プロジェクト",
  "showYear": false,
  "dateFormat": "yyyy/M/d",
  "treeData": [],
  "noteData": {},
  "language": "ja"
}