{
  "colors": {
    "1": {
      "alias": "ABC",
      "color": "#70ecff51"
    },
    "2": {
      "alias": "",
      "color": "#70b0ff51"
    },
    "3": {
      "alias": "",
      "color": "#8a70ff51"
    },
    "4": {
      "alias": "DEF",
      "color": "#ff70ea51"
    },
    "5": {
      "alias": "",
      "color": "#ff707051"
    },
    "6": {
      "alias": "GHI",
      "color": "#fffe7051"
    },
    "7": {
      "alias": "",
      "color": "#76ff7051"
    },
    "8": {
      "alias": "",
      "color": "#76ff7051"
    },
    "9": {
      "alias": "",
      "color": "#76ff7051"
    },
    "10": {
      "alias": "",
      "color": "#76ff7051"
    },
    "999": {
      "alias": "",
      "color": "#0000003d"
    }
  },
  "dateRange": {
    "startDate": "2025-06-01",
    "endDate": "2026-06-27"
  },
  "columns": [
    {
      "columnId": "no",
      "columnName": "No",
      "width": 37,
      "resizable": false,
      "visible": true,
      "defaultColumnName": "No",
      "shouldTranslate": true
    },
    {
      "columnId": "displayName",
      "columnName": "DisplayName",
      "width": 246,
      "resizable": true,
      "reorderable": true,
      "visible": true,
      "defaultColumnName": "DisplayName",
      "shouldTranslate": true
    },
    {
      "columnId": "color",
      "columnName": "Color",
      "width": 50,
      "resizable": true,
      "reorderable": true,
      "visible": true,
      "defaultColumnName": "Color",
      "shouldTranslate": true
    },
    {
      "columnId": "plannedStartDate",
      "columnName": "PlanS",
      "width": 50,
      "resizable": true,
      "reorderable": true,
      "visible": true,
      "defaultColumnName": "PlanS",
      "shouldTranslate": true
    },
    {
      "columnId": "plannedEndDate",
      "columnName": "PlanE",
      "width": 50,
      "resizable": true,
      "reorderable": true,
      "visible": true,
      "defaultColumnName": "PlanE",
      "shouldTranslate": true
    },
    {
      "columnId": "plannedDays",
      "columnName": "Days",
      "width": 40,
      "resizable": true,
      "reorderable": true,
      "visible": true,
      "defaultColumnName": "Days",
      "shouldTranslate": true
    },
    {
      "columnId": "actualStartDate",
      "columnName": "ActS",
      "width": 50,
      "resizable": true,
      "reorderable": true,
      "visible": false,
      "defaultColumnName": "ActS",
      "shouldTranslate": true
    },
    {
      "columnId": "actualEndDate",
      "columnName": "ActE",
      "width": 50,
      "resizable": true,
      "reorderable": true,
      "visible": false,
      "defaultColumnName": "ActE",
      "shouldTranslate": true
    },
    {
      "columnId": "progress",
      "columnName": "Prog",
      "width": 50,
      "resizable": true,
      "reorderable": true,
      "visible": false,
      "defaultColumnName": "Prog",
      "shouldTranslate": true
    },
    {
      "columnId": "dependency",
      "columnName": "Dep",
      "width": 60,
      "resizable": true,
      "reorderable": true,
      "visible": true,
      "defaultColumnName": "Dep",
      "shouldTranslate": true
    },
    {
      "columnId": "textColumn1",
      "columnName": "Text1",
      "width": 50,
      "resizable": true,
      "reorderable": true,
      "visible": false,
      "defaultColumnName": "Text1",
      "shouldTranslate": true
    },
    {
      "columnId": "textColumn2",
      "columnName": "Text2",
      "width": 50,
      "resizable": true,
      "reorderable": true,
      "visible": false,
      "defaultColumnName": "Text2",
      "shouldTranslate": true
    },
    {
      "columnId": "textColumn3",
      "columnName": "Text3",
      "width": 50,
      "resizable": true,
      "reorderable": true,
      "visible": false,
      "defaultColumnName": "Text3",
      "shouldTranslate": true
    },
    {
      "columnId": "isIncludeHolidays",
      "columnName": "IncHol",
      "width": 50,
      "resizable": true,
      "reorderable": true,
      "visible": true,
      "defaultColumnName": "IncHol",
      "shouldTranslate": true
    }
  ],
  "data": {
    "cc8d63b4-c137-4403-ba76-4895f2f5a11e": {
      "no": 1,
      "id": "cc8d63b4-c137-4403-ba76-4895f2f5a11e",
      "rowType": "Separator",
      "displayName": "Planning & Vision",
      "isCollapsed": false,
      "minStartDate": "",
      "maxEndDate": "",
      "level": 0
    },
    "2d3afad7-0a91-491f-8346-2b589e7ee342": {
      "no": 2,
      "id": "2d3afad7-0a91-491f-8346-2b589e7ee342",
      "rowType": "Separator",
      "displayName": "Initial Planning",
      "isCollapsed": false,
      "minStartDate": "2025-06-09",
      "maxEndDate": "2025-06-20",
      "level": 1
    },
    "aac13a68-a439-47bf-a66c-36de9b1aaf2d": {
      "rowType": "Chart",
      "no": 3,
      "id": "aac13a68-a439-47bf-a66c-36de9b1aaf2d",
      "displayName": "Meet with couple for vision",
      "textColumn1": "",
      "textColumn2": "",
      "textColumn3": "",
      "color": "ABC",
      "plannedStartDate": "2025/6/9",
      "plannedEndDate": "2025/6/10\r",
      "plannedDays": 2,
      "actualStartDate": "",
      "actualEndDate": "",
      "progress": "",
      "dependentId": "",
      "dependency": "",
      "isIncludeHolidays": false
    },
    "8b053c1d-3567-40e3-bbec-d65675c96f35": {
      "rowType": "Chart",
      "no": 4,
      "id": "8b053c1d-3567-40e3-bbec-d65675c96f35",
      "displayName": "Create wedding timeline",
      "textColumn1": "",
      "textColumn2": "",
      "textColumn3": "",
      "color": "ABC",
      "plannedStartDate": "2025/06/11",
      "plannedEndDate": "2025/06/13",
      "plannedDays": 3,
      "actualStartDate": "",
      "actualEndDate": "",
      "progress": "",
      "dependentId": "aac13a68-a439-47bf-a66c-36de9b1aaf2d",
      "dependency": "after,-1,1",
      "isIncludeHolidays": false
    },
    "965c7322-017d-4202-8c96-8db15571ee56": {
      "rowType": "Chart",
      "no": 5,
      "id": "965c7322-017d-4202-8c96-8db15571ee56",
      "displayName": "Set budget breakdown",
      "textColumn1": "",
      "textColumn2": "",
      "textColumn3": "",
      "color": "ABC",
      "plannedStartDate": "2025/06/16",
      "plannedEndDate": "2025/06/18",
      "plannedDays": 3,
      "actualStartDate": "",
      "actualEndDate": "",
      "progress": "",
      "dependentId": "8b053c1d-3567-40e3-bbec-d65675c96f35",
      "dependency": "after,-1,1",
      "isIncludeHolidays": false
    },
    "1cedb2bf-338c-451e-89d5-c70cad331b69": {
      "rowType": "Chart",
      "no": 6,
      "id": "1cedb2bf-338c-451e-89d5-c70cad331b69",
      "displayName": "Choose wedding theme",
      "textColumn1": "",
      "textColumn2": "",
      "textColumn3": "",
      "color": "ABC",
      "plannedStartDate": "2025/06/19",
      "plannedEndDate": "2025/06/20",
      "plannedDays": 2,
      "actualStartDate": "",
      "actualEndDate": "",
      "progress": "",
      "dependentId": "965c7322-017d-4202-8c96-8db15571ee56",
      "dependency": "after,-1,1",
      "isIncludeHolidays": true
    },
    "335da930-e230-43d4-b6f8-f0534867d439": {
      "no": 7,
      "id": "335da930-e230-43d4-b6f8-f0534867d439",
      "rowType": "Separator",
      "displayName": "Vendor Research",
      "isCollapsed": false,
      "minStartDate": "2025-06-23",
      "maxEndDate": "2025-07-18",
      "level": 1
    },
    "f81d61b2-7f00-4491-8d0e-ca9fce762632": {
      "rowType": "Chart",
      "no": 8,
      "id": "f81d61b2-7f00-4491-8d0e-ca9fce762632",
      "displayName": "Research venues",
      "textColumn1": "",
      "textColumn2": "",
      "textColumn3": "",
      "color": "ABC",
      "plannedStartDate": "2025/06/23",
      "plannedEndDate": "2025/06/27",
      "plannedDays": 5,
      "actualStartDate": "",
      "actualEndDate": "",
      "progress": "",
      "dependentId": "1cedb2bf-338c-451e-89d5-c70cad331b69",
      "dependency": "after,-1,1",
      "isIncludeHolidays": false
    },
    "9d68a5c5-5d8d-4463-a45b-0b1556f1635f": {
      "rowType": "Chart",
      "no": 9,
      "id": "9d68a5c5-5d8d-4463-a45b-0b1556f1635f",
      "displayName": "Research caterers",
      "textColumn1": "",
      "textColumn2": "",
      "textColumn3": "",
      "color": "ABC",
      "plannedStartDate": "2025/06/30",
      "plannedEndDate": "2025/07/04",
      "plannedDays": 5,
      "actualStartDate": "",
      "actualEndDate": "",
      "progress": "",
      "dependentId": "f81d61b2-7f00-4491-8d0e-ca9fce762632",
      "dependency": "after,-1,3",
      "isIncludeHolidays": true
    },
    "a2831346-7711-4a8e-8bb0-3d82fe253225": {
      "rowType": "Chart",
      "no": 10,
      "id": "a2831346-7711-4a8e-8bb0-3d82fe253225",
      "displayName": "Research photographers",
      "textColumn1": "",
      "textColumn2": "",
      "textColumn3": "",
      "color": "ABC",
      "plannedStartDate": "2025/07/07",
      "plannedEndDate": "2025/07/11",
      "plannedDays": 5,
      "actualStartDate": "",
      "actualEndDate": "",
      "progress": "",
      "dependentId": "9d68a5c5-5d8d-4463-a45b-0b1556f1635f",
      "dependency": "after,-1,1",
      "isIncludeHolidays": false
    },
    "e2dc3c50-170f-4579-bcf6-5ef1a0b1962b": {
      "rowType": "Chart",
      "no": 11,
      "id": "e2dc3c50-170f-4579-bcf6-5ef1a0b1962b",
      "displayName": "Research florists",
      "textColumn1": "",
      "textColumn2": "",
      "textColumn3": "",
      "color": "ABC",
      "plannedStartDate": "2025/07/14",
      "plannedEndDate": "2025/07/18",
      "plannedDays": 5,
      "actualStartDate": "",
      "actualEndDate": "",
      "progress": "",
      "dependentId": "a2831346-7711-4a8e-8bb0-3d82fe253225",
      "dependency": "after,-1,1",
      "isIncludeHolidays": false
    },
    "f87ecb4e-90ef-44b1-a364-a563bdcc88eb": {
      "no": 12,
      "id": "f87ecb4e-90ef-44b1-a364-a563bdcc88eb",
      "rowType": "Separator",
      "displayName": "Venue & Major Vendors",
      "isCollapsed": false,
      "minStartDate": "",
      "maxEndDate": "",
      "level": 0
    },
    "ee1fbe00-41da-4134-95e2-ed1493e2452e": {
      "no": 13,
      "id": "ee1fbe00-41da-4134-95e2-ed1493e2452e",
      "rowType": "Separator",
      "displayName": "Venue Selection",
      "isCollapsed": false,
      "minStartDate": "2025-07-21",
      "maxEndDate": "2025-08-13",
      "level": 1
    },
    "53c1ffc9-0de9-4a2c-8c69-d694d7784ede": {
      "rowType": "Chart",
      "no": 14,
      "id": "53c1ffc9-0de9-4a2c-8c69-d694d7784ede",
      "displayName": "Schedule venue visits",
      "textColumn1": "",
      "textColumn2": "",
      "textColumn3": "",
      "color": "ABC",
      "plannedStartDate": "2025/7/21",
      "plannedEndDate": "2025/7/25\r",
      "plannedDays": 5,
      "actualStartDate": "",
      "actualEndDate": "",
      "progress": "",
      "dependentId": "",
      "dependency": "",
      "isIncludeHolidays": false
    },
    "cfbdfb67-ef36-48c7-8228-e0c591b872ce": {
      "rowType": "Chart",
      "no": 15,
      "id": "cfbdfb67-ef36-48c7-8228-e0c591b872ce",
      "displayName": "Compare venue options",
      "textColumn1": "",
      "textColumn2": "",
      "textColumn3": "",
      "color": "ABC",
      "plannedStartDate": "2025/7/28",
      "plannedEndDate": "2025/8/1\r",
      "plannedDays": 5,
      "actualStartDate": "",
      "actualEndDate": "",
      "progress": "",
      "dependentId": "",
      "dependency": "",
      "isIncludeHolidays": false
    },
    "d2e74087-09b2-495e-ae15-d3dcafcd6101": {
      "rowType": "Chart",
      "no": 16,
      "id": "d2e74087-09b2-495e-ae15-d3dcafcd6101",
      "displayName": "Finalize venue booking",
      "textColumn1": "",
      "textColumn2": "",
      "textColumn3": "",
      "color": "ABC",
      "plannedStartDate": "2025/8/4",
      "plannedEndDate": "2025/8/8\r",
      "plannedDays": 5,
      "actualStartDate": "",
      "actualEndDate": "",
      "progress": "",
      "dependentId": "",
      "dependency": "",
      "isIncludeHolidays": false
    },
    "40aabf69-609b-4de0-85e1-9f53f889b275": {
      "rowType": "Chart",
      "no": 17,
      "id": "40aabf69-609b-4de0-85e1-9f53f889b275",
      "displayName": "Sign venue contract",
      "textColumn1": "",
      "textColumn2": "",
      "textColumn3": "",
      "color": "ABC",
      "plannedStartDate": "2025/8/11",
      "plannedEndDate": "2025/8/13\r",
      "plannedDays": 3,
      "actualStartDate": "",
      "actualEndDate": "",
      "progress": "",
      "dependentId": "",
      "dependency": "",
      "isIncludeHolidays": false
    },
    "93673af0-fd19-44de-976c-48e4e197510b": {
      "no": 18,
      "id": "93673af0-fd19-44de-976c-48e4e197510b",
      "rowType": "Separator",
      "displayName": "Catering Services",
      "isCollapsed": false,
      "minStartDate": "2025-08-14",
      "maxEndDate": "2025-09-03",
      "level": 1
    },
    "55bc29ee-069c-480e-9a4d-e2b3763e7f4e": {
      "rowType": "Chart",
      "no": 19,
      "id": "55bc29ee-069c-480e-9a4d-e2b3763e7f4e",
      "displayName": "Schedule tastings",
      "textColumn1": "",
      "textColumn2": "",
      "textColumn3": "",
      "color": "DEF",
      "plannedStartDate": "2025/8/14",
      "plannedEndDate": "2025/8/18\r",
      "plannedDays": 3,
      "actualStartDate": "",
      "actualEndDate": "",
      "progress": "",
      "dependentId": "",
      "dependency": "",
      "isIncludeHolidays": false
    },
    "286ae0a9-e285-4fd9-b19d-ce7f3f55a0c3": {
      "rowType": "Chart",
      "no": 20,
      "id": "286ae0a9-e285-4fd9-b19d-ce7f3f55a0c3",
      "displayName": "Finalize menu selection",
      "textColumn1": "",
      "textColumn2": "",
      "textColumn3": "",
      "color": "DEF",
      "plannedStartDate": "2025/8/19",
      "plannedEndDate": "2025/8/22\r",
      "plannedDays": 4,
      "actualStartDate": "",
      "actualEndDate": "",
      "progress": "",
      "dependentId": "",
      "dependency": "",
      "isIncludeHolidays": false
    },
    "d29b6717-8c14-4241-a394-b22961ff2bc5": {
      "rowType": "Chart",
      "no": 21,
      "id": "d29b6717-8c14-4241-a394-b22961ff2bc5",
      "displayName": "Confirm guest count",
      "textColumn1": "",
      "textColumn2": "",
      "textColumn3": "",
      "color": "ABC",
      "plannedStartDate": "2025/8/25",
      "plannedEndDate": "2025/8/29\r",
      "plannedDays": 5,
      "actualStartDate": "",
      "actualEndDate": "",
      "progress": "",
      "dependentId": "",
      "dependency": "",
      "isIncludeHolidays": false
    },
    "61efd49f-8a22-4754-8156-c43324e3aea1": {
      "rowType": "Chart",
      "no": 22,
      "id": "61efd49f-8a22-4754-8156-c43324e3aea1",
      "displayName": "Sign catering contract",
      "textColumn1": "",
      "textColumn2": "",
      "textColumn3": "",
      "color": "DEF",
      "plannedStartDate": "2025/9/1",
      "plannedEndDate": "2025/9/3\r",
      "plannedDays": 2,
      "actualStartDate": "",
      "actualEndDate": "",
      "progress": "",
      "dependentId": "",
      "dependency": "",
      "isIncludeHolidays": false
    },
    "e9eae5ce-6d49-4ae9-b85d-4a056c002038": {
      "no": 23,
      "id": "e9eae5ce-6d49-4ae9-b85d-4a056c002038",
      "rowType": "Separator",
      "displayName": "Photography & Entertainment",
      "isCollapsed": false,
      "minStartDate": "",
      "maxEndDate": "",
      "level": 0
    },
    "7b67ba08-191a-49c0-a5c7-f8cf84b0c0f2": {
      "no": 24,
      "id": "7b67ba08-191a-49c0-a5c7-f8cf84b0c0f2",
      "rowType": "Separator",
      "displayName": "Photography Services",
      "isCollapsed": false,
      "minStartDate": "2025-08-18",
      "maxEndDate": "2025-09-12",
      "level": 1
    },
    "1c1ae3ed-a658-4f17-9b17-e99eacd7ef36": {
      "rowType": "Chart",
      "no": 25,
      "id": "1c1ae3ed-a658-4f17-9b17-e99eacd7ef36",
      "displayName": "Interview photographers",
      "textColumn1": "",
      "textColumn2": "",
      "textColumn3": "",
      "color": "GHI",
      "plannedStartDate": "2025/8/18",
      "plannedEndDate": "2025/8/22\r",
      "plannedDays": 5,
      "actualStartDate": "",
      "actualEndDate": "",
      "progress": "",
      "dependentId": "",
      "dependency": "",
      "isIncludeHolidays": false
    },
    "2387893e-2789-46db-a236-132675ba7d4e": {
      "rowType": "Chart",
      "no": 26,
      "id": "2387893e-2789-46db-a236-132675ba7d4e",
      "displayName": "Review portfolios",
      "textColumn1": "",
      "textColumn2": "",
      "textColumn3": "",
      "color": "ABC",
      "plannedStartDate": "2025/8/25",
      "plannedEndDate": "2025/8/29\r",
      "plannedDays": 5,
      "actualStartDate": "",
      "actualEndDate": "",
      "progress": "",
      "dependentId": "",
      "dependency": "",
      "isIncludeHolidays": false
    },
    "3081cca4-89da-47ec-bb63-a9d539816e92": {
      "rowType": "Chart",
      "no": 27,
      "id": "3081cca4-89da-47ec-bb63-a9d539816e92",
      "displayName": "Book photographer",
      "textColumn1": "",
      "textColumn2": "",
      "textColumn3": "",
      "color": "GHI",
      "plannedStartDate": "2025/9/1",
      "plannedEndDate": "2025/9/3\r",
      "plannedDays": 2,
      "actualStartDate": "",
      "actualEndDate": "",
      "progress": "",
      "dependentId": "",
      "dependency": "",
      "isIncludeHolidays": false
    },
    "c961891f-5b34-45f0-a6ee-29ac78db25d8": {
      "rowType": "Chart",
      "no": 28,
      "id": "c961891f-5b34-45f0-a6ee-29ac78db25d8",
      "displayName": "Plan shot list",
      "textColumn1": "",
      "textColumn2": "",
      "textColumn3": "",
      "color": "ABC",
      "plannedStartDate": "2025/9/8",
      "plannedEndDate": "2025/9/12\r",
      "plannedDays": 5,
      "actualStartDate": "",
      "actualEndDate": "",
      "progress": "",
      "dependentId": "",
      "dependency": "",
      "isIncludeHolidays": false
    },
    "2299ab37-7db6-4625-9aff-b59e247f6919": {
      "no": 29,
      "id": "2299ab37-7db6-4625-9aff-b59e247f6919",
      "rowType": "Separator",
      "displayName": "Music & Entertainment",
      "isCollapsed": false,
      "minStartDate": "2025-09-15",
      "maxEndDate": "2025-10-10",
      "level": 1
    },
    "e28461a9-3825-4474-9971-988982c6f791": {
      "rowType": "Chart",
      "no": 30,
      "id": "e28461a9-3825-4474-9971-988982c6f791",
      "displayName": "Book DJ or band",
      "textColumn1": "",
      "textColumn2": "",
      "textColumn3": "",
      "color": "ABC",
      "plannedStartDate": "2025/9/15",
      "plannedEndDate": "2025/9/19\r",
      "plannedDays": 5,
      "actualStartDate": "",
      "actualEndDate": "",
      "progress": "",
      "dependentId": "",
      "dependency": "",
      "isIncludeHolidays": false
    },
    "cbf6bd74-01e0-4de5-9b40-2b0e565dda32": {
      "rowType": "Chart",
      "no": 31,
      "id": "cbf6bd74-01e0-4de5-9b40-2b0e565dda32",
      "displayName": "Create playlist",
      "textColumn1": "",
      "textColumn2": "",
      "textColumn3": "",
      "color": "ABC",
      "plannedStartDate": "2025/9/22",
      "plannedEndDate": "2025/9/26\r",
      "plannedDays": 5,
      "actualStartDate": "",
      "actualEndDate": "",
      "progress": "",
      "dependentId": "",
      "dependency": "",
      "isIncludeHolidays": false
    },
    "f4e7f8eb-d644-4988-85d5-4bd248eeeccb": {
      "rowType": "Chart",
      "no": 32,
      "id": "f4e7f8eb-d644-4988-85d5-4bd248eeeccb",
      "displayName": "Arrange sound equipment",
      "textColumn1": "",
      "textColumn2": "",
      "textColumn3": "",
      "color": "GHI",
      "plannedStartDate": "2025/9/29",
      "plannedEndDate": "2025/10/3\r",
      "plannedDays": 5,
      "actualStartDate": "",
      "actualEndDate": "",
      "progress": "",
      "dependentId": "",
      "dependency": "",
      "isIncludeHolidays": false
    },
    "20e83111-6af4-44b7-8929-bb70da11da80": {
      "rowType": "Chart",
      "no": 33,
      "id": "20e83111-6af4-44b7-8929-bb70da11da80",
      "displayName": "Schedule rehearsal",
      "textColumn1": "",
      "textColumn2": "",
      "textColumn3": "",
      "color": "ABC",
      "plannedStartDate": "2025/10/6",
      "plannedEndDate": "2025/10/10\r",
      "plannedDays": 5,
      "actualStartDate": "",
      "actualEndDate": "",
      "progress": "",
      "dependentId": "",
      "dependency": "",
      "isIncludeHolidays": false
    },
    "7311e43c-4bd5-45f1-bc2f-b02acfac0f24": {
      "no": 34,
      "id": "7311e43c-4bd5-45f1-bc2f-b02acfac0f24",
      "rowType": "Separator",
      "displayName": "Decorations & Flowers",
      "isCollapsed": false,
      "minStartDate": "",
      "maxEndDate": "",
      "level": 0
    },
    "eeb29229-98c1-45c1-841f-e211b74ca799": {
      "no": 35,
      "id": "eeb29229-98c1-45c1-841f-e211b74ca799",
      "rowType": "Separator",
      "displayName": "Floral Arrangements",
      "isCollapsed": false,
      "minStartDate": "2025-10-13",
      "maxEndDate": "2025-11-07",
      "level": 1
    },
    "4fa86aa4-5fff-439e-b909-5ca7a891d705": {
      "rowType": "Chart",
      "no": 36,
      "id": "4fa86aa4-5fff-439e-b909-5ca7a891d705",
      "displayName": "Design bridal bouquet",
      "textColumn1": "",
      "textColumn2": "",
      "textColumn3": "",
      "color": "DEF",
      "plannedStartDate": "2025/10/13",
      "plannedEndDate": "2025/10/17\r",
      "plannedDays": 4,
      "actualStartDate": "",
      "actualEndDate": "",
      "progress": "",
      "dependentId": "",
      "dependency": "",
      "isIncludeHolidays": false
    },
    "0bdd9e83-e2c2-44cf-a48c-e1861d151714": {
      "rowType": "Chart",
      "no": 37,
      "id": "0bdd9e83-e2c2-44cf-a48c-e1861d151714",
      "displayName": "Plan ceremony decorations",
      "textColumn1": "",
      "textColumn2": "",
      "textColumn3": "",
      "color": "DEF",
      "plannedStartDate": "2025/10/20",
      "plannedEndDate": "2025/10/24\r",
      "plannedDays": 5,
      "actualStartDate": "",
      "actualEndDate": "",
      "progress": "",
      "dependentId": "",
      "dependency": "",
      "isIncludeHolidays": false
    },
    "1bc3e77e-e833-4e19-b378-10f266a3b90d": {
      "rowType": "Chart",
      "no": 38,
      "id": "1bc3e77e-e833-4e19-b378-10f266a3b90d",
      "displayName": "Design centerpieces",
      "textColumn1": "",
      "textColumn2": "",
      "textColumn3": "",
      "color": "DEF",
      "plannedStartDate": "2025/10/27",
      "plannedEndDate": "2025/10/31\r",
      "plannedDays": 5,
      "actualStartDate": "",
      "actualEndDate": "",
      "progress": "",
      "dependentId": "",
      "dependency": "",
      "isIncludeHolidays": false
    },
    "f04f840d-8b9c-429c-9cdf-135c185c29cd": {
      "rowType": "Chart",
      "no": 39,
      "id": "f04f840d-8b9c-429c-9cdf-135c185c29cd",
      "displayName": "Confirm delivery schedule",
      "textColumn1": "",
      "textColumn2": "",
      "textColumn3": "",
      "color": "DEF",
      "plannedStartDate": "2025/11/3",
      "plannedEndDate": "2025/11/7\r",
      "plannedDays": 5,
      "actualStartDate": "",
      "actualEndDate": "",
      "progress": "",
      "dependentId": "",
      "dependency": "",
      "isIncludeHolidays": false
    },
    "ee46f5ec-84b4-40c1-b99f-338b3c35fb2b": {
      "no": 40,
      "id": "ee46f5ec-84b4-40c1-b99f-338b3c35fb2b",
      "rowType": "Separator",
      "displayName": "Additional Decorations",
      "isCollapsed": false,
      "minStartDate": "2025-11-10",
      "maxEndDate": "2025-12-05",
      "level": 1
    },
    "78a44fd5-eb14-4dc7-a8b5-335dd354a97c": {
      "rowType": "Chart",
      "no": 41,
      "id": "78a44fd5-eb14-4dc7-a8b5-335dd354a97c",
      "displayName": "Order linens and chairs",
      "textColumn1": "",
      "textColumn2": "",
      "textColumn3": "",
      "color": "ABC",
      "plannedStartDate": "2025/11/10",
      "plannedEndDate": "2025/11/14\r",
      "plannedDays": 4,
      "actualStartDate": "",
      "actualEndDate": "",
      "progress": "",
      "dependentId": "",
      "dependency": "",
      "isIncludeHolidays": false
    },
    "10a9583c-1f0f-4f61-ae62-bd436b0a671f": {
      "rowType": "Chart",
      "no": 42,
      "id": "10a9583c-1f0f-4f61-ae62-bd436b0a671f",
      "displayName": "Arrange lighting setup",
      "textColumn1": "",
      "textColumn2": "",
      "textColumn3": "",
      "color": "GHI",
      "plannedStartDate": "2025/11/17",
      "plannedEndDate": "2025/11/21\r",
      "plannedDays": 5,
      "actualStartDate": "",
      "actualEndDate": "",
      "progress": "",
      "dependentId": "",
      "dependency": "",
      "isIncludeHolidays": false
    },
    "53ad22f8-9aa6-4df9-95e5-75ee798e12dc": {
      "rowType": "Chart",
      "no": 43,
      "id": "53ad22f8-9aa6-4df9-95e5-75ee798e12dc",
      "displayName": "Plan ceremony arch",
      "textColumn1": "",
      "textColumn2": "",
      "textColumn3": "",
      "color": "DEF",
      "plannedStartDate": "2025/11/24",
      "plannedEndDate": "2025/11/28\r",
      "plannedDays": 4,
      "actualStartDate": "",
      "actualEndDate": "",
      "progress": "",
      "dependentId": "",
      "dependency": "",
      "isIncludeHolidays": false
    },
    "d0a87d4c-192c-4bcb-abab-a5618b0289c5": {
      "rowType": "Chart",
      "no": 44,
      "id": "d0a87d4c-192c-4bcb-abab-a5618b0289c5",
      "displayName": "Create seating chart",
      "textColumn1": "",
      "textColumn2": "",
      "textColumn3": "",
      "color": "ABC",
      "plannedStartDate": "2025/12/1",
      "plannedEndDate": "2025/12/5\r",
      "plannedDays": 5,
      "actualStartDate": "",
      "actualEndDate": "",
      "progress": "",
      "dependentId": "",
      "dependency": "",
      "isIncludeHolidays": false
    },
    "5fcf721f-6405-4982-9626-acafb28262dd": {
      "no": 45,
      "id": "5fcf721f-6405-4982-9626-acafb28262dd",
      "rowType": "Separator",
      "displayName": "Final Preparations",
      "isCollapsed": false,
      "minStartDate": "",
      "maxEndDate": "",
      "level": 0
    },
    "4f893482-1eb5-4399-9e46-e1ef3a33f415": {
      "no": 46,
      "id": "4f893482-1eb5-4399-9e46-e1ef3a33f415",
      "rowType": "Separator",
      "displayName": "Guest Management",
      "isCollapsed": false,
      "minStartDate": "2025-12-08",
      "maxEndDate": "2025-12-19",
      "level": 1
    },
    "06a36697-4cbc-437c-ae49-0b35d6160e51": {
      "rowType": "Chart",
      "no": 47,
      "id": "06a36697-4cbc-437c-ae49-0b35d6160e51",
      "displayName": "Send invitations",
      "textColumn1": "",
      "textColumn2": "",
      "textColumn3": "",
      "color": "ABC",
      "plannedStartDate": "2025/12/8",
      "plannedEndDate": "2025/12/10\r",
      "plannedDays": 3,
      "actualStartDate": "",
      "actualEndDate": "",
      "progress": "",
      "dependentId": "",
      "dependency": "",
      "isIncludeHolidays": false
    },
    "bd023224-1db8-47a6-88b6-eae6a117a413": {
      "no": 48,
      "id": "bd023224-1db8-47a6-88b6-eae6a117a413",
      "displayName": "Track RSVPs",
      "rowType": "Chart",
      "textColumn1": "",
      "textColumn2": "",
      "textColumn3": "",
      "color": "ABC",
      "plannedStartDate": "2025/12/11",
      "plannedEndDate": "2025/12/15\r",
      "plannedDays": 3,
      "actualStartDate": "",
      "actualEndDate": "",
      "progress": "",
      "dependentId": "",
      "dependency": "",
      "isIncludeHolidays": false
    },
    "02ba9785-6efd-4590-bfc1-a91cd6252070": {
      "no": 49,
      "id": "02ba9785-6efd-4590-bfc1-a91cd6252070",
      "displayName": "Finalize guest list",
      "rowType": "Chart",
      "textColumn1": "",
      "textColumn2": "",
      "textColumn3": "",
      "color": "ABC",
      "plannedStartDate": "2025/12/16",
      "plannedEndDate": "2025/12/17\r",
      "plannedDays": 2,
      "actualStartDate": "",
      "actualEndDate": "",
      "progress": "",
      "dependentId": "",
      "dependency": "",
      "isIncludeHolidays": false
    },
    "f27380e5-ba3e-49ca-8e5c-e8df81b5a70c": {
      "no": 50,
      "id": "f27380e5-ba3e-49ca-8e5c-e8df81b5a70c",
      "displayName": "Prepare place cards",
      "rowType": "Chart",
      "textColumn1": "",
      "textColumn2": "",
      "textColumn3": "",
      "color": "ABC",
      "plannedStartDate": "2025/12/18",
      "plannedEndDate": "2025/12/19\r",
      "plannedDays": 2,
      "actualStartDate": "",
      "actualEndDate": "",
      "progress": "",
      "dependentId": "",
      "dependency": "",
      "isIncludeHolidays": false
    },
    "808b3da3-a68d-491e-ace6-1d37edc475ca": {
      "no": 51,
      "id": "808b3da3-a68d-491e-ace6-1d37edc475ca",
      "rowType": "Separator",
      "displayName": "Wedding Day Coordination",
      "isCollapsed": false,
      "minStartDate": "2025-12-20",
      "maxEndDate": "2025-12-20",
      "level": 1
    },
    "c57245cb-1177-4fe3-9886-2ebdd9c27609": {
      "no": 52,
      "id": "c57245cb-1177-4fe3-9886-2ebdd9c27609",
      "displayName": "Coordinate vendor arrivals",
      "rowType": "Chart",
      "textColumn1": "",
      "textColumn2": "",
      "textColumn3": "",
      "color": "ABC",
      "plannedStartDate": "2025/12/20",
      "plannedEndDate": "2025/12/20\r",
      "plannedDays": 0,
      "actualStartDate": "",
      "actualEndDate": "",
      "progress": "",
      "dependentId": "",
      "dependency": "",
      "isIncludeHolidays": false
    },
    "f1fb7bd8-3c97-4291-a0fa-c2e0c96ffae6": {
      "no": 53,
      "id": "f1fb7bd8-3c97-4291-a0fa-c2e0c96ffae6",
      "displayName": "Oversee setup",
      "rowType": "Chart",
      "textColumn1": "",
      "textColumn2": "",
      "textColumn3": "",
      "color": "ABC",
      "plannedStartDate": "2025/12/20",
      "plannedEndDate": "2025/12/20\r",
      "plannedDays": 0,
      "actualStartDate": "",
      "actualEndDate": "",
      "progress": "",
      "dependentId": "",
      "dependency": "",
      "isIncludeHolidays": false
    },
    "c139c41e-b730-4d0a-945b-882325e1569d": {
      "no": 54,
      "id": "c139c41e-b730-4d0a-945b-882325e1569d",
      "displayName": "Manage ceremony",
      "rowType": "Chart",
      "textColumn1": "",
      "textColumn2": "",
      "textColumn3": "",
      "color": "ABC",
      "plannedStartDate": "2025/12/20",
      "plannedEndDate": "2025/12/20\r",
      "plannedDays": 0,
      "actualStartDate": "",
      "actualEndDate": "",
      "progress": "",
      "dependentId": "",
      "dependency": "",
      "isIncludeHolidays": false
    },
    "adba4fac-1c27-4579-9f81-7d4777e5f355": {
      "no": 55,
      "id": "adba4fac-1c27-4579-9f81-7d4777e5f355",
      "displayName": "Coordinate reception",
      "rowType": "Chart",
      "textColumn1": "",
      "textColumn2": "",
      "textColumn3": "",
      "color": "ABC",
      "plannedStartDate": "2025/12/20",
      "plannedEndDate": "2025/12/20",
      "plannedDays": 0,
      "actualStartDate": "",
      "actualEndDate": "",
      "progress": "",
      "dependentId": "",
      "dependency": "",
      "isIncludeHolidays": false
    },
    "428eb21e-88e2-430d-82ef-369ed2253856": {
      "no": 56,
      "id": "428eb21e-88e2-430d-82ef-369ed2253856",
      "displayName": "",
      "rowType": "Chart",
      "textColumn1": "",
      "textColumn2": "",
      "textColumn3": "",
      "color": "",
      "plannedStartDate": "",
      "plannedEndDate": "",
      "plannedDays": null,
      "actualStartDate": "",
      "actualEndDate": "",
      "progress": "",
      "dependentId": "",
      "dependency": "",
      "isIncludeHolidays": false
    },
    "abb6fe89-7c88-4154-adec-4996b608c91d": {
      "no": 57,
      "id": "abb6fe89-7c88-4154-adec-4996b608c91d",
      "displayName": "",
      "rowType": "Chart",
      "textColumn1": "",
      "textColumn2": "",
      "textColumn3": "",
      "color": "",
      "plannedStartDate": "",
      "plannedEndDate": "",
      "plannedDays": null,
      "actualStartDate": "",
      "actualEndDate": "",
      "progress": "",
      "dependentId": "",
      "dependency": "",
      "isIncludeHolidays": false
    },
    "9356b543-e56c-4ce2-9975-62fbe6695fb5": {
      "no": 58,
      "id": "9356b543-e56c-4ce2-9975-62fbe6695fb5",
      "displayName": "",
      "rowType": "Chart",
      "textColumn1": "",
      "textColumn2": "",
      "textColumn3": "",
      "color": "",
      "plannedStartDate": "",
      "plannedEndDate": "",
      "plannedDays": null,
      "actualStartDate": "",
      "actualEndDate": "",
      "progress": "",
      "dependentId": "",
      "dependency": "",
      "isIncludeHolidays": false
    },
    "d02942f1-058d-46f8-8221-7d47b9dea52d": {
      "no": 59,
      "id": "d02942f1-058d-46f8-8221-7d47b9dea52d",
      "displayName": "",
      "rowType": "Chart",
      "textColumn1": "",
      "textColumn2": "",
      "textColumn3": "",
      "color": "",
      "plannedStartDate": "",
      "plannedEndDate": "",
      "plannedDays": null,
      "actualStartDate": "",
      "actualEndDate": "",
      "progress": "",
      "dependentId": "",
      "dependency": "",
      "isIncludeHolidays": false
    },
    "4d31348e-8ce8-4e99-a37c-16b701e79ba1": {
      "no": 60,
      "id": "4d31348e-8ce8-4e99-a37c-16b701e79ba1",
      "displayName": "",
      "rowType": "Chart",
      "textColumn1": "",
      "textColumn2": "",
      "textColumn3": "",
      "color": "",
      "plannedStartDate": "",
      "plannedEndDate": "",
      "plannedDays": null,
      "actualStartDate": "",
      "actualEndDate": "",
      "progress": "",
      "dependentId": "",
      "dependency": "",
      "isIncludeHolidays": false
    },
    "7b310399-98fb-4e8c-b10e-d62c52c7177c": {
      "no": 61,
      "id": "7b310399-98fb-4e8c-b10e-d62c52c7177c",
      "displayName": "",
      "rowType": "Chart",
      "textColumn1": "",
      "textColumn2": "",
      "textColumn3": "",
      "color": "",
      "plannedStartDate": "",
      "plannedEndDate": "",
      "plannedDays": null,
      "actualStartDate": "",
      "actualEndDate": "",
      "progress": "",
      "dependentId": "",
      "dependency": "",
      "isIncludeHolidays": false
    },
    "0741a3b2-e38d-414c-a69d-8cf3241435e8": {
      "no": 62,
      "id": "0741a3b2-e38d-414c-a69d-8cf3241435e8",
      "displayName": "",
      "rowType": "Chart",
      "textColumn1": "",
      "textColumn2": "",
      "textColumn3": "",
      "color": "",
      "plannedStartDate": "",
      "plannedEndDate": "",
      "plannedDays": null,
      "actualStartDate": "",
      "actualEndDate": "",
      "progress": "",
      "dependentId": "",
      "dependency": "",
      "isIncludeHolidays": false
    },
    "e0927f93-3bcc-47a3-ae58-c0fb6315db45": {
      "no": 63,
      "id": "e0927f93-3bcc-47a3-ae58-c0fb6315db45",
      "displayName": "",
      "rowType": "Chart",
      "textColumn1": "",
      "textColumn2": "",
      "textColumn3": "",
      "color": "",
      "plannedStartDate": "",
      "plannedEndDate": "",
      "plannedDays": null,
      "actualStartDate": "",
      "actualEndDate": "",
      "progress": "",
      "dependentId": "",
      "dependency": "",
      "isIncludeHolidays": false
    },
    "caf174ef-a0b0-4dc1-93bb-ada8880468ae": {
      "no": 64,
      "id": "caf174ef-a0b0-4dc1-93bb-ada8880468ae",
      "displayName": "",
      "rowType": "Chart",
      "textColumn1": "",
      "textColumn2": "",
      "textColumn3": "",
      "color": "",
      "plannedStartDate": "",
      "plannedEndDate": "",
      "plannedDays": null,
      "actualStartDate": "",
      "actualEndDate": "",
      "progress": "",
      "dependentId": "",
      "dependency": "",
      "isIncludeHolidays": false
    },
    "9f3aaa61-a092-443a-b6e4-a9d3da84810c": {
      "no": 65,
      "id": "9f3aaa61-a092-443a-b6e4-a9d3da84810c",
      "displayName": "",
      "rowType": "Chart",
      "textColumn1": "",
      "textColumn2": "",
      "textColumn3": "",
      "color": "",
      "plannedStartDate": "",
      "plannedEndDate": "",
      "plannedDays": null,
      "actualStartDate": "",
      "actualEndDate": "",
      "progress": "",
      "dependentId": "",
      "dependency": "",
      "isIncludeHolidays": false
    },
    "b14c11eb-ae69-42c0-9203-9a179c5cb7f2": {
      "no": 66,
      "id": "b14c11eb-ae69-42c0-9203-9a179c5cb7f2",
      "displayName": "",
      "rowType": "Chart",
      "textColumn1": "",
      "textColumn2": "",
      "textColumn3": "",
      "color": "",
      "plannedStartDate": "",
      "plannedEndDate": "",
      "plannedDays": null,
      "actualStartDate": "",
      "actualEndDate": "",
      "progress": "",
      "dependentId": "",
      "dependency": "",
      "isIncludeHolidays": false
    },
    "f499835e-b87e-47bd-b5a1-e15756f148b8": {
      "no": 67,
      "id": "f499835e-b87e-47bd-b5a1-e15756f148b8",
      "displayName": "",
      "rowType": "Chart",
      "textColumn1": "",
      "textColumn2": "",
      "textColumn3": "",
      "color": "",
      "plannedStartDate": "",
      "plannedEndDate": "",
      "plannedDays": null,
      "actualStartDate": "",
      "actualEndDate": "",
      "progress": "",
      "dependentId": "",
      "dependency": "",
      "isIncludeHolidays": false
    },
    "a83aca86-a6b4-4ae7-98b0-650e1cac5d1d": {
      "no": 68,
      "id": "a83aca86-a6b4-4ae7-98b0-650e1cac5d1d",
      "displayName": "",
      "rowType": "Chart",
      "textColumn1": "",
      "textColumn2": "",
      "textColumn3": "",
      "color": "",
      "plannedStartDate": "",
      "plannedEndDate": "",
      "plannedDays": null,
      "actualStartDate": "",
      "actualEndDate": "",
      "progress": "",
      "dependentId": "",
      "dependency": "",
      "isIncludeHolidays": false
    },
    "5e0d8c1d-e14d-4337-bb96-4f27e9007ac7": {
      "no": 69,
      "id": "5e0d8c1d-e14d-4337-bb96-4f27e9007ac7",
      "displayName": "",
      "rowType": "Chart",
      "textColumn1": "",
      "textColumn2": "",
      "textColumn3": "",
      "color": "",
      "plannedStartDate": "",
      "plannedEndDate": "",
      "plannedDays": null,
      "actualStartDate": "",
      "actualEndDate": "",
      "progress": "",
      "dependentId": "",
      "dependency": "",
      "isIncludeHolidays": false
    },
    "031f5c6e-95a3-4d94-b701-d24c580364e4": {
      "no": 70,
      "id": "031f5c6e-95a3-4d94-b701-d24c580364e4",
      "displayName": "",
      "rowType": "Chart",
      "textColumn1": "",
      "textColumn2": "",
      "textColumn3": "",
      "color": "",
      "plannedStartDate": "",
      "plannedEndDate": "",
      "plannedDays": null,
      "actualStartDate": "",
      "actualEndDate": "",
      "progress": "",
      "dependentId": "",
      "dependency": "",
      "isIncludeHolidays": false
    },
    "808b1ef1-5e5e-4c45-8862-5798962ffd35": {
      "no": 71,
      "id": "808b1ef1-5e5e-4c45-8862-5798962ffd35",
      "displayName": "",
      "rowType": "Chart",
      "textColumn1": "",
      "textColumn2": "",
      "textColumn3": "",
      "color": "",
      "plannedStartDate": "",
      "plannedEndDate": "",
      "plannedDays": null,
      "actualStartDate": "",
      "actualEndDate": "",
      "progress": "",
      "dependentId": "",
      "dependency": "",
      "isIncludeHolidays": false
    },
    "a173e0e0-6849-40ab-afe8-68584db3b07f": {
      "no": 72,
      "id": "a173e0e0-6849-40ab-afe8-68584db3b07f",
      "displayName": "",
      "rowType": "Chart",
      "textColumn1": "",
      "textColumn2": "",
      "textColumn3": "",
      "color": "",
      "plannedStartDate": "",
      "plannedEndDate": "",
      "plannedDays": null,
      "actualStartDate": "",
      "actualEndDate": "",
      "progress": "",
      "dependentId": "",
      "dependency": "",
      "isIncludeHolidays": false
    },
    "fde034d2-4a6d-4aa8-bde5-fb80bcc0171d": {
      "no": 73,
      "id": "fde034d2-4a6d-4aa8-bde5-fb80bcc0171d",
      "displayName": "",
      "rowType": "Chart",
      "textColumn1": "",
      "textColumn2": "",
      "textColumn3": "",
      "color": "",
      "plannedStartDate": "",
      "plannedEndDate": "",
      "plannedDays": null,
      "actualStartDate": "",
      "actualEndDate": "",
      "progress": "",
      "dependentId": "",
      "dependency": "",
      "isIncludeHolidays": false
    },
    "66bdd9c5-56f6-4c7c-a06a-a9f46d953883": {
      "no": 74,
      "id": "66bdd9c5-56f6-4c7c-a06a-a9f46d953883",
      "displayName": "",
      "rowType": "Chart",
      "textColumn1": "",
      "textColumn2": "",
      "textColumn3": "",
      "color": "",
      "plannedStartDate": "",
      "plannedEndDate": "",
      "plannedDays": null,
      "actualStartDate": "",
      "actualEndDate": "",
      "progress": "",
      "dependentId": "",
      "dependency": "",
      "isIncludeHolidays": false
    },
    "e2535bba-7d78-4815-9c12-6c212436ac6c": {
      "no": 75,
      "id": "e2535bba-7d78-4815-9c12-6c212436ac6c",
      "displayName": "",
      "rowType": "Chart",
      "textColumn1": "",
      "textColumn2": "",
      "textColumn3": "",
      "color": "",
      "plannedStartDate": "",
      "plannedEndDate": "",
      "plannedDays": null,
      "actualStartDate": "",
      "actualEndDate": "",
      "progress": "",
      "dependentId": "",
      "dependency": "",
      "isIncludeHolidays": false
    },
    "a548cc9f-4d6c-48ea-a376-2d33e2038e2e": {
      "no": 76,
      "id": "a548cc9f-4d6c-48ea-a376-2d33e2038e2e",
      "displayName": "",
      "rowType": "Chart",
      "textColumn1": "",
      "textColumn2": "",
      "textColumn3": "",
      "color": "",
      "plannedStartDate": "",
      "plannedEndDate": "",
      "plannedDays": null,
      "actualStartDate": "",
      "actualEndDate": "",
      "progress": "",
      "dependentId": "",
      "dependency": "",
      "isIncludeHolidays": false
    },
    "34916ff8-a245-4215-9da9-07e55af2f562": {
      "no": 77,
      "id": "34916ff8-a245-4215-9da9-07e55af2f562",
      "displayName": "",
      "rowType": "Chart",
      "textColumn1": "",
      "textColumn2": "",
      "textColumn3": "",
      "color": "",
      "plannedStartDate": "",
      "plannedEndDate": "",
      "plannedDays": null,
      "actualStartDate": "",
      "actualEndDate": "",
      "progress": "",
      "dependentId": "",
      "dependency": "",
      "isIncludeHolidays": false
    },
    "6d328c4e-755a-44f4-8c6a-988b22370d9d": {
      "no": 78,
      "id": "6d328c4e-755a-44f4-8c6a-988b22370d9d",
      "displayName": "",
      "rowType": "Chart",
      "textColumn1": "",
      "textColumn2": "",
      "textColumn3": "",
      "color": "",
      "plannedStartDate": "",
      "plannedEndDate": "",
      "plannedDays": null,
      "actualStartDate": "",
      "actualEndDate": "",
      "progress": "",
      "dependentId": "",
      "dependency": "",
      "isIncludeHolidays": false
    },
    "9bd3f3d7-70cd-4bb3-81ba-cd97b227a3a2": {
      "no": 79,
      "id": "9bd3f3d7-70cd-4bb3-81ba-cd97b227a3a2",
      "displayName": "",
      "rowType": "Chart",
      "textColumn1": "",
      "textColumn2": "",
      "textColumn3": "",
      "color": "",
      "plannedStartDate": "",
      "plannedEndDate": "",
      "plannedDays": null,
      "actualStartDate": "",
      "actualEndDate": "",
      "progress": "",
      "dependentId": "",
      "dependency": "",
      "isIncludeHolidays": false
    },
    "e67ac73e-49ee-47fa-bfbf-21b10c07abd8": {
      "no": 80,
      "id": "e67ac73e-49ee-47fa-bfbf-21b10c07abd8",
      "displayName": "",
      "rowType": "Chart",
      "textColumn1": "",
      "textColumn2": "",
      "textColumn3": "",
      "color": "",
      "plannedStartDate": "",
      "plannedEndDate": "",
      "plannedDays": null,
      "actualStartDate": "",
      "actualEndDate": "",
      "progress": "",
      "dependentId": "",
      "dependency": "",
      "isIncludeHolidays": false
    },
    "29677679-0439-4a30-8c8f-59cf407bee07": {
      "no": 81,
      "id": "29677679-0439-4a30-8c8f-59cf407bee07",
      "displayName": "",
      "rowType": "Chart",
      "textColumn1": "",
      "textColumn2": "",
      "textColumn3": "",
      "color": "",
      "plannedStartDate": "",
      "plannedEndDate": "",
      "plannedDays": null,
      "actualStartDate": "",
      "actualEndDate": "",
      "progress": "",
      "dependentId": "",
      "dependency": "",
      "isIncludeHolidays": false
    },
    "f622de9b-42ef-466b-99e7-d6c119b60a4c": {
      "no": 82,
      "id": "f622de9b-42ef-466b-99e7-d6c119b60a4c",
      "displayName": "",
      "rowType": "Chart",
      "textColumn1": "",
      "textColumn2": "",
      "textColumn3": "",
      "color": "",
      "plannedStartDate": "",
      "plannedEndDate": "",
      "plannedDays": null,
      "actualStartDate": "",
      "actualEndDate": "",
      "progress": "",
      "dependentId": "",
      "dependency": "",
      "isIncludeHolidays": false
    },
    "39777384-6e3d-40ad-b067-c7d3906031c1": {
      "no": 83,
      "id": "39777384-6e3d-40ad-b067-c7d3906031c1",
      "displayName": "",
      "rowType": "Chart",
      "textColumn1": "",
      "textColumn2": "",
      "textColumn3": "",
      "color": "",
      "plannedStartDate": "",
      "plannedEndDate": "",
      "plannedDays": null,
      "actualStartDate": "",
      "actualEndDate": "",
      "progress": "",
      "dependentId": "",
      "dependency": "",
      "isIncludeHolidays": false
    },
    "2a05b2a6-7cc5-4bd9-8905-4b9966db0fc6": {
      "no": 84,
      "id": "2a05b2a6-7cc5-4bd9-8905-4b9966db0fc6",
      "displayName": "",
      "rowType": "Chart",
      "textColumn1": "",
      "textColumn2": "",
      "textColumn3": "",
      "color": "",
      "plannedStartDate": "",
      "plannedEndDate": "",
      "plannedDays": null,
      "actualStartDate": "",
      "actualEndDate": "",
      "progress": "",
      "dependentId": "",
      "dependency": "",
      "isIncludeHolidays": false
    },
    "c8b368e5-3477-4aa0-8079-84ed2bb15035": {
      "no": 85,
      "id": "c8b368e5-3477-4aa0-8079-84ed2bb15035",
      "displayName": "",
      "rowType": "Chart",
      "textColumn1": "",
      "textColumn2": "",
      "textColumn3": "",
      "color": "",
      "plannedStartDate": "",
      "plannedEndDate": "",
      "plannedDays": null,
      "actualStartDate": "",
      "actualEndDate": "",
      "progress": "",
      "dependentId": "",
      "dependency": "",
      "isIncludeHolidays": false
    },
    "d17af04e-4e70-48a9-aec7-cf3e4aac9ad6": {
      "no": 86,
      "id": "d17af04e-4e70-48a9-aec7-cf3e4aac9ad6",
      "displayName": "",
      "rowType": "Chart",
      "textColumn1": "",
      "textColumn2": "",
      "textColumn3": "",
      "color": "",
      "plannedStartDate": "",
      "plannedEndDate": "",
      "plannedDays": null,
      "actualStartDate": "",
      "actualEndDate": "",
      "progress": "",
      "dependentId": "",
      "dependency": "",
      "isIncludeHolidays": false
    },
    "2002e4cc-e89b-4aef-82a7-88c339b4541e": {
      "no": 87,
      "id": "2002e4cc-e89b-4aef-82a7-88c339b4541e",
      "displayName": "",
      "rowType": "Chart",
      "textColumn1": "",
      "textColumn2": "",
      "textColumn3": "",
      "color": "",
      "plannedStartDate": "",
      "plannedEndDate": "",
      "plannedDays": null,
      "actualStartDate": "",
      "actualEndDate": "",
      "progress": "",
      "dependentId": "",
      "dependency": "",
      "isIncludeHolidays": false
    },
    "fbd6b370-f194-4fa1-bbf2-7482edf61b8b": {
      "no": 88,
      "id": "fbd6b370-f194-4fa1-bbf2-7482edf61b8b",
      "displayName": "",
      "rowType": "Chart",
      "textColumn1": "",
      "textColumn2": "",
      "textColumn3": "",
      "color": "",
      "plannedStartDate": "",
      "plannedEndDate": "",
      "plannedDays": null,
      "actualStartDate": "",
      "actualEndDate": "",
      "progress": "",
      "dependentId": "",
      "dependency": "",
      "isIncludeHolidays": false
    },
    "da3b3a8b-3acd-41a5-b5ae-6ff1839d16dc": {
      "no": 89,
      "id": "da3b3a8b-3acd-41a5-b5ae-6ff1839d16dc",
      "displayName": "",
      "rowType": "Chart",
      "textColumn1": "",
      "textColumn2": "",
      "textColumn3": "",
      "color": "",
      "plannedStartDate": "",
      "plannedEndDate": "",
      "plannedDays": null,
      "actualStartDate": "",
      "actualEndDate": "",
      "progress": "",
      "dependentId": "",
      "dependency": "",
      "isIncludeHolidays": false
    },
    "6ec5b58d-4145-42e8-b174-1a800654a12b": {
      "no": 90,
      "id": "6ec5b58d-4145-42e8-b174-1a800654a12b",
      "displayName": "",
      "rowType": "Chart",
      "textColumn1": "",
      "textColumn2": "",
      "textColumn3": "",
      "color": "",
      "plannedStartDate": "",
      "plannedEndDate": "",
      "plannedDays": null,
      "actualStartDate": "",
      "actualEndDate": "",
      "progress": "",
      "dependentId": "",
      "dependency": "",
      "isIncludeHolidays": false
    },
    "07abff18-3826-4b80-84c6-8345c3e82f95": {
      "no": 91,
      "id": "07abff18-3826-4b80-84c6-8345c3e82f95",
      "displayName": "",
      "rowType": "Chart",
      "textColumn1": "",
      "textColumn2": "",
      "textColumn3": "",
      "color": "",
      "plannedStartDate": "",
      "plannedEndDate": "",
      "plannedDays": null,
      "actualStartDate": "",
      "actualEndDate": "",
      "progress": "",
      "dependentId": "",
      "dependency": "",
      "isIncludeHolidays": false
    },
    "08b85de2-7b0b-4586-8b71-fb3aad7619c1": {
      "no": 92,
      "id": "08b85de2-7b0b-4586-8b71-fb3aad7619c1",
      "displayName": "",
      "rowType": "Chart",
      "textColumn1": "",
      "textColumn2": "",
      "textColumn3": "",
      "color": "",
      "plannedStartDate": "",
      "plannedEndDate": "",
      "plannedDays": null,
      "actualStartDate": "",
      "actualEndDate": "",
      "progress": "",
      "dependentId": "",
      "dependency": "",
      "isIncludeHolidays": false
    },
    "d7e1850b-4314-4204-aa83-744b268615ca": {
      "no": 93,
      "id": "d7e1850b-4314-4204-aa83-744b268615ca",
      "displayName": "",
      "rowType": "Chart",
      "textColumn1": "",
      "textColumn2": "",
      "textColumn3": "",
      "color": "",
      "plannedStartDate": "",
      "plannedEndDate": "",
      "plannedDays": null,
      "actualStartDate": "",
      "actualEndDate": "",
      "progress": "",
      "dependentId": "",
      "dependency": "",
      "isIncludeHolidays": false
    },
    "b7722ce6-27e4-4d73-8134-1b1c925e88b0": {
      "no": 94,
      "id": "b7722ce6-27e4-4d73-8134-1b1c925e88b0",
      "displayName": "",
      "rowType": "Chart",
      "textColumn1": "",
      "textColumn2": "",
      "textColumn3": "",
      "color": "",
      "plannedStartDate": "",
      "plannedEndDate": "",
      "plannedDays": null,
      "actualStartDate": "",
      "actualEndDate": "",
      "progress": "",
      "dependentId": "",
      "dependency": "",
      "isIncludeHolidays": false
    },
    "f7f141af-514f-4545-bcc8-789122cbe7ad": {
      "no": 95,
      "id": "f7f141af-514f-4545-bcc8-789122cbe7ad",
      "displayName": "",
      "rowType": "Chart",
      "textColumn1": "",
      "textColumn2": "",
      "textColumn3": "",
      "color": "",
      "plannedStartDate": "",
      "plannedEndDate": "",
      "plannedDays": null,
      "actualStartDate": "",
      "actualEndDate": "",
      "progress": "",
      "dependentId": "",
      "dependency": "",
      "isIncludeHolidays": false
    },
    "610b8a53-4cec-4287-ae4a-8445c78bd170": {
      "no": 96,
      "id": "610b8a53-4cec-4287-ae4a-8445c78bd170",
      "displayName": "",
      "rowType": "Chart",
      "textColumn1": "",
      "textColumn2": "",
      "textColumn3": "",
      "color": "",
      "plannedStartDate": "",
      "plannedEndDate": "",
      "plannedDays": null,
      "actualStartDate": "",
      "actualEndDate": "",
      "progress": "",
      "dependentId": "",
      "dependency": "",
      "isIncludeHolidays": false
    },
    "dcc1dec6-5440-4b9b-ade9-8bd4f00165c0": {
      "no": 97,
      "id": "dcc1dec6-5440-4b9b-ade9-8bd4f00165c0",
      "displayName": "",
      "rowType": "Chart",
      "textColumn1": "",
      "textColumn2": "",
      "textColumn3": "",
      "color": "",
      "plannedStartDate": "",
      "plannedEndDate": "",
      "plannedDays": null,
      "actualStartDate": "",
      "actualEndDate": "",
      "progress": "",
      "dependentId": "",
      "dependency": "",
      "isIncludeHolidays": false
    },
    "48f1ed1d-3f2b-4b73-8b42-800eb936e329": {
      "no": 98,
      "id": "48f1ed1d-3f2b-4b73-8b42-800eb936e329",
      "displayName": "",
      "rowType": "Chart",
      "textColumn1": "",
      "textColumn2": "",
      "textColumn3": "",
      "color": "",
      "plannedStartDate": "",
      "plannedEndDate": "",
      "plannedDays": null,
      "actualStartDate": "",
      "actualEndDate": "",
      "progress": "",
      "dependentId": "",
      "dependency": "",
      "isIncludeHolidays": false
    }
  },
  "holidayInput": "01/01/2022 Sat New Year's Day\r\n01/17/2022 Mon Martin Luther King Jr. Day\r\n02/21/2022 Mon Washington's Birthday\r\n05/30/2022 Mon Memorial Day\r\n06/19/2022 Sun Juneteenth\r\n06/20/2022 Mon Juneteenth (substitute day)\r\n07/04/2022 Mon Independence Day\r\n09/05/2022 Mon Labour Day\r\n10/10/2022 Mon Columbus Day\r\n11/11/2022 Fri Veterans Day\r\n11/24/2022 Thu Thanksgiving Day\r\n12/24/2022 Sat Christmas Eve\r\n12/25/2022 Sun Christmas Day\r\n12/26/2022 Mon Christmas Day (substitute day)\r\n01/01/2023 Sun New Year's Day\r\n01/02/2023 Mon New Year's Day (substitute day)\r\n01/16/2023 Mon Martin Luther King Jr. Day\r\n02/20/2023 Mon Washington's Birthday\r\n05/29/2023 Mon Memorial Day\r\n06/19/2023 Mon Juneteenth\r\n07/04/2023 Tue Independence Day\r\n09/04/2023 Mon Labour Day\r\n10/09/2023 Mon Columbus Day\r\n11/10/2023 Fri Veterans Day (substitute day)\r\n11/11/2023 Sat Veterans Day\r\n11/23/2023 Thu Thanksgiving Day\r\n12/24/2023 Sun Christmas Eve\r\n12/25/2023 Mon Christmas Day\r\n01/01/2024 Mon New Year's Day\r\n01/15/2024 Mon Martin Luther King Jr. Day\r\n02/19/2024 Mon Washington's Birthday\r\n05/27/2024 Mon Memorial Day\r\n06/19/2024 Wed Juneteenth\r\n07/04/2024 Thu Independence Day\r\n09/02/2024 Mon Labour Day\r\n10/14/2024 Mon Columbus Day\r\n11/11/2024 Mon Veterans Day\r\n11/28/2024 Thu Thanksgiving Day\r\n12/24/2024 Tue Christmas Eve\r\n12/25/2024 Wed Christmas Day\r\n01/01/2025 Wed New Year's Day\r\n01/20/2025 Mon Martin Luther King Jr. Day\r\n02/17/2025 Mon Washington's Birthday\r\n05/26/2025 Mon Memorial Day\r\n06/19/2025 Thu Juneteenth\r\n07/04/2025 Fri Independence Day\r\n09/01/2025 Mon Labour Day\r\n10/13/2025 Mon Columbus Day\r\n11/11/2025 Tue Veterans Day\r\n11/27/2025 Thu Thanksgiving Day\r\n12/24/2025 Wed Christmas Eve\r\n12/25/2025 Thu Christmas Day\r\n01/01/2026 Thu New Year's Day\r\n01/19/2026 Mon Martin Luther King Jr. Day\r\n02/16/2026 Mon Washington's Birthday\r\n05/25/2026 Mon Memorial Day\r\n06/19/2026 Fri Juneteenth\r\n07/03/2026 Fri Independence Day (substitute day)\r\n07/04/2026 Sat Independence Day\r\n09/07/2026 Mon Labour Day\r\n10/12/2026 Mon Columbus Day\r\n11/11/2026 Wed Veterans Day\r\n11/26/2026 Thu Thanksgiving Day\r\n12/24/2026 Thu Christmas Eve\r\n12/25/2026 Fri Christmas Day\r\n01/01/2027 Fri New Year's Day\r\n01/18/2027 Mon Martin Luther King Jr. Day\r\n02/15/2027 Mon Washington's Birthday\r\n05/31/2027 Mon Memorial Day\r\n06/18/2027 Fri Juneteenth (substitute day)\r\n06/19/2027 Sat Juneteenth\r\n07/04/2027 Sun Independence Day\r\n07/05/2027 Mon Independence Day (substitute day)\r\n09/06/2027 Mon Labour Day\r\n10/11/2027 Mon Columbus Day\r\n11/11/2027 Thu Veterans Day\r\n11/25/2027 Thu Thanksgiving Day\r\n12/24/2027 Fri Christmas Day (substitute day)\r\n12/24/2027 Fri Christmas Eve\r\n12/25/2027 Sat Christmas Day\r\n12/31/2027 Fri New Year's Day (substitute day)\r\n01/01/2028 Sat New Year's Day\r\n01/17/2028 Mon Martin Luther King Jr. Day\r\n02/21/2028 Mon Washington's Birthday\r\n05/29/2028 Mon Memorial Day\r\n06/19/2028 Mon Juneteenth\r\n07/04/2028 Tue Independence Day\r\n09/04/2028 Mon Labour Day\r\n10/09/2028 Mon Columbus Day\r\n11/10/2028 Fri Veterans Day (substitute day)\r\n11/11/2028 Sat Veterans Day\r\n11/23/2028 Thu Thanksgiving Day\r\n12/24/2028 Sun Christmas Eve\r\n12/25/2028 Mon Christmas Day\r\n01/01/2029 Mon New Year's Day\r\n01/15/2029 Mon Martin Luther King Jr. Day\r\n02/19/2029 Mon Washington's Birthday\r\n05/28/2029 Mon Memorial Day\r\n06/19/2029 Tue Juneteenth\r\n07/04/2029 Wed Independence Day\r\n09/03/2029 Mon Labour Day\r\n10/08/2029 Mon Columbus Day\r\n11/11/2029 Sun Veterans Day\r\n11/12/2029 Mon Veterans Day (substitute day)\r\n11/22/2029 Thu Thanksgiving Day\r\n12/24/2029 Mon Christmas Eve\r\n12/25/2029 Tue Christmas Day",
  "holidayColor": {
    "color": "rgba(239, 239, 239, 1)",
    "subColor": "rgba(239,239,239,0.5)"
  },
  "regularDaysOffSetting": {
    "1": {
      "color": "#d9e6ff",
      "subColor": "#d9e6ff80",
      "days": []
    },
    "2": {
      "color": "#ffdcdc",
      "subColor": "#ffdcdc80",
      "days": []
    },
    "3": {
      "color": "#EFEFEF",
      "subColor": "#EFEFEF80",
      "days": [
        0,
        6
      ]
    }
  },
  "wbsWidth": 583,
  "calendarWidth": 4508,
  "cellWidth": 11.5,
  "title": "【Sample】Wedding Planning Project",
  "showYear": false,
  "dateFormat": "M/d/yyyy",
  "treeData": [],
  "noteData": {},
  "language": "en"
}