{
  "colors": {
    "1": {
      "alias": "ABC",
      "color": "rgba(112, 236, 255, 0.58)"
    },
    "2": {
      "alias": "",
      "color": "#70b0ff51"
    },
    "3": {
      "alias": "",
      "color": "#8a70ff51"
    },
    "4": {
      "alias": "DEF",
      "color": "rgba(255, 112, 234, 0.46)"
    },
    "5": {
      "alias": "",
      "color": "#ff707051"
    },
    "6": {
      "alias": "",
      "color": "#fffe7051"
    },
    "7": {
      "alias": "GHI",
      "color": "rgba(118, 255, 112, 0.54)"
    },
    "8": {
      "alias": "",
      "color": "#76ff7051"
    },
    "9": {
      "alias": "",
      "color": "#76ff7051"
    },
    "10": {
      "alias": "",
      "color": "#76ff7051"
    },
    "999": {
      "alias": "",
      "color": "#0000003d"
    }
  },
  "dateRange": {
    "startDate": "2025-06-01",
    "endDate": "2026-06-27"
  },
  "columns": [
    {
      "columnId": "no",
      "columnName": "No",
      "width": 37,
      "resizable": false,
      "visible": true,
      "defaultColumnName": "No",
      "shouldTranslate": true
    },
    {
      "columnId": "displayName",
      "columnName": "DisplayName",
      "width": 246,
      "resizable": true,
      "reorderable": true,
      "visible": true,
      "defaultColumnName": "DisplayName",
      "shouldTranslate": true
    },
    {
      "columnId": "color",
      "columnName": "Color",
      "width": 50,
      "resizable": true,
      "reorderable": true,
      "visible": true,
      "defaultColumnName": "Color",
      "shouldTranslate": true
    },
    {
      "columnId": "plannedStartDate",
      "columnName": "PlanS",
      "width": 50,
      "resizable": true,
      "reorderable": true,
      "visible": true,
      "defaultColumnName": "PlanS",
      "shouldTranslate": true
    },
    {
      "columnId": "plannedEndDate",
      "columnName": "PlanE",
      "width": 50,
      "resizable": true,
      "reorderable": true,
      "visible": true,
      "defaultColumnName": "PlanE",
      "shouldTranslate": true
    },
    {
      "columnId": "plannedDays",
      "columnName": "Days",
      "width": 40,
      "resizable": true,
      "reorderable": true,
      "visible": true,
      "defaultColumnName": "Days",
      "shouldTranslate": true
    },
    {
      "columnId": "actualStartDate",
      "columnName": "ActS",
      "width": 50,
      "resizable": true,
      "reorderable": true,
      "visible": false,
      "defaultColumnName": "ActS",
      "shouldTranslate": true
    },
    {
      "columnId": "actualEndDate",
      "columnName": "ActE",
      "width": 50,
      "resizable": true,
      "reorderable": true,
      "visible": false,
      "defaultColumnName": "ActE",
      "shouldTranslate": true
    },
    {
      "columnId": "progress",
      "columnName": "Prog",
      "width": 50,
      "resizable": true,
      "reorderable": true,
      "visible": false,
      "defaultColumnName": "Prog",
      "shouldTranslate": true
    },
    {
      "columnId": "dependency",
      "columnName": "Dep",
      "width": 60,
      "resizable": true,
      "reorderable": true,
      "visible": true,
      "defaultColumnName": "Dep",
      "shouldTranslate": true
    },
    {
      "columnId": "textColumn1",
      "columnName": "Text1",
      "width": 50,
      "resizable": true,
      "reorderable": true,
      "visible": false,
      "defaultColumnName": "Text1",
      "shouldTranslate": true
    },
    {
      "columnId": "textColumn2",
      "columnName": "Text2",
      "width": 50,
      "resizable": true,
      "reorderable": true,
      "visible": false,
      "defaultColumnName": "Text2",
      "shouldTranslate": true
    },
    {
      "columnId": "textColumn3",
      "columnName": "Text3",
      "width": 50,
      "resizable": true,
      "reorderable": true,
      "visible": false,
      "defaultColumnName": "Text3",
      "shouldTranslate": true
    },
    {
      "columnId": "isIncludeHolidays",
      "columnName": "IncHol",
      "width": 50,
      "resizable": true,
      "reorderable": true,
      "visible": true,
      "defaultColumnName": "IncHol",
      "shouldTranslate": true
    }
  ],
  "data": {
    "52c37916-5b8a-4fc9-85d3-9b5cfe47b028": {
      "no": 1,
      "id": "52c37916-5b8a-4fc9-85d3-9b5cfe47b028",
      "rowType": "Separator",
      "displayName": "Concept & Planning",
      "isCollapsed": false,
      "minStartDate": "",
      "maxEndDate": "",
      "level": 0
    },
    "6da736af-2fd6-49d7-ad16-dfb9bfa720df": {
      "no": 2,
      "id": "6da736af-2fd6-49d7-ad16-dfb9bfa720df",
      "rowType": "Separator",
      "displayName": "Restaurant Concept",
      "isCollapsed": false,
      "minStartDate": "2025-06-09",
      "maxEndDate": "2025-07-04",
      "level": 1
    },
    "06211924-ec6a-4a99-a3f1-a8ef41cb8eb2": {
      "no": 3,
      "id": "06211924-ec6a-4a99-a3f1-a8ef41cb8eb2",
      "displayName": "Define cuisine and concept",
      "rowType": "Chart",
      "textColumn1": "",
      "textColumn2": "",
      "textColumn3": "",
      "color": "ABC",
      "plannedStartDate": "2025/6/9",
      "plannedEndDate": "2025/6/13\r",
      "plannedDays": 5,
      "actualStartDate": "",
      "actualEndDate": "",
      "progress": "",
      "dependentId": "",
      "dependency": "",
      "isIncludeHolidays": false
    },
    "2ced0acb-6ebf-4869-b823-06d2d66c89bd": {
      "no": 4,
      "id": "2ced0acb-6ebf-4869-b823-06d2d66c89bd",
      "displayName": "Create business plan",
      "rowType": "Chart",
      "textColumn1": "",
      "textColumn2": "",
      "textColumn3": "",
      "color": "ABC",
      "plannedStartDate": "2025/6/16",
      "plannedEndDate": "2025/6/20\r",
      "plannedDays": 4,
      "actualStartDate": "",
      "actualEndDate": "",
      "progress": "",
      "dependentId": "",
      "dependency": "",
      "isIncludeHolidays": false
    },
    "6287e3dd-d2a8-4960-b1a5-257b5cc283b4": {
      "no": 5,
      "id": "6287e3dd-d2a8-4960-b1a5-257b5cc283b4",
      "displayName": "Secure funding",
      "rowType": "Chart",
      "textColumn1": "",
      "textColumn2": "",
      "textColumn3": "",
      "color": "ABC",
      "plannedStartDate": "2025/6/23",
      "plannedEndDate": "2025/6/27\r",
      "plannedDays": 5,
      "actualStartDate": "",
      "actualEndDate": "",
      "progress": "",
      "dependentId": "",
      "dependency": "",
      "isIncludeHolidays": false
    },
    "a94389c1-a64e-4cb9-9591-10cdbf7bab59": {
      "no": 6,
      "id": "a94389c1-a64e-4cb9-9591-10cdbf7bab59",
      "displayName": "Choose restaurant name",
      "rowType": "Chart",
      "textColumn1": "",
      "textColumn2": "",
      "textColumn3": "",
      "color": "ABC",
      "plannedStartDate": "2025/6/30",
      "plannedEndDate": "2025/7/4\r",
      "plannedDays": 4,
      "actualStartDate": "",
      "actualEndDate": "",
      "progress": "",
      "dependentId": "",
      "dependency": "",
      "isIncludeHolidays": false
    },
    "67871e44-1b8c-4865-a7bf-686887e8bf0c": {
      "no": 7,
      "id": "67871e44-1b8c-4865-a7bf-686887e8bf0c",
      "rowType": "Separator",
      "displayName": "Market Research",
      "isCollapsed": false,
      "minStartDate": "2025-07-07",
      "maxEndDate": "2025-08-01",
      "level": 1
    },
    "2295373b-bbe1-428f-be1e-5261e5fb5bae": {
      "no": 8,
      "id": "2295373b-bbe1-428f-be1e-5261e5fb5bae",
      "displayName": "Analyze target market",
      "rowType": "Chart",
      "textColumn1": "",
      "textColumn2": "",
      "textColumn3": "",
      "color": "ABC",
      "plannedStartDate": "2025/7/7",
      "plannedEndDate": "2025/7/11\r",
      "plannedDays": 5,
      "actualStartDate": "",
      "actualEndDate": "",
      "progress": "",
      "dependentId": "",
      "dependency": "",
      "isIncludeHolidays": false
    },
    "5a8bb4c3-9471-4611-bf5f-7023da57e68e": {
      "no": 9,
      "id": "5a8bb4c3-9471-4611-bf5f-7023da57e68e",
      "displayName": "Study competitors",
      "rowType": "Chart",
      "textColumn1": "",
      "textColumn2": "",
      "textColumn3": "",
      "color": "ABC",
      "plannedStartDate": "2025/7/14",
      "plannedEndDate": "2025/7/18\r",
      "plannedDays": 5,
      "actualStartDate": "",
      "actualEndDate": "",
      "progress": "",
      "dependentId": "",
      "dependency": "",
      "isIncludeHolidays": false
    },
    "3a17cb28-a298-43b0-b8f4-eac323ae59fa": {
      "no": 10,
      "id": "3a17cb28-a298-43b0-b8f4-eac323ae59fa",
      "displayName": "Select location",
      "rowType": "Chart",
      "textColumn1": "",
      "textColumn2": "",
      "textColumn3": "",
      "color": "ABC",
      "plannedStartDate": "2025/7/21",
      "plannedEndDate": "2025/7/25\r",
      "plannedDays": 5,
      "actualStartDate": "",
      "actualEndDate": "",
      "progress": "",
      "dependentId": "",
      "dependency": "",
      "isIncludeHolidays": false
    },
    "01a60757-1083-45d3-86e9-aba7bc6c3edb": {
      "no": 11,
      "id": "01a60757-1083-45d3-86e9-aba7bc6c3edb",
      "displayName": "Negotiate lease terms",
      "rowType": "Chart",
      "textColumn1": "",
      "textColumn2": "",
      "textColumn3": "",
      "color": "ABC",
      "plannedStartDate": "2025/7/28",
      "plannedEndDate": "2025/8/1\r",
      "plannedDays": 5,
      "actualStartDate": "",
      "actualEndDate": "",
      "progress": "",
      "dependentId": "",
      "dependency": "",
      "isIncludeHolidays": false
    },
    "9e5fc847-5bb7-4fd6-a3c0-2a547602c0cd": {
      "no": 12,
      "id": "9e5fc847-5bb7-4fd6-a3c0-2a547602c0cd",
      "rowType": "Separator",
      "displayName": "Legal & Permits",
      "isCollapsed": false,
      "minStartDate": "",
      "maxEndDate": "",
      "level": 0
    },
    "82c1c880-8ae1-4974-a1e8-eaad2a75bdd8": {
      "no": 13,
      "id": "82c1c880-8ae1-4974-a1e8-eaad2a75bdd8",
      "rowType": "Separator",
      "displayName": "Business Registration",
      "isCollapsed": false,
      "minStartDate": "2025-08-04",
      "maxEndDate": "2025-08-29",
      "level": 1
    },
    "c160fdad-121a-49cc-ac86-d77e68ef30d9": {
      "no": 14,
      "id": "c160fdad-121a-49cc-ac86-d77e68ef30d9",
      "displayName": "Register business entity",
      "rowType": "Chart",
      "textColumn1": "",
      "textColumn2": "",
      "textColumn3": "",
      "color": "ABC",
      "plannedStartDate": "2025/8/4",
      "plannedEndDate": "2025/8/8\r",
      "plannedDays": 5,
      "actualStartDate": "",
      "actualEndDate": "",
      "progress": "",
      "dependentId": "",
      "dependency": "",
      "isIncludeHolidays": false
    },
    "9342ac2f-6601-46df-b6c6-4ba0e88d1eff": {
      "no": 15,
      "id": "9342ac2f-6601-46df-b6c6-4ba0e88d1eff",
      "displayName": "Obtain business license",
      "rowType": "Chart",
      "textColumn1": "",
      "textColumn2": "",
      "textColumn3": "",
      "color": "ABC",
      "plannedStartDate": "2025/8/11",
      "plannedEndDate": "2025/8/15\r",
      "plannedDays": 5,
      "actualStartDate": "",
      "actualEndDate": "",
      "progress": "",
      "dependentId": "",
      "dependency": "",
      "isIncludeHolidays": false
    },
    "38555b6c-ba1b-4eb0-97d4-7a73addd66a0": {
      "no": 16,
      "id": "38555b6c-ba1b-4eb0-97d4-7a73addd66a0",
      "displayName": "Apply for liquor license",
      "rowType": "Chart",
      "textColumn1": "",
      "textColumn2": "",
      "textColumn3": "",
      "color": "ABC",
      "plannedStartDate": "2025/8/18",
      "plannedEndDate": "2025/8/22\r",
      "plannedDays": 5,
      "actualStartDate": "",
      "actualEndDate": "",
      "progress": "",
      "dependentId": "",
      "dependency": "",
      "isIncludeHolidays": false
    },
    "f72a2cfe-855a-4b36-9e5b-90a2d08c0562": {
      "no": 17,
      "id": "f72a2cfe-855a-4b36-9e5b-90a2d08c0562",
      "displayName": "Get food service permits",
      "rowType": "Chart",
      "textColumn1": "",
      "textColumn2": "",
      "textColumn3": "",
      "color": "ABC",
      "plannedStartDate": "2025/8/25",
      "plannedEndDate": "2025/8/29\r",
      "plannedDays": 5,
      "actualStartDate": "",
      "actualEndDate": "",
      "progress": "",
      "dependentId": "",
      "dependency": "",
      "isIncludeHolidays": false
    },
    "541348c8-ac00-4fb5-8ba6-4f260f244a1b": {
      "no": 18,
      "id": "541348c8-ac00-4fb5-8ba6-4f260f244a1b",
      "rowType": "Separator",
      "displayName": "Insurance & Compliance",
      "isCollapsed": false,
      "minStartDate": "2025-09-01",
      "maxEndDate": "2025-09-26",
      "level": 1
    },
    "f504c95d-7605-4621-8138-d8f2150924ba": {
      "no": 19,
      "id": "f504c95d-7605-4621-8138-d8f2150924ba",
      "displayName": "Secure liability insurance",
      "rowType": "Chart",
      "textColumn1": "",
      "textColumn2": "",
      "textColumn3": "",
      "color": "ABC",
      "plannedStartDate": "2025/9/1",
      "plannedEndDate": "2025/9/5\r",
      "plannedDays": 4,
      "actualStartDate": "",
      "actualEndDate": "",
      "progress": "",
      "dependentId": "",
      "dependency": "",
      "isIncludeHolidays": false
    },
    "3de90ef3-1648-45df-a6e1-6fd50aa7adaf": {
      "no": 20,
      "id": "3de90ef3-1648-45df-a6e1-6fd50aa7adaf",
      "displayName": "Get workers compensation",
      "rowType": "Chart",
      "textColumn1": "",
      "textColumn2": "",
      "textColumn3": "",
      "color": "ABC",
      "plannedStartDate": "2025/9/8",
      "plannedEndDate": "2025/9/12\r",
      "plannedDays": 5,
      "actualStartDate": "",
      "actualEndDate": "",
      "progress": "",
      "dependentId": "",
      "dependency": "",
      "isIncludeHolidays": false
    },
    "70819906-9543-4753-904c-44e9b880fc54": {
      "no": 21,
      "id": "70819906-9543-4753-904c-44e9b880fc54",
      "displayName": "Health department approval",
      "rowType": "Chart",
      "textColumn1": "",
      "textColumn2": "",
      "textColumn3": "",
      "color": "ABC",
      "plannedStartDate": "2025/9/15",
      "plannedEndDate": "2025/9/19\r",
      "plannedDays": 5,
      "actualStartDate": "",
      "actualEndDate": "",
      "progress": "",
      "dependentId": "",
      "dependency": "",
      "isIncludeHolidays": false
    },
    "427ad435-9d13-4bd4-b6a1-a7bd9bda5d87": {
      "no": 22,
      "id": "427ad435-9d13-4bd4-b6a1-a7bd9bda5d87",
      "displayName": "Fire department inspection",
      "rowType": "Chart",
      "textColumn1": "",
      "textColumn2": "",
      "textColumn3": "",
      "color": "ABC",
      "plannedStartDate": "2025/9/22",
      "plannedEndDate": "2025/9/26\r",
      "plannedDays": 5,
      "actualStartDate": "",
      "actualEndDate": "",
      "progress": "",
      "dependentId": "",
      "dependency": "",
      "isIncludeHolidays": false
    },
    "659234c0-e948-43d5-823b-5192c23a2c8f": {
      "no": 23,
      "id": "659234c0-e948-43d5-823b-5192c23a2c8f",
      "rowType": "Separator",
      "displayName": "Interior Design & Construction",
      "isCollapsed": false,
      "minStartDate": "",
      "maxEndDate": "",
      "level": 0
    },
    "abc90b77-765a-4dfa-9eb9-7533ca81bd5a": {
      "no": 24,
      "id": "abc90b77-765a-4dfa-9eb9-7533ca81bd5a",
      "rowType": "Separator",
      "displayName": "Design Planning",
      "isCollapsed": false,
      "minStartDate": "2025-09-29",
      "maxEndDate": "2025-10-24",
      "level": 1
    },
    "f5516c7a-514b-4910-b2f2-0101bab273a0": {
      "no": 25,
      "id": "f5516c7a-514b-4910-b2f2-0101bab273a0",
      "displayName": "Create floor plan",
      "rowType": "Chart",
      "textColumn1": "",
      "textColumn2": "",
      "textColumn3": "",
      "color": "DEF",
      "plannedStartDate": "2025/9/29",
      "plannedEndDate": "2025/10/3\r",
      "plannedDays": 5,
      "actualStartDate": "",
      "actualEndDate": "",
      "progress": "",
      "dependentId": "",
      "dependency": "",
      "isIncludeHolidays": false
    },
    "12713520-9318-4165-a5c6-af582219fcd4": {
      "no": 26,
      "id": "12713520-9318-4165-a5c6-af582219fcd4",
      "displayName": "Design kitchen layout",
      "rowType": "Chart",
      "textColumn1": "",
      "textColumn2": "",
      "textColumn3": "",
      "color": "DEF",
      "plannedStartDate": "2025/10/6",
      "plannedEndDate": "2025/10/10\r",
      "plannedDays": 5,
      "actualStartDate": "",
      "actualEndDate": "",
      "progress": "",
      "dependentId": "",
      "dependency": "",
      "isIncludeHolidays": false
    },
    "a49c6c1f-2756-4ce8-8dc4-2468a7a0a3ba": {
      "no": 27,
      "id": "a49c6c1f-2756-4ce8-8dc4-2468a7a0a3ba",
      "displayName": "Select interior theme",
      "rowType": "Chart",
      "textColumn1": "",
      "textColumn2": "",
      "textColumn3": "",
      "color": "DEF",
      "plannedStartDate": "2025/10/13",
      "plannedEndDate": "2025/10/17\r",
      "plannedDays": 4,
      "actualStartDate": "",
      "actualEndDate": "",
      "progress": "",
      "dependentId": "",
      "dependency": "",
      "isIncludeHolidays": false
    },
    "10dc0409-be6a-435c-a643-0e830d5c5ca0": {
      "no": 28,
      "id": "10dc0409-be6a-435c-a643-0e830d5c5ca0",
      "displayName": "Choose furniture and fixtures",
      "rowType": "Chart",
      "textColumn1": "",
      "textColumn2": "",
      "textColumn3": "",
      "color": "DEF",
      "plannedStartDate": "2025/10/20",
      "plannedEndDate": "2025/10/24\r",
      "plannedDays": 5,
      "actualStartDate": "",
      "actualEndDate": "",
      "progress": "",
      "dependentId": "",
      "dependency": "",
      "isIncludeHolidays": false
    },
    "ec1146cc-effe-451c-8311-eeb2f75dc99a": {
      "no": 29,
      "id": "ec1146cc-effe-451c-8311-eeb2f75dc99a",
      "rowType": "Separator",
      "displayName": "Construction & Renovation",
      "isCollapsed": false,
      "minStartDate": "2025-10-27",
      "maxEndDate": "2025-11-21",
      "level": 1
    },
    "98c8dcf3-eb01-4975-959c-2a6e1655d4be": {
      "no": 30,
      "id": "98c8dcf3-eb01-4975-959c-2a6e1655d4be",
      "displayName": "Kitchen construction",
      "rowType": "Chart",
      "textColumn1": "",
      "textColumn2": "",
      "textColumn3": "",
      "color": "DEF",
      "plannedStartDate": "2025/10/27",
      "plannedEndDate": "2025/11/7\r",
      "plannedDays": 10,
      "actualStartDate": "",
      "actualEndDate": "",
      "progress": "",
      "dependentId": "",
      "dependency": "",
      "isIncludeHolidays": false
    },
    "de96584f-6c31-4748-8a7e-a05e3e7bb975": {
      "no": 31,
      "id": "de96584f-6c31-4748-8a7e-a05e3e7bb975",
      "displayName": "Dining room renovation",
      "rowType": "Chart",
      "textColumn1": "",
      "textColumn2": "",
      "textColumn3": "",
      "color": "DEF",
      "plannedStartDate": "2025/11/3",
      "plannedEndDate": "2025/11/14\r",
      "plannedDays": 9,
      "actualStartDate": "",
      "actualEndDate": "",
      "progress": "",
      "dependentId": "",
      "dependency": "",
      "isIncludeHolidays": false
    },
    "2580bdf3-5b5e-4a47-86d1-9feca5c01941": {
      "no": 32,
      "id": "2580bdf3-5b5e-4a47-86d1-9feca5c01941",
      "displayName": "Install equipment",
      "rowType": "Chart",
      "textColumn1": "",
      "textColumn2": "",
      "textColumn3": "",
      "color": "DEF",
      "plannedStartDate": "2025/11/10",
      "plannedEndDate": "2025/11/17\r",
      "plannedDays": 5,
      "actualStartDate": "",
      "actualEndDate": "",
      "progress": "",
      "dependentId": "",
      "dependency": "",
      "isIncludeHolidays": false
    },
    "b31ac67f-c53a-4f3c-9191-237366d5f380": {
      "no": 33,
      "id": "b31ac67f-c53a-4f3c-9191-237366d5f380",
      "displayName": "Final inspections",
      "rowType": "Chart",
      "textColumn1": "",
      "textColumn2": "",
      "textColumn3": "",
      "color": "DEF",
      "plannedStartDate": "2025/11/18",
      "plannedEndDate": "2025/11/21\r",
      "plannedDays": 4,
      "actualStartDate": "",
      "actualEndDate": "",
      "progress": "",
      "dependentId": "",
      "dependency": "",
      "isIncludeHolidays": false
    },
    "b9ff997f-0dea-4c90-ac34-64f9e02abcab": {
      "no": 34,
      "id": "b9ff997f-0dea-4c90-ac34-64f9e02abcab",
      "rowType": "Separator",
      "displayName": "Staffing & Operations",
      "isCollapsed": false,
      "minStartDate": "",
      "maxEndDate": "",
      "level": 0
    },
    "8bcf47b3-c375-4803-bc4e-d879a6f94fac": {
      "no": 35,
      "id": "8bcf47b3-c375-4803-bc4e-d879a6f94fac",
      "rowType": "Separator",
      "displayName": "Staff Recruitment",
      "isCollapsed": false,
      "minStartDate": "2025-11-17",
      "maxEndDate": "2025-12-12",
      "level": 1
    },
    "1fa2eceb-cb3d-4fc3-9151-ba426a5a88b0": {
      "no": 36,
      "id": "1fa2eceb-cb3d-4fc3-9151-ba426a5a88b0",
      "displayName": "Hire head chef",
      "rowType": "Chart",
      "textColumn1": "",
      "textColumn2": "",
      "textColumn3": "",
      "color": "ABC",
      "plannedStartDate": "2025/11/17",
      "plannedEndDate": "2025/11/21\r",
      "plannedDays": 5,
      "actualStartDate": "",
      "actualEndDate": "",
      "progress": "",
      "dependentId": "",
      "dependency": "",
      "isIncludeHolidays": false
    },
    "6c008cda-c86c-4f13-bc74-fda57e855cf4": {
      "no": 37,
      "id": "6c008cda-c86c-4f13-bc74-fda57e855cf4",
      "displayName": "Recruit kitchen staff",
      "rowType": "Chart",
      "textColumn1": "",
      "textColumn2": "",
      "textColumn3": "",
      "color": "ABC",
      "plannedStartDate": "2025/11/24",
      "plannedEndDate": "2025/11/28\r",
      "plannedDays": 4,
      "actualStartDate": "",
      "actualEndDate": "",
      "progress": "",
      "dependentId": "",
      "dependency": "",
      "isIncludeHolidays": false
    },
    "37cebb25-d536-4d27-b374-4399a5c9601f": {
      "no": 38,
      "id": "37cebb25-d536-4d27-b374-4399a5c9601f",
      "displayName": "Hire servers and hosts",
      "rowType": "Chart",
      "textColumn1": "",
      "textColumn2": "",
      "textColumn3": "",
      "color": "ABC",
      "plannedStartDate": "2025/12/1",
      "plannedEndDate": "2025/12/5\r",
      "plannedDays": 5,
      "actualStartDate": "",
      "actualEndDate": "",
      "progress": "",
      "dependentId": "",
      "dependency": "",
      "isIncludeHolidays": false
    },
    "1755ac4f-cb76-458c-a42d-3d26c84d029b": {
      "no": 39,
      "id": "1755ac4f-cb76-458c-a42d-3d26c84d029b",
      "displayName": "Select management team",
      "rowType": "Chart",
      "textColumn1": "",
      "textColumn2": "",
      "textColumn3": "",
      "color": "ABC",
      "plannedStartDate": "2025/12/8",
      "plannedEndDate": "2025/12/12\r",
      "plannedDays": 5,
      "actualStartDate": "",
      "actualEndDate": "",
      "progress": "",
      "dependentId": "",
      "dependency": "",
      "isIncludeHolidays": false
    },
    "43273d21-cfeb-4491-8eec-5f7918041a57": {
      "no": 40,
      "id": "43273d21-cfeb-4491-8eec-5f7918041a57",
      "rowType": "Separator",
      "displayName": "Training & Preparation",
      "isCollapsed": false,
      "minStartDate": "2025-12-01",
      "maxEndDate": "2025-12-17",
      "level": 1
    },
    "bc3d65a3-d30a-47d9-b53a-ff742e9f1eaa": {
      "no": 41,
      "id": "bc3d65a3-d30a-47d9-b53a-ff742e9f1eaa",
      "displayName": "Staff training program",
      "rowType": "Chart",
      "textColumn1": "",
      "textColumn2": "",
      "textColumn3": "",
      "color": "ABC",
      "plannedStartDate": "2025/12/8",
      "plannedEndDate": "2025/12/12\r",
      "plannedDays": 5,
      "actualStartDate": "",
      "actualEndDate": "",
      "progress": "",
      "dependentId": "",
      "dependency": "",
      "isIncludeHolidays": false
    },
    "61d99a23-87a2-4c83-a0c6-0e85a3d4e1c5": {
      "no": 42,
      "id": "61d99a23-87a2-4c83-a0c6-0e85a3d4e1c5",
      "displayName": "Menu development",
      "rowType": "Chart",
      "textColumn1": "",
      "textColumn2": "",
      "textColumn3": "",
      "color": "ABC",
      "plannedStartDate": "2025/12/1",
      "plannedEndDate": "2025/12/8\r",
      "plannedDays": 6,
      "actualStartDate": "",
      "actualEndDate": "",
      "progress": "",
      "dependentId": "",
      "dependency": "",
      "isIncludeHolidays": false
    },
    "352610e1-201c-4802-bef3-78f655be7dfd": {
      "no": 43,
      "id": "352610e1-201c-4802-bef3-78f655be7dfd",
      "displayName": "Test kitchen operations",
      "rowType": "Chart",
      "textColumn1": "",
      "textColumn2": "",
      "textColumn3": "",
      "color": "ABC",
      "plannedStartDate": "2025/12/13",
      "plannedEndDate": "2025/12/15\r",
      "plannedDays": 1,
      "actualStartDate": "",
      "actualEndDate": "",
      "progress": "",
      "dependentId": "",
      "dependency": "",
      "isIncludeHolidays": false
    },
    "02bc360e-3a4d-442d-8772-ba9eb95d08fa": {
      "no": 44,
      "id": "02bc360e-3a4d-442d-8772-ba9eb95d08fa",
      "displayName": "Service training",
      "rowType": "Chart",
      "textColumn1": "",
      "textColumn2": "",
      "textColumn3": "",
      "color": "ABC",
      "plannedStartDate": "2025/12/16",
      "plannedEndDate": "2025/12/17\r",
      "plannedDays": 2,
      "actualStartDate": "",
      "actualEndDate": "",
      "progress": "",
      "dependentId": "",
      "dependency": "",
      "isIncludeHolidays": false
    },
    "a6a5ba6e-faea-4e54-b342-768cd54a46d5": {
      "no": 45,
      "id": "a6a5ba6e-faea-4e54-b342-768cd54a46d5",
      "rowType": "Separator",
      "displayName": "Marketing & Launch",
      "isCollapsed": false,
      "minStartDate": "",
      "maxEndDate": "",
      "level": 0
    },
    "2584b373-10cf-4a24-b078-849516902b1f": {
      "no": 46,
      "id": "2584b373-10cf-4a24-b078-849516902b1f",
      "rowType": "Separator",
      "displayName": "Pre-Opening Marketing",
      "isCollapsed": false,
      "minStartDate": "2025-11-24",
      "maxEndDate": "2025-12-17",
      "level": 1
    },
    "becc3a4d-ca52-4b70-93e4-bfa867e4586f": {
      "no": 47,
      "id": "becc3a4d-ca52-4b70-93e4-bfa867e4586f",
      "displayName": "Create brand identity",
      "rowType": "Chart",
      "textColumn1": "",
      "textColumn2": "",
      "textColumn3": "",
      "color": "GHI",
      "plannedStartDate": "2025/11/24",
      "plannedEndDate": "2025/11/28\r",
      "plannedDays": 4,
      "actualStartDate": "",
      "actualEndDate": "",
      "progress": "",
      "dependentId": "",
      "dependency": "",
      "isIncludeHolidays": false
    },
    "ef6c1050-b6cc-4237-aa32-f511182f5b15": {
      "no": 48,
      "id": "ef6c1050-b6cc-4237-aa32-f511182f5b15",
      "displayName": "Build website",
      "rowType": "Chart",
      "textColumn1": "",
      "textColumn2": "",
      "textColumn3": "",
      "color": "GHI",
      "plannedStartDate": "2025/12/1",
      "plannedEndDate": "2025/12/5\r",
      "plannedDays": 5,
      "actualStartDate": "",
      "actualEndDate": "",
      "progress": "",
      "dependentId": "",
      "dependency": "",
      "isIncludeHolidays": false
    },
    "c87708cb-f2a7-4b5a-aacf-bbea78288296": {
      "no": 49,
      "id": "c87708cb-f2a7-4b5a-aacf-bbea78288296",
      "displayName": "Social media setup",
      "rowType": "Chart",
      "textColumn1": "",
      "textColumn2": "",
      "textColumn3": "",
      "color": "GHI",
      "plannedStartDate": "2025/12/8",
      "plannedEndDate": "2025/12/12\r",
      "plannedDays": 5,
      "actualStartDate": "",
      "actualEndDate": "",
      "progress": "",
      "dependentId": "",
      "dependency": "",
      "isIncludeHolidays": false
    },
    "1f6d25dd-3aee-4aaf-8ef1-773c609df05c": {
      "no": 50,
      "id": "1f6d25dd-3aee-4aaf-8ef1-773c609df05c",
      "displayName": "Local advertising",
      "rowType": "Chart",
      "textColumn1": "",
      "textColumn2": "",
      "textColumn3": "",
      "color": "GHI",
      "plannedStartDate": "2025/12/15",
      "plannedEndDate": "2025/12/17\r",
      "plannedDays": 3,
      "actualStartDate": "",
      "actualEndDate": "",
      "progress": "",
      "dependentId": "",
      "dependency": "",
      "isIncludeHolidays": false
    },
    "6e4cfcf7-2944-4bbb-9f1c-d0a054f13a33": {
      "no": 51,
      "id": "6e4cfcf7-2944-4bbb-9f1c-d0a054f13a33",
      "rowType": "Separator",
      "displayName": "Soft Opening",
      "isCollapsed": false,
      "minStartDate": "2025-12-18",
      "maxEndDate": "2025-12-19",
      "level": 1
    },
    "41b5838e-a54c-4577-b200-350f552849c1": {
      "no": 52,
      "id": "41b5838e-a54c-4577-b200-350f552849c1",
      "displayName": "Invite friends and family",
      "rowType": "Chart",
      "textColumn1": "",
      "textColumn2": "",
      "textColumn3": "",
      "color": "ABC",
      "plannedStartDate": "2025/12/18",
      "plannedEndDate": "2025/12/18\r",
      "plannedDays": 1,
      "actualStartDate": "",
      "actualEndDate": "",
      "progress": "",
      "dependentId": "",
      "dependency": "",
      "isIncludeHolidays": false
    },
    "1b9033d2-d8c3-48e9-b930-2138827b045f": {
      "no": 53,
      "id": "1b9033d2-d8c3-48e9-b930-2138827b045f",
      "displayName": "Test service operations",
      "rowType": "Chart",
      "textColumn1": "",
      "textColumn2": "",
      "textColumn3": "",
      "color": "ABC",
      "plannedStartDate": "2025/12/18",
      "plannedEndDate": "2025/12/18\r",
      "plannedDays": 1,
      "actualStartDate": "",
      "actualEndDate": "",
      "progress": "",
      "dependentId": "",
      "dependency": "",
      "isIncludeHolidays": false
    },
    "62010878-04ba-4bfa-845a-b65952bebc9b": {
      "no": 54,
      "id": "62010878-04ba-4bfa-845a-b65952bebc9b",
      "displayName": "Gather feedback",
      "rowType": "Chart",
      "textColumn1": "",
      "textColumn2": "",
      "textColumn3": "",
      "color": "ABC",
      "plannedStartDate": "2025/12/19",
      "plannedEndDate": "2025/12/19\r",
      "plannedDays": 1,
      "actualStartDate": "",
      "actualEndDate": "",
      "progress": "",
      "dependentId": "",
      "dependency": "",
      "isIncludeHolidays": false
    },
    "a30b94ca-260a-4c33-8a77-22632679721c": {
      "no": 55,
      "id": "a30b94ca-260a-4c33-8a77-22632679721c",
      "displayName": "Make final adjustments",
      "rowType": "Chart",
      "textColumn1": "",
      "textColumn2": "",
      "textColumn3": "",
      "color": "ABC",
      "plannedStartDate": "2025/12/19",
      "plannedEndDate": "2025/12/19\r",
      "plannedDays": 1,
      "actualStartDate": "",
      "actualEndDate": "",
      "progress": "",
      "dependentId": "",
      "dependency": "",
      "isIncludeHolidays": false
    },
    "3bee6450-4a87-4df8-af8d-21d9fc80cce9": {
      "no": 56,
      "id": "3bee6450-4a87-4df8-af8d-21d9fc80cce9",
      "rowType": "Separator",
      "displayName": "Grand Opening",
      "isCollapsed": false,
      "minStartDate": "2025-12-22",
      "maxEndDate": "2025-12-22",
      "level": 0
    },
    "e5439197-90be-4301-8b6d-d183c562b0b2": {
      "no": 57,
      "id": "e5439197-90be-4301-8b6d-d183c562b0b2",
      "displayName": "Grand opening event",
      "rowType": "Chart",
      "textColumn1": "",
      "textColumn2": "",
      "textColumn3": "",
      "color": "ABC",
      "plannedStartDate": "2025/12/22",
      "plannedEndDate": "2025/12/22",
      "plannedDays": 1,
      "actualStartDate": "",
      "actualEndDate": "",
      "progress": "",
      "dependentId": "",
      "dependency": "",
      "isIncludeHolidays": false
    },
    "abeec0be-d1be-43d4-9b29-2b0b929ab4ef": {
      "no": 58,
      "id": "abeec0be-d1be-43d4-9b29-2b0b929ab4ef",
      "displayName": "Media and press coverage",
      "rowType": "Chart",
      "textColumn1": "",
      "textColumn2": "",
      "textColumn3": "",
      "color": "GHI",
      "plannedStartDate": "2025/12/22",
      "plannedEndDate": "2025/12/22",
      "plannedDays": 1,
      "actualStartDate": "",
      "actualEndDate": "",
      "progress": "",
      "dependentId": "",
      "dependency": "",
      "isIncludeHolidays": false
    },
    "358cd2b6-17b4-4461-a708-8bcd1e584449": {
      "no": 59,
      "id": "358cd2b6-17b4-4461-a708-8bcd1e584449",
      "displayName": "Customer service launch",
      "rowType": "Chart",
      "textColumn1": "",
      "textColumn2": "",
      "textColumn3": "",
      "color": "ABC",
      "plannedStartDate": "2025/12/22",
      "plannedEndDate": "2025/12/22",
      "plannedDays": 1,
      "actualStartDate": "",
      "actualEndDate": "",
      "progress": "",
      "dependentId": "",
      "dependency": "",
      "isIncludeHolidays": false
    },
    "eab6a9c7-de03-4931-9d21-cb1589dae42c": {
      "no": 60,
      "id": "eab6a9c7-de03-4931-9d21-cb1589dae42c",
      "displayName": "Monitor operations",
      "rowType": "Chart",
      "textColumn1": "",
      "textColumn2": "",
      "textColumn3": "",
      "color": "ABC",
      "plannedStartDate": "2025/12/22",
      "plannedEndDate": "2025/12/22",
      "plannedDays": 1,
      "actualStartDate": "",
      "actualEndDate": "",
      "progress": "",
      "dependentId": "",
      "dependency": "",
      "isIncludeHolidays": false
    },
    "747f80b0-8aea-4c12-bc8b-03a90145c648": {
      "no": 61,
      "id": "747f80b0-8aea-4c12-bc8b-03a90145c648",
      "displayName": "",
      "rowType": "Chart",
      "textColumn1": "",
      "textColumn2": "",
      "textColumn3": "",
      "color": "",
      "plannedStartDate": "",
      "plannedEndDate": "",
      "plannedDays": null,
      "actualStartDate": "",
      "actualEndDate": "",
      "progress": "",
      "dependentId": "",
      "dependency": "",
      "isIncludeHolidays": false
    },
    "039b1889-a878-4c08-b3b0-6ca2757c88da": {
      "no": 62,
      "id": "039b1889-a878-4c08-b3b0-6ca2757c88da",
      "displayName": "",
      "rowType": "Chart",
      "textColumn1": "",
      "textColumn2": "",
      "textColumn3": "",
      "color": "",
      "plannedStartDate": "",
      "plannedEndDate": "",
      "plannedDays": null,
      "actualStartDate": "",
      "actualEndDate": "",
      "progress": "",
      "dependentId": "",
      "dependency": "",
      "isIncludeHolidays": false
    },
    "4f0ef668-92f1-4011-b968-b615d50e7f2d": {
      "no": 63,
      "id": "4f0ef668-92f1-4011-b968-b615d50e7f2d",
      "displayName": "",
      "rowType": "Chart",
      "textColumn1": "",
      "textColumn2": "",
      "textColumn3": "",
      "color": "",
      "plannedStartDate": "",
      "plannedEndDate": "",
      "plannedDays": null,
      "actualStartDate": "",
      "actualEndDate": "",
      "progress": "",
      "dependentId": "",
      "dependency": "",
      "isIncludeHolidays": false
    },
    "b7577b03-1e7e-4794-b6c6-aeeaac013e09": {
      "no": 64,
      "id": "b7577b03-1e7e-4794-b6c6-aeeaac013e09",
      "displayName": "",
      "rowType": "Chart",
      "textColumn1": "",
      "textColumn2": "",
      "textColumn3": "",
      "color": "",
      "plannedStartDate": "",
      "plannedEndDate": "",
      "plannedDays": null,
      "actualStartDate": "",
      "actualEndDate": "",
      "progress": "",
      "dependentId": "",
      "dependency": "",
      "isIncludeHolidays": false
    },
    "204dc836-bfad-407e-be9b-12e9d0c54f75": {
      "no": 65,
      "id": "204dc836-bfad-407e-be9b-12e9d0c54f75",
      "displayName": "",
      "rowType": "Chart",
      "textColumn1": "",
      "textColumn2": "",
      "textColumn3": "",
      "color": "",
      "plannedStartDate": "",
      "plannedEndDate": "",
      "plannedDays": null,
      "actualStartDate": "",
      "actualEndDate": "",
      "progress": "",
      "dependentId": "",
      "dependency": "",
      "isIncludeHolidays": false
    },
    "0cfc2bb3-6fa6-4bef-ad81-73ac363ac131": {
      "no": 66,
      "id": "0cfc2bb3-6fa6-4bef-ad81-73ac363ac131",
      "displayName": "",
      "rowType": "Chart",
      "textColumn1": "",
      "textColumn2": "",
      "textColumn3": "",
      "color": "",
      "plannedStartDate": "",
      "plannedEndDate": "",
      "plannedDays": null,
      "actualStartDate": "",
      "actualEndDate": "",
      "progress": "",
      "dependentId": "",
      "dependency": "",
      "isIncludeHolidays": false
    },
    "4f5ce9bc-dffc-4509-be26-d5329b222fd1": {
      "no": 67,
      "id": "4f5ce9bc-dffc-4509-be26-d5329b222fd1",
      "displayName": "",
      "rowType": "Chart",
      "textColumn1": "",
      "textColumn2": "",
      "textColumn3": "",
      "color": "",
      "plannedStartDate": "",
      "plannedEndDate": "",
      "plannedDays": null,
      "actualStartDate": "",
      "actualEndDate": "",
      "progress": "",
      "dependentId": "",
      "dependency": "",
      "isIncludeHolidays": false
    },
    "3ce85377-5c4c-40a6-8ad1-4e615aec50ef": {
      "no": 68,
      "id": "3ce85377-5c4c-40a6-8ad1-4e615aec50ef",
      "displayName": "",
      "rowType": "Chart",
      "textColumn1": "",
      "textColumn2": "",
      "textColumn3": "",
      "color": "",
      "plannedStartDate": "",
      "plannedEndDate": "",
      "plannedDays": null,
      "actualStartDate": "",
      "actualEndDate": "",
      "progress": "",
      "dependentId": "",
      "dependency": "",
      "isIncludeHolidays": false
    },
    "d52d1d37-ddea-4f7d-83e6-ce984634837b": {
      "no": 69,
      "id": "d52d1d37-ddea-4f7d-83e6-ce984634837b",
      "displayName": "",
      "rowType": "Chart",
      "textColumn1": "",
      "textColumn2": "",
      "textColumn3": "",
      "color": "",
      "plannedStartDate": "",
      "plannedEndDate": "",
      "plannedDays": null,
      "actualStartDate": "",
      "actualEndDate": "",
      "progress": "",
      "dependentId": "",
      "dependency": "",
      "isIncludeHolidays": false
    },
    "f5b887c4-8800-49d0-9164-8776dd564b1d": {
      "no": 70,
      "id": "f5b887c4-8800-49d0-9164-8776dd564b1d",
      "displayName": "",
      "rowType": "Chart",
      "textColumn1": "",
      "textColumn2": "",
      "textColumn3": "",
      "color": "",
      "plannedStartDate": "",
      "plannedEndDate": "",
      "plannedDays": null,
      "actualStartDate": "",
      "actualEndDate": "",
      "progress": "",
      "dependentId": "",
      "dependency": "",
      "isIncludeHolidays": false
    },
    "5f8f4091-60da-4059-8ec6-9c55ac5ee63a": {
      "no": 71,
      "id": "5f8f4091-60da-4059-8ec6-9c55ac5ee63a",
      "displayName": "",
      "rowType": "Chart",
      "textColumn1": "",
      "textColumn2": "",
      "textColumn3": "",
      "color": "",
      "plannedStartDate": "",
      "plannedEndDate": "",
      "plannedDays": null,
      "actualStartDate": "",
      "actualEndDate": "",
      "progress": "",
      "dependentId": "",
      "dependency": "",
      "isIncludeHolidays": false
    },
    "f60f10a9-fd29-4eee-ba9e-a5d1619d4d57": {
      "no": 72,
      "id": "f60f10a9-fd29-4eee-ba9e-a5d1619d4d57",
      "displayName": "",
      "rowType": "Chart",
      "textColumn1": "",
      "textColumn2": "",
      "textColumn3": "",
      "color": "",
      "plannedStartDate": "",
      "plannedEndDate": "",
      "plannedDays": null,
      "actualStartDate": "",
      "actualEndDate": "",
      "progress": "",
      "dependentId": "",
      "dependency": "",
      "isIncludeHolidays": false
    }
  },
  "holidayInput": "01/01/2022 Sat New Year's Day\r\n01/17/2022 Mon Martin Luther King Jr. Day\r\n02/21/2022 Mon Washington's Birthday\r\n05/30/2022 Mon Memorial Day\r\n06/19/2022 Sun Juneteenth\r\n06/20/2022 Mon Juneteenth (substitute day)\r\n07/04/2022 Mon Independence Day\r\n09/05/2022 Mon Labour Day\r\n10/10/2022 Mon Columbus Day\r\n11/11/2022 Fri Veterans Day\r\n11/24/2022 Thu Thanksgiving Day\r\n12/24/2022 Sat Christmas Eve\r\n12/25/2022 Sun Christmas Day\r\n12/26/2022 Mon Christmas Day (substitute day)\r\n01/01/2023 Sun New Year's Day\r\n01/02/2023 Mon New Year's Day (substitute day)\r\n01/16/2023 Mon Martin Luther King Jr. Day\r\n02/20/2023 Mon Washington's Birthday\r\n05/29/2023 Mon Memorial Day\r\n06/19/2023 Mon Juneteenth\r\n07/04/2023 Tue Independence Day\r\n09/04/2023 Mon Labour Day\r\n10/09/2023 Mon Columbus Day\r\n11/10/2023 Fri Veterans Day (substitute day)\r\n11/11/2023 Sat Veterans Day\r\n11/23/2023 Thu Thanksgiving Day\r\n12/24/2023 Sun Christmas Eve\r\n12/25/2023 Mon Christmas Day\r\n01/01/2024 Mon New Year's Day\r\n01/15/2024 Mon Martin Luther King Jr. Day\r\n02/19/2024 Mon Washington's Birthday\r\n05/27/2024 Mon Memorial Day\r\n06/19/2024 Wed Juneteenth\r\n07/04/2024 Thu Independence Day\r\n09/02/2024 Mon Labour Day\r\n10/14/2024 Mon Columbus Day\r\n11/11/2024 Mon Veterans Day\r\n11/28/2024 Thu Thanksgiving Day\r\n12/24/2024 Tue Christmas Eve\r\n12/25/2024 Wed Christmas Day\r\n01/01/2025 Wed New Year's Day\r\n01/20/2025 Mon Martin Luther King Jr. Day\r\n02/17/2025 Mon Washington's Birthday\r\n05/26/2025 Mon Memorial Day\r\n06/19/2025 Thu Juneteenth\r\n07/04/2025 Fri Independence Day\r\n09/01/2025 Mon Labour Day\r\n10/13/2025 Mon Columbus Day\r\n11/11/2025 Tue Veterans Day\r\n11/27/2025 Thu Thanksgiving Day\r\n12/24/2025 Wed Christmas Eve\r\n12/25/2025 Thu Christmas Day\r\n01/01/2026 Thu New Year's Day\r\n01/19/2026 Mon Martin Luther King Jr. Day\r\n02/16/2026 Mon Washington's Birthday\r\n05/25/2026 Mon Memorial Day\r\n06/19/2026 Fri Juneteenth\r\n07/03/2026 Fri Independence Day (substitute day)\r\n07/04/2026 Sat Independence Day\r\n09/07/2026 Mon Labour Day\r\n10/12/2026 Mon Columbus Day\r\n11/11/2026 Wed Veterans Day\r\n11/26/2026 Thu Thanksgiving Day\r\n12/24/2026 Thu Christmas Eve\r\n12/25/2026 Fri Christmas Day\r\n01/01/2027 Fri New Year's Day\r\n01/18/2027 Mon Martin Luther King Jr. Day\r\n02/15/2027 Mon Washington's Birthday\r\n05/31/2027 Mon Memorial Day\r\n06/18/2027 Fri Juneteenth (substitute day)\r\n06/19/2027 Sat Juneteenth\r\n07/04/2027 Sun Independence Day\r\n07/05/2027 Mon Independence Day (substitute day)\r\n09/06/2027 Mon Labour Day\r\n10/11/2027 Mon Columbus Day\r\n11/11/2027 Thu Veterans Day\r\n11/25/2027 Thu Thanksgiving Day\r\n12/24/2027 Fri Christmas Day (substitute day)\r\n12/24/2027 Fri Christmas Eve\r\n12/25/2027 Sat Christmas Day\r\n12/31/2027 Fri New Year's Day (substitute day)\r\n01/01/2028 Sat New Year's Day\r\n01/17/2028 Mon Martin Luther King Jr. Day\r\n02/21/2028 Mon Washington's Birthday\r\n05/29/2028 Mon Memorial Day\r\n06/19/2028 Mon Juneteenth\r\n07/04/2028 Tue Independence Day\r\n09/04/2028 Mon Labour Day\r\n10/09/2028 Mon Columbus Day\r\n11/10/2028 Fri Veterans Day (substitute day)\r\n11/11/2028 Sat Veterans Day\r\n11/23/2028 Thu Thanksgiving Day\r\n12/24/2028 Sun Christmas Eve\r\n12/25/2028 Mon Christmas Day\r\n01/01/2029 Mon New Year's Day\r\n01/15/2029 Mon Martin Luther King Jr. Day\r\n02/19/2029 Mon Washington's Birthday\r\n05/28/2029 Mon Memorial Day\r\n06/19/2029 Tue Juneteenth\r\n07/04/2029 Wed Independence Day\r\n09/03/2029 Mon Labour Day\r\n10/08/2029 Mon Columbus Day\r\n11/11/2029 Sun Veterans Day\r\n11/12/2029 Mon Veterans Day (substitute day)\r\n11/22/2029 Thu Thanksgiving Day\r\n12/24/2029 Mon Christmas Eve\r\n12/25/2029 Tue Christmas Day",
  "holidayColor": {
    "color": "rgba(239, 239, 239, 1)",
    "subColor": "rgba(239,239,239,0.5)"
  },
  "regularDaysOffSetting": {
    "1": {
      "color": "#d9e6ff",
      "subColor": "#d9e6ff80",
      "days": []
    },
    "2": {
      "color": "#ffdcdc",
      "subColor": "#ffdcdc80",
      "days": []
    },
    "3": {
      "color": "#EFEFEF",
      "subColor": "#EFEFEF80",
      "days": [
        0,
        6
      ]
    }
  },
  "wbsWidth": 583,
  "calendarWidth": 3920,
  "cellWidth": 10,
  "title": "【Sample】Restaurant Opening Project",
  "showYear": false,
  "dateFormat": "M/d/yyyy",
  "treeData": [],
  "noteData": {},
  "language": "en"
}